location_name,address_line_1,city,state,postcode
"Canberra Institute of Technology - City Campus - Constitution Ave, REID",37 Constitution Ave,REID,ACT,2612
"Canberra Institute of Technology - Vowels cresent, BRUCE",Vowels cres,BRUCE,ACT,2617
CIT Tuggeranong,CIT Tuggeranong - 205 Anketell St,GREENWAY,ACT,2900
Macquarie University Sydney City Campus (Angel Place),Levels 23 & 24,Sydney,NSW,2000
Macquarie University Wallumattagal Campus at North Ryde,Balaclava Rd,NORTH RYDE,NSW,2113
"Church Street, Parramatta campus",211 Church St,Parramatta,NSW,2150
"Level 3, 112-118 Rundle Mall, Adelaide SA 5000","Level 3, 112-118 Rundle Mall",Adelaide,SA,5000
"Level 3, 68 Grenfell Street, Adelaide","Level 3, 68 Grenfell Street",Adelaide,SA,5000
"Level 4, 100 George Street, Parramatta campus",Level 4,Parramatta,NSW,2150
University of New England,17 Arts Rd,ARMIDALE,NSW,2351
University of New England (ELICOS operations),English Language Centre,ARMIDALE,NSW,2350
Australian Catholic University - Brisbane Leadership Centre,"Level 3, 229 Elizabeth Street",Brisbane,QLD,4000
Australian Catholic University-Ballarat Campus,1200 Mair St,Ballarat,VIC,3350
Australian Catholic University-Blacktown CBD Campus,22 Main St,Blacktown,NSW,2148
Australian Catholic University-Brisbane Campus,1100 Nudgee Rd,BANYO,QLD,4014
Australian Catholic University-Canberra Campus,223 Antill St,Watson,ACT,2602
Australian Catholic University-Melbourne Campus,Victoria Pde,FITZROY,VIC,3065
Australian Catholic University-North Sydney Campus,40 Edward St,NORTH SYDNEY,NSW,2060
Strathfield Campus,25A Barker Rd,STRATHFIELD,NSW,2135
"77 Berry St, North Sydney, NSW 2060",77 Berry Street,North Sydney,NSW,2060
Albury,Elizabeth Mitchell Dr,Thurgoona,NSW,2640
Bathurst,Panorama Ave,Bathurst,NSW,2795
CSU Study Centre Melbourne,30 Church Lane,Melbourne,VIC,3000
Dubbo,Tony McGrane Pl,Dubbo,NSW,2830
Holmesglen Institute of TAFE,1 Batesford Rd,CHADSTONE,VIC,3148
"Level 3, 222 Bourke Street, Melbourne, VIC, 3000","Level 3, 222 Bourke Street",Melbourne,VIC,3000
Orange,Leeds Pde,Orange,NSW,2800
Port Macquarie (7 Major Innes Road),7 Major Innes Rd,Port Macquarie,NSW,2444
St Marks Theological Centre,15 Blackall St,Barton,ACT,2600
United Theological College,16 Masons Dr,North Parramatta,NSW,2800
Wagga Wagga,Boorooma St,Wagga Wagga,NSW,2675
Alfred Hospital Precinct,"Level 6, Alfred Centre",Melbourne,VIC,3004
Churchill,Northways Rd,Churchill,VIC,3842
Monash Caulfield,900 Dandenong Rd,Caulfield East,VIC,3145
Monash City,Level 7,Melbourne,VIC,3000
Monash Clayton,Wellington Rd,CLAYTON,VIC,3800
Monash Collins Street,750 Collins Street,Docklands,VIC,3008
Monash Law Chambers,555 Lonsdale St,Melbourne,VIC,3000
Monash Parkville,381 Royal Pde,Parkville,VIC,3052
Monash Peninsula,Moorooduc Hwy,Frankston,VIC,3199
"180 Princess Street, Werribee VIC",180 Princess St,Werribee,VIC,3030
185 St Albans Road,185 St Albans Rd,East Geelong,VIC,3219
24 Watton St WERRIBEE,24 Watton St,WERRIBEE,VIC,3030
Gordon Institute of TAFE - GEELONG,2 Fenwick St,GEELONG,VIC,3220
206 Bourke St MELBOURNE VIC,206 Bourke St,Melbourne,VIC,3000
Chadstone Campus,1 Batesford Rd,CHADSTONE,VIC,3148
City Campus,332 St Kilda Rd,Southbank,VIC,3006
Moorabbin Campus,488 South Rd,Moorabbin,VIC,3189
Waverley Campus,585 Waverly Rd,Glen Waverley,VIC,3150
"Bond Brisbane, Level 2, 433 Boundary Street,QLD","Bond Brisbane, Level 2, 433 Boundary Street",Spring Hill,QLD,4000
Gold Coast campus,14 University Drive,ROBINA,QLD,4226
Aberfoyle Park High School,36A Taylors Rd W,Aberfoyle Park,SA,5159
Adelaide High School,West Tce,Adelaide,SA,5000
Adelaide Secondary School of English,253 Torrens Rd,Croydon,SA,5008
Allenby Gardens Primary School,Barham St,Allenby Gardens,SA,5009
Angaston Primary School,5 Moculta Rd,Angaston,SA,5353
Australian Science and Mathematics School,Flinders University,Bedford Park,SA,5042
Avenues College,McKay Ave,WINDSOR GARDENS,SA,5087
Balaklava High School,14 Gwy Terrace,Balaklava,SA,5461
Banksia Park International High School,610 Milne Rd,Banksia Park,SA,5091
Bellevue Heights Primary School,7 Vaucluse Cres,Bellevue Heights,SA,5050
Birdwood High School,Shannon St,Birdwood,SA,5234
Blackwood High School,4 Seymour St,Eden Hills,SA,5050
Blackwood Primary School,4 Seymour St,Eden Hills,SA,5050
Brighton Secondary School,305 Brighton Rd,Brighton North,SA,5048
Charles Campbell College,3 Campbell Rd,Paradise,SA,5075
Christies Beach High School and Southern Vocational College,Morton Road,CHRISTIE DOWNS,SA,5164
Clapham Primary School,Barretts Rd,Clapham,SA,5062
Clare High School,Elliot St,Clare,SA,5453
Cleve Area School,Second Street,Cleve,SA,5640
Clovelly Park Primary School,1 Renown Pl,Clovelly Park,SA,5042
Colonel Light Gardens Primary School,Windsor Ave,Colonel Light Gardens,SA,5041
Coromandel Valley Primary School,339 Main Rd,Coromandel Valley,SA,5051
Crafers Primary School,55 Piccadilly Road,Crafers,SA,5152
Darlington Primary School,9 White Cres,Seacombe Gardens,SA,5047
Department for Education,Ground Floor West,ADELAIDE,SA,5000
East Marden Primary School,43 James St,Campbelltown,SA,5074
East Torrens Primary School,12 Robson Road,Hectorville,SA,5073
Eastern Fleurieu R - 12 School,11 Callington Rd,Strathalbyn,SA,5255
Eden Hills Primary School,78 Wilpena St,Eden Hills,SA,5050
Findon High School,Drummond Ave,Findon,SA,5023
Flinders Park Primary School,70 Holbrooks Road,Flinders Park,SA,5025
Forbes Primary School,80 Thomas St,South Plympton,SA,5038
Gawler and District College B-12,Barnet Rd,EVANSTON,SA,5116
Gilles Street Primary School,91 Gilles St,Adelaide,SA,5000
Glen Osmond Primary School,5 Fisher St,Myrtle Bank,SA,5064
Glenelg Primary School,Diagonal Rd,Glenelg East,SA,5045
Glenunga International High School,99 L'Estrange St,Glenunga,SA,5064
Golden Grove High School,Adey Pl,Golden Grove,SA,5125
Goodwood Primary School,140 Goodwood Rd,Goodwood,SA,5037
Hallett Cove School,2 Gledsdale Rd,Hallett Cove,SA,5158
Hamilton Secondary College,815 Marion Rd,Mitchell Park,SA,5043
Hampstead Primary School,38-56 Muller Road,Greenacres,SA,5086
Hawthorndene Primary School,Suffolk Rd,Hawthorndene,SA,5051
Heathfield High School,99 Longwood Rd,Heathfield,SA,5153
Henley High School,Cudmore Tce,Henley Beach,SA,5002
Highgate School,27 Avenue Rd,Highgate,SA,5063
Ingle Farm Primary School,2 Belalie Rd,INGLE FARM,SA,5098
John Pirie Secondary School,40 Mary Elie St,PORT PIRIE,SA,5540
Kangaroo Island Community Education,5 Centenary Ave,Kingscote,SA,5223
Kapunda High School,West Tce,Kapunda,SA,5373
Kidman Park Primary School,Dean Ave,KIDMAN PARK,SA,5025
Kilkenny Primary School,Jane St,West Croydon,SA,5088
Le Fevre Peninsula Primary School,Shorney St,Birkenhead,SA,5015
Lockleys Primary School,29 Elston St,Brooklyn Park,SA,5032
Loxton High School,1889 Bookpurnong Road,Loxton,SA,5333
Lucindale Area School,116 Gum Ave,LUCINDALE,SA,5272
Marden Senior College,1-37 Marden Road,Marden,SA,5070
Marion Primary School,2 Malcolm Ave,MARION,SA,5043
Marryatville High School,170 Kensington Rd,Marryatville,SA,5068
Marryatville Primary School,Dankel Ave,Kensington,SA,5068
Mawson Lakes School,Garden Tce,Mawson Lakes,SA,5095
Millicent High School,Mount Burr Rd,Millicent,SA,5280
Mitcham Girls High School,Kyre Ave,Kingswood,SA,5062
Modbury High School,62 Pompoota Rd,MODBURY,SA,5092
Moonta Area School,Moonta Area School,MOONTA,SA,5558
Mount Barker High School,2 Wellington Rd,Mount Barker,SA,5251
Mount Compass Area School,School Rd,Mount Compass,SA,5210
Mount Gambier High School,Brownes Rd,Mount Gambier,SA,5290
Mount Gambier North Primary School,Heath Street,MOUNT GAMBIER,SA,5290
Murray Bridge High School,Lohmann St,Murray Bridge,SA,5253
Naracoorte High School,Stewart Tce,Naracoorte,SA,5271
Newbery Park Primary School,Bridges St,Millicent,SA,5280
Norwood International High School,505 The Pde,Magill,SA,5072
Norwood Primary School,96 Beulah Rd,Norwood,SA,5067
Nuriootpa High School,Penrice Rd,Nuriootpa,SA,5355
Oakbank Area School,154 Onkaparinga Valley Rd,OAKBANK,SA,5243
Para Hills High School,90 Beafield Rd,Para Hills,SA,5096
Paradise Primary School,100 George St,Paradise,SA,5075
Parafield Gardens High School,15 Shepherdson Rd,Parafield Gardens,SA,5107
Paralowie R-12 School,168-186 Whites Road,Paralowie,SA,5108
Pennington School R-6,Butler Avenue,PENNINGTON,SA,5013
Pimpala Primary School,24 Vanstone Avenue,Morphett Vale,SA,5162
Playford Primary School,216 Adams Rd,CRAIGMORE,SA,5114
Plympton International College,21a Errington St,Plympton,SA,5038
Prospect North Primary School,30 Stuart Road,PROSPECT,SA,5082
Prospect Primary School,27 Gladstone Rd,PROSPECT,SA,5082
Renmark High School,Thurk St,Renmark,SA,5341
Renmark Primary School,58 Murtho St,Renmark,SA,5341
Reynella East College,63 Malbeck Dr,Reynella East,SA,5161
Richmond Primary School,8 Surrey Road,Keswick,SA,5035
Risdon Park Primary School,Kingston Road,Port Pirie,SA,5540
Roma Mitchell Secondary College,181 Hampstead Rd,Northfield,SA,5085
Rose Park Primary School,54 Alexandra Ave,Rose Park,SA,5067
Roxby Downs Area School,7 Richardson Place,Roxby Downs,SA,5725
Salisbury East High School,50 Smith Road,Salisbury East,SA,5109
Salisbury North Primary School,38 Bagster Rd,Salisbury North,SA,5108
Seaford Secondary School,Lynton Tce,Seaford,SA,5169
Seaton High School,Glenburnie St,Seaton,SA,5023
St Leonards Primary School,Jervois St,Glenelg North,SA,5045
Stradbroke School,73 Koonga Ave,Rostrevor,SA,5073
Sturt Street Community School,221 Sturt St,Adelaide,SA,5000
Surrey Downs R-7 School,16 Vine St,Surrey Downs,SA,5126
The Heights School,Brunel Dr,Modbury Heights,SA,5092
The Pines School,42 Andrew Smith Dr,Parafield Gardens,SA,5017
Thebarton Senior College,40 Ashley St,Torrensville,SA,5031
Thorndon Park Primary School,71 Stradbroke Road,Athelstone,SA,5076
Tintinara Area School,37 Wendt Terrace,TINTINARA,SA,5266
Underdale High School,19 Garden Tce,Underdale,SA,5032
Unley High School,Kitchener St,Netherby,SA,5062
Vale Park Primary School,40 Ascot Ave,VALE PARK,SA,5081
Valley View Secondary School,240 Wright Rd,PARA VISTA,SA,5093
Victor Harbor High School,George Main Rd,Victor Harbor,SA,5212
Victor Harbor Primary School,The Parkway,VICTOR HARBOR,SA,5211
Virginia Primary School,Park Rd,Virginia,SA,5120
Waikerie High School,24 Blake Rd,WAIKERIE,SA,5330
Walkerville Primary School,159 Stephen Tce,Walkerville,SA,5081
West Beach Primary School,3 Woodhead St,West Beach,SA,5024
Whyalla Secondary College,Nicolson Avenue,Whyalla Norrie,SA,5608
Willunga High School,239 Main Rd,WILLUNGA,SA,5172
Wirreanda Secondary School,105 Richards Dr,Morphett Vale,SA,5162
Woodville Gardens Primary School,18 Ridley Grove,Woodville Gardens,SA,5012
Woodville High School,11 Actil Ave,Woodville,SA,5011
Woodville Primary School,Evans St,Woodville South,SA,5011
211 Newcastle St PERTH WA 6000 (NAVITAS English Services Pty Ltd),211 Newcastle St,Perth,WA,6000
Central Regional TAFE - Kalgoorlie Campus,67 Brookman St,KALGOORLIE,WA,6430
"Central Regional TAFE, Geraldton Campus",175 Fitzergerald St,Geraldton,WA,6530
"Central Regional TAFE, Northam Campus",1 Hutt St,Northam,WA,6401
"North Metropolitan TAFE, Balga Campus",18 Loxwood Rd,Balga,WA,6061
"North Metropolitan TAFE, East Perth Campus",140 Royal St,East Perth,WA,6004
"North Metropolitan TAFE, ELICOS Campus (Perth)",133 Newcastle St,Northbridge,WA,6003
"North Metropolitan TAFE, Joondalup Campus",35 Kendrew Cres,Joondalup,WA,6027
"North Metropolitan TAFE, Leederville Campus",43 Richmond St,Leederville,WA,6007
"North Metropolitan TAFE, Mt Lawley Campus",397 Lord St,Mt Lawley,WA,6050
"North Metropolitan TAFE, Perth Campus",25 Aberdeen Street Perth,Northbridge,WA,6003
"North Metropolitan TAFE, Trades North Campus",31 Harmony Ave,Clarkson,WA,6030
"North Regional TAFE, Broome Campus",68 Cable Beach Rd,Broome,WA,6725
"North Regional TAFE, Karratha Campus",1 Broadhurst Rd,Karratha,WA,6714
"North Regional TAFE, Kununurra",158 Coolibah Dr,KUNUNURRA,WA,6743
South Metropolitan TAFE - Fremantle Campus,1 Fleet Street,Fremantle,WA,6169
"South Metropolitan TAFE, Aerospace Training Centre Jandakot",23 Eagle Dr,Jandakot,WA,6164
"South Metropolitan TAFE, Bentley Campus",24 Hayman Rd,Bentley,WA,6102
"South Metropolitan TAFE, Carlisle Campus",141 Bank St,Carlisle,WA,6101
"South Metropolitan TAFE, Fremantle Campus",15 Grosvenor St,Beaconsfield,WA,6162
"South Metropolitan TAFE, Kwinana Campus",36 Berthold St,Orelia,WA,6167
"South Metropolitan TAFE, Mandurah Campus",2 Education Dr,MANDURAH,WA,6210
"South Metropolitan TAFE, Munster Campus",9 Gardiner Ave,Munster,WA,6166
"South Metropolitan TAFE, Murdoch Campus",130 Murdoch Dr,Murdoch,WA,6150
"South Metropolitan TAFE, Rockingham Campus",151 Simpson Ave,Rockingham,WA,6168
"South Metropolitan TAFE, Thornlie Campus",44 Burslem Dr,Thornlie,WA,6108
"South Regional TAFE, Albany Campus",5 Anson Rd,Albany,WA,6330
"South Regional TAFE, Bunbury Campus",58 Robertson Dr,Bunbury,WA,6230
"308 Queen Street, Brisbane, QLD 4000",308 Queen Street,Brisbane City,QLD,4000
Dutton Park Campus,20 Cornwall Street,Woolloongabba,QLD,4102
Gatton Campus,The University of Queensland,GATTON,QLD,4345
Herston Campus,Herston Rd,HERSTON,QLD,4006
"Levels 6 & 7/293 Queen Street, Brisbane City",Levels 6 & 7/293 Queen St,Brisbane City,QLD,4072
St Lucia Campus,University of Queensland,ST LUCIA,QLD,4072
Camden Campus (Plant Breeding Institute),107 Cobbitty Rd,Cobbity,NSW,2570
Camden Campus (Veterinary Science),425 Werombi Rd,Camden,NSW,2570
Mallett Street Campus,88 Mallett St,Camperdown,NSW,2050
Surry Hills Campus,"Faculty Building, Level 6",Surry Hills,NSW,2010
Sydney Conservatorium of Music,The Greenway Building,Sydney,NSW,2000
"Sydney, CBD Level 16, 17 and 18, 133 Castlereagh Street",133 Castlereagh St,Sydney,NSW,2000
Taronga Conservation Society of Australia,Bradleys Head Rd,Mosman,NSW,2088
Taylors College (Waterloo) (School operations),965 Bourke St,WATERLOO,NSW,2017
The University of Sydney,Parramatta Rd,CAMPERDOWN,NSW,2050
Westmead Campus,Westmead Health Precinct,Westmead,NSW,2145
Holmes Secondary College (ELICOS Operations),Level 6,SYDNEY,NSW,2000
495 Kent St Sydney,493-495 Kent St,Sydney,NSW,2000
"Levels 7 & 8, 338-340 Pitt Street Sydney NSW 2000",Level 8 338 Pitt St,SYDNEY,NSW,2000
Level 6 10 William St PERTH WA 6000,10 William St,Perth,WA,6000
St George's Anglican Grammar School,50 William St,PERTH,WA,6000
Milner International College of English (WA) Pty Ltd,379 Hay St,PERTH,WA,6000
Keyseq Pty Ltd,223 Vincent St,NORTH PERTH,WA,6006
Holmes Commecial Colleges (Melb) Ltd,185 Spring St,Melbourne,VIC,3000
You Study International College,"2B Second Floor, Orchid Plaza",Cairns,QLD,4870
Adelaide City Campus,120 Currie St,ADELAIDE,SA,5000
Adelaide College of the Arts,39 Light Sq,ADELAIDE,SA,5000
Barossa Valley Campus,74 Old Kapunda Rd,NURIOOTPA,SA,5355
Gilles Plains Campus,33 Blacks Rd,GILLES PLAINS,SA,5086
Regency Park Campus,137 Days Rd,REGENCY PARK,SA,5010
"The University of Adelaide, North Terrace",230 North Tce,AUSTRALIA,SA,5005
Tonsley Campus,1284 South Rd,CLOVELLY PARK,SA,5042
Urrbrae Campus,505 Fullarton Rd,NETHERBY,SA,5062
South Australian College of English Pty Ltd,47 Waymouth St,Adelaide,SA,5000
"Tower 4, Level 5, World Trade Centre, 18-38 Siddeley Street, Melbourne, Victoria 3005",18 Siddeley St,Melbourne,VIC,3005
The University of New South Wales,High St,Kensington,NSW,2052
UNSW Art & Design,Cnr of Oxford St and Grenns Rd,Paddington,NSW,2021
UNSW Canberra,Northcott Dr,Canberra,ACT,2600
UNSW Canberra City,37 Constitution Avenue,Reid,ACT,2612
University of Technology Sydney (City Campus),1 Broadway,HAYMARKET,NSW,2007
UTS Moore Park Precinct,Sydney Cricket Grounds,Moore Park,NSW,2021
UOW Bega Valley,PO Box 1020,BEGA,NSW,2550
UOW Eurobodalla,Batemans Bay Education Centre,Batmans,NSW,2536
UOW Liverpool,33 Moore St,Liverpool,NSW,2170
UOW Shoalhaven,University of Wollongong,Nowra Distribution Centre,NSW,2541
UOW Southern Highlands,University Building,Moss Vale,NSW,2577
UOW Sutherland,University of Wollongong,Loftus,NSW,2232
UOW Sydney CBD,Gateway Building,Sydney,NSW,2000
UOW Wollongong,Northfields Ave,WOLLONGONG,NSW,2522
Australian Technical and Management College Pty Ltd - Melbourne (Bourke),470 Bourke Street,MELBOURNE,VIC,3000
Australian Technical and Management College Pty Ltd - Sydney,"Level 9, 540 George St",Sydney,NSW,2000
Federation University Ballarat,28 University Dr,BALLARAT,VIC,3353
Federation University Berwick,100 Clyde Rd,Berwick,VIC,3806
Federation University Brisbane,Brisbane Centre,Brisbane,QLD,4000
Federation University Gippsland,Northways Rd,Churchill,VIC,3350
International Institute of Business and Information Technology (IIBIT Adelaide),"Level 3,6 127 Rundle Mall",Adelaide,SA,5000
International Institute of Business and Information Technology (IIBIT Sydney),841 George St,Sydney,NSW,2000
Melbourne Institute of Technology (Melbourne),288 La Trobe St,MELBOURNE,VIC,3000
Melbourne Institute of Technology (MIT Sydney),Level 7,Sydney,NSW,2000
The University of Newcastle (Callaghan),University Dr,CALLAGHAN,NSW,2308
The University of Newcastle (Central Coast),10 Chittaway Rd,Ourimbah,NSW,2258
The University of Newcastle (Gosford),77a Holden Street,Gosford,NSW,2250
The University of Newcastle (Newcastle City),Cnr King and Auckland St,Newcastle,NSW,2300
The University of Newcastle (Sydney),55 Elizabeth St,Sydney,NSW,2000
"The University of Newcastle Language Centre, Callaghan (ELICOS Operations)",University Dr,CALLAGHAN,NSW,2308
"The University of Newcastle Language Centre, Sydney (ELICOS Operations)",55 Elizabeth St,SYDNEY,NSW,2000
University of Newcastle College of International Education (UNCIE),NUSpace,Newcastle,NSW,2300
Croydon Campus 12-50 Norton Road Croydon Swinburne University,John St,Hawthorn,VIC,3122
Hawthorn Campus John Street Hawthorn Swinburne University,John St,HAWTHORN,VIC,3122
"Level 5 and 6, 1-3 Fitzwilliam Street, Parramatta","Level 5 and 6, 1 Fitzwilliam St",Parramatta,NSW,2150
"Swinburne College Pty Ltd, Hawthorn Campus, John Street Hawthorn",John St,Hawthorn,VIC,3122
Swinburne University of Technology  NICA Prahran,39-59 Green St,PRAHRAN,VIC,3181
Wantirna Campus 369 Stud Road Wantirna Swinburne University,369 Stud Rd,Wantirna,VIC,3122
Centre for Regional and Rural Futures (Deakin University),86 Research Station Road,Hanwood,NSW,2680
Deakin University,221 Burwood Hwy,BURWOOD,VIC,3125
Deakin University Geelong Waterfront Campus,1 Gheringhap St,GEELONG,VIC,3220
"Deakin University, Geelong Waurn Ponds Campus",Deakin University,Geelong,VIC,3220
"Deakin University, Warrnambool Campus",Deakin University Warrnambool Campus,Warrnambool,VIC,3280
Adelaide College of the Arts,39 Light Sq,ADELAIDE,SA,5000
Bedford Park,Sturt Rd,BEDFORD PARK,SA,5042
Flinders City Campus,1 Festival Tower,Adelaide,SA,5000
Riverland Campus-Renmark and Paringa District Hospital,Renmark and Paringa District Hospital,Renmark,SA,5341
Tonsley,1284 South Rd,CLOVELLY PARK,SA,5042
Victoria Square,182 Victoria Sq,Adelaide,SA,5001
Albury-Wodonga Campus,University Dr,Wodonga,VIC,3689
Bendigo Campus,La Trobe University,Flora Hill,VIC,3550
City Campus (Collins Street),"Level 2,3 and 20",Melbourne,VIC,3000
Epping Campus,415 Dalton Rd,Epping,VIC,3076
La Trobe University Sydney Campus,255 Elizabeth St,Sydney,NSW,2000
Melbourne (Bundoora) Campus,Kingsbury Dr,BUNDOORA,VIC,3083
Mildura Campus,La Trobe University,Mildura,VIC,3502
Shepparton Campus,La Trobe University,Shepparton,VIC,3262
"234 St. Kilda Road,Southbank (SouthBank campus)",234 St. Kilda Road,Southbank,VIC,3006
"500 Yarra Boulevard, Richmond (Burnley campus)",500 Yarra Boulevard,Richmond,VIC,3121
The University of Melbourne,Swanston St,PARKVILLE,VIC,3052
James Cook University - Cairns,McGregor Rd,Smithfield,QLD,4878
James Cook University - Townsville,James Cook Dr,TOWNSVILLE,QLD,4810
James Cook University Brisbane Campus(JCU),349 Queen St,BRISBANE,QLD,4000
Australian National University,Division of Registrar and Student Services,Canberra City West,ACT,2601
Mount Stromlo Observatory,Mount Stromlo Observatory,Weston Creek,ACT,2611
"Flight Training Adelaide, Hangar 55 Kittyhawk Lane, Parafield Airport, SA 5106",Hangar 55 Kittyhawk Lan,Parafield Airport,SA,5106
"Rising Sun Pictures, 180-200 Pulteney Street and 190 Flinders Street, Adelaide, SA 5000",180-200 Pulteney Street,Adelaide,SA,5000
"University of South Australia, City East Campus",101 Currie St,ADELAIDE,SA,5000
"University of South Australia, City West Campus",101 Currie St,ADELAIDE,SA,5000
"University of South Australia, Magill Campus",St Bernards Rd,MAGILL,SA,5072
"University of South Australia, Mawson Lakes Campus",Mawson Lakes Blvd,Mawson Lakes,SA,5095
"University of South Australia, Mount Gambier Campus",Wireless Rd,MOUNT GAMBIER,SA,5290
"University of South Australia, Whyalla Campus",111 Nicolson Ave,WHYALLA NORRIE,SA,5608
Brunswick Campus 25 Dawson Street,25 Dawson St,Brunswick,VIC,3056
"Bundoora Campus, Plenty Road, Bundoora Vic 3083",225 Plenty Rd,Bundoora,VIC,3083
Melbourne Cricket Education Academy - 124 La Trobe St MELBOURNE VIC 3000,124 La Trobe St,Melbourne,VIC,3000
"Myjet Hanger, Bendigo Airport",Building 460,East Bendigo,VIC,3550
"Point Cook Campus, RAAF Williams base",Williams Rd,Point Cook,VIC,3030
"RMIT University - 124 Latrobe Street, Melbourne",124 Latrobe St,Melbourne,VIC,3000
Regency Park Campus,137 Days Rd,REGENCY PARK,SA,5010
The University of Adelaide College,132 Grenfell St,Adelaide,SA,5000
"The University of Adelaide, Melbourne Campus",Level 3,Melbourne,VIC,3000
"The University of Adelaide, North Terrace",230 North Tce,AUSTRALIA,SA,5005
"The University of Adelaide, Roseworthy Campus",Philp Dr via Mudla Wirra Rd,Wasleys,SA,5371
"The University of Adelaide, Waite Campus",Waite Rd,Urrbrae,SA,5064
Victoria University City Campus (City Tower),Victoria University City Campus,Melbourne,VIC,3000
Victoria University Footscray Nicholson,2 Lawson St,FOOTSCRAY,VIC,3011
Victoria University Footscray Park,Ballarat Rd,FOOTSCRAY,VIC,3011
Victoria University St Albans,3 Andrea St,ST ALBANS,VIC,3021
Victoria University Sunshine,460 Ballarat Rd,SUNSHINE,VIC,3020
Victoria University Werribee,237 Hoppers Lane,WERRIBEE,VIC,3030
Murdoch University (Murdoch),South St,Murdoch,WA,6150
Murdoch University (Peel),15 Carlten Pl,Mandurah,WA,6210
The University of Western Australia,35 Stirling Hwy,CRAWLEY,WA,6009
The University of Western Australia (Albany Centre),35 Stirling Hwy,CRAWLEY,WA,6009
UWA College,35 Stirling Highway,Crawley,WA,6009
Ballarat and Queen's Anglican Grammar,201 Forest St,WENDOUREE,VIC,3355
Billanook College,197 Cardigan Rd,MOOROOLBARK,VIC,3138
Brighton Grammar School,90 Outer Cres,BRIGHTON,VIC,3186
Camberwell Grammar School,55 Mont Albert Rd,CANTERBURY,VIC,3126
Carey Baptist Grammar School,349 Barkers Rd,KEW,VIC,3101
Carey Baptist Grammar School -Donvale Campus,"9 Era Court, Donvale VIC 3111",Donvale,VIC,3111
Caulfield Grammar School,217 Glen Eira Rd,ST KILDA EAST,VIC,3182
Caulfield Grammar School Wheelers Hill Campus,74 Jells Rd,Wheelers Hill,VIC,3150
Malvern Campus,5 Willoby Ave,GLEN IRIS,VIC,3146
City Campus,"Level 2, 398 Lonsdale St",Melbourne,VIC,3000
Eltham College,1660 Main Rd,RESEARCH,VIC,3095
Fintona Girls School,79 Balwyn Rd,BALWYN,VIC,3103
Firbank Grammar School,51 Outer Cres,BRIGHTON,VIC,3186
Sandringham Campus,45 Royal Ave,Sandringham,VIC,3191
Camberwell Anglican Girls Grammar,2 Torrington St,CANTERBURY,VIC,3126
The Geelong College,150 Noble St,GEELONG,VIC,3220
Geelong Grammar School,50 Biddlecombe Ave,CORIO,VIC,3214
Hamilton College,1 Chaucer St,HAMILTON,VIC,3300
Huntingtower School Association,77 Waimarie Dr,MOUNT WAVERLEY,VIC,3149
Ivanhoe Grammar School,The Ridgeway,IVANHOE,VIC,3079
Plenty Campus,730 Bridge Inn Rd,Doreen,VIC,3754
The Ivanhoe Grammar School - La Trobe University Campus,Terraces 1 and 2,Macleod,VIC,3085
Kilvington Grammar School Ltd,2 Leila Rd,ORMOND,VIC,3204
Kingswood College Ltd,355 Station Rd,BOX HILL,VIC,3128
The Knox School,220 Burwood Hwy,WANTIRNA SOUTH,VIC,3152
Lauriston Girls School,38 Huntingtower Rd,ARMADALE,VIC,3143
"56 York St, Sydney",56 York St,Sydney,NSW,2000
CCI Head Office,Levels 5-10,Sydney,NSW,2000
Sydney City Campus,Suite 19 650 George St,SYDNEY,NSW,2000
Indus Institute - Brisbane - Level 2 183 North Quay BRISBANE CITY QLD 4000,Level 2 183 North Quay,North Quay,QLD,4000
"Levels 9 & 10/350 Queen Street, Melbourne",350 Queen St,MELBOURNE,VIC,3000
"Lvl 1, 5 and 11, 10 Barrack Street, Sydney",10 Barrack St,SYDNEY,NSW,2000
"Suite 1, Level 10, 350 Queen Street, Melbourne",350 Queen St,Melbourne,VIC,3000
Castelreagh,Level 5 245 Castelreagh St,SYDNEY,NSW,2000
"Level 7, 245-247 Castlereagh St Sydney NSW 2000",245-247 Castlereagh St,Sydney,NSW,2000
"Lvl 1, 12 Butler Road - Hurstville",12 Butler Rd,Hurstville,NSW,2221
"Lvls 1 & 2, 245-247 Castlereagh Street - Sydney",245 Castlereagh St,SYDNEY,NSW,2000
"Suite 1, Lvl 4, 68 Grenfell St - Adelaide",68 Grenfell St,ADELAIDE,SA,5000
Brisbane Campus - Level 11 333 Adelaide St BRISBANE CITY QLD 4000,Level 11 333 Adelaide St,BRISBANE CITY,QLD,4000
Brisbane Campus - Level 12 333 Adelaide St BRISBANE CITY QLD 4000,Level 12 - 333 Adelaide St,BRISBANE CITY,QLD,4000
"Level 2 & 6, 401 Sussex St, Sydney",401 Sussex St,SYDNEY,NSW,2000
SBTA and SELA - 187 Thomas St HAYMARKET NSW 2000,Level 7 - 187 Thomas Street,Haymarket,NSW,2000
SBTA Commercial Kitchens - 81A Foveaux St SURRY HILLS NSW 2010,81A Foveaux St,SURRY HILLS,NSW,2010
Surfers Paradise,3059 Surfers Paradise Bvd,SURFERS PARADISE,QLD,4217
"Wickham Street - 115-131 Wickham St, Fortitude Valley QLD 4006",115-131 Wickham St,Fortitude Valley,QLD,4006
107 Brunswick Road,107 Brunswick Rd,Brunswick,VIC,3056
166-172 Exhibition St,166 Exhibition St,MELBOURNE,VIC,3000
647 Wellington St Perth,647 Wellington St,Perth,WA,6000
"Brisbane Campus - 225 St Pauls Tce, FORTITUDE VALLEY QLD 4006",225 St Pauls Tce,FORTITUDE VALLEY,QLD,4006
Kent St/Hickson Rd Sydney,Level 1 and 5/ 201 Kent St,Sydney,NSW,2000
"Level 4 222 Bourke street,  Melbourne VIC 3000",Level 4 222 Bourke street,Melbourne,VIC,3000
Murray St,Level 1 100-104 Murray St,Perth,WA,6000
Oxford street,Level 1 55-73 Oxford St,SURRY HILLS,NSW,2010
York Street - Sydney Campus,"Level 2 & 5, 56-58, York Street",SYDNEY,NSW,2000
CBCI and GESS EDUCATION - Marine Pde,42 Marine Pde,Southport,QLD,4215
CBCI and GESS EDUCATION - Mulgrave Road,91 Mulgrave Rd,PARRAMATTA PARK,QLD,4870
"UC - Canberra, Bruce",Kirrinari St,Bruce,ACT,2617
"UC - TAFE NSW Northern Sydney, St Leonard's",TAFE NSW Northern Sydney Institute,St Leonards,NSW,2065
"UC - TAFE Queensland, Mt Gravatt",Mt Gravatt Campus,Mount Gravatt,QLD,4122
"UC - TAFE Queensland, South Bank",TAFE Queensland Brisbane,South Brisbane,QLD,4101
"UC - University of Canberra College, Bruce",University Dr,Bruce,ACT,2617
"UC Sydney Hills Campus, Castle Hill, NSW",72-74 Cecil Avenue,Castle Hill,NSW,2154
Gardens Point,2 George St,BRISBANE,QLD,4000
Kelvin Grove,149 Victoria Park Rd,Kelvin Grove QLD,QLD,4059
"15 Boronia Rd, Brisbane, QLD 4009",15 Boronia Rd,Brisbane,QLD,4009
"90-92 Sydney Street, Mackay",90 Sydney St,Mackay,QLD,4740
Adelaide C.Q.U. Campus,44 Greenhill Rd,Wayville,SA,5034
Brisbane C.Q.U. Campus,160 Ann St,BRISBANE,QLD,4000
Bundaberg C.Q.U. Campus,6 University Dr,BUNDABERG,QLD,4670
Cairns C.Q.U. Campus,42 Abbott St,Cairns,QLD,4870
"Canning Street, Rockhampton",192 Bolsolver St,ROCKHAMPTON,QLD,4700
CQU Rockhampton City Campus,114 Canning Street,Rockhampton,QLD,4700
CQU Rockhampton North Campus,554-700 Yaamba Rd,NORMAN GARDENS,QLD,4701
Gladstone C.Q.U. Campus,613 Bryan Jordan Dr,GLADSTONE,QLD,4680
Mackay C.Q.U. Campus,149 Boundary Rd,MACKAY,QLD,4741
Melbourne C.Q.U Campus,Level 1-6,Melbourne,VIC,3000
Noosa C.Q.U. Campus,90 Goodchap St,Noosaville,QLD,4566
Rockhampton C.Q.U. Campus,554 Yaamba Rd,Norman Gardens,QLD,4701
Sydney C.Q.U. Campus,400 Kent St,SYDNEY,NSW,2000
Townsville C.Q.U. Campus,Level 1,Townsville,QLD,4810
Brisbane (Queensland),"Transport House, 230 Brunswick Street",Fortitude Valley,QLD,4006
East Perth (Western Australia),170 Wellington St,EAST PERTH,WA,6004
Gold Coast (Queensland),"Level 2, 121 Scarborough Street",Southport,QLD,4215
Melbourne (Victoria),368 Elizabeth St,Melbourne,VIC,3000
Sydney (New South Wales),815-825 George St,HAYMARKET,NSW,2000
Airways Aviation,Gold Coast Airport,Bilinga,QLD,4225
Brisbane City (South Bank),226 Grey St,SOUTH BANK,QLD,4101
Brisbane South (Mt Gravatt),176 Messines Ridge Rd,MT GRAVATT,QLD,4122
Brisbane South (Nathan),170 Kessels Rd,NATHAN,QLD,4111
Gold Coast,58 Parklands Dr,Southport,QLD,4222
Logan,University Dr,MEADOWBROOK,QLD,4131
USQ (Ipswich),11 Salisbury Rd,Ipswich,QLD,4305
USQ (Springfield),Education City,SPRINGFIELD LAKES,QLD,4030
USQ (Toowoomba),Darling Heights,TOOWOOMBA,QLD,4350
123 Gotha St FORTITUDE VALLEY QLD 4006 Australia,123 Gotha St,FORTITUDE VALLEY,QLD,4006
196 Flinders St MELBOURNE VIC 3000 Australia,196 Flinders St,MELBOURNE,VIC,3000
"25 Victoria Street, Fitzroy VIC 3065",25 Victoria St,Fitzroy,VIC,3065
82-98 Wakefield St ADELAIDE SA 5000,82 Wakefield St,ADELAIDE,SA,5000
"90 Bowen Terrace, FORTITUDE VALLEY, Queensland 4006",90 Bowen Terrace,FORTITUDE VALLEY,QLD,4006
"Foveaux Street Campus, 1-37 Foveaux Street, Surry Hills",1-49 Foveaux Street,Surry Hills,NSW,2010
The Australian Ballet School,2 Kavanagh St,SOUTHBANK,VIC,3006
Photography Holdings Pty Ltd - South Melbourne,37 Thistlethwaite St,South Melbourne,VIC,3205
Royal Victorian Aero Club,31 First Ave,MENTONE,VIC,3194
ECU Joondalup Campus,100 Joondalup Dr,Joondalup,WA,6027
ECU Mt Lawley Campus,2 Bradford St,Mt Lawley,WA,6050
ECU South West Campus (Bunbury),585 Robertson Dr,Bunbury,WA,6230
Navitas English Perth,211 Newcastle St,NORTHBRIDGE,WA,6003
Navitas English Sydney Hyde Park,"Level 3, 255 Elizabeth St",Sydney,NSW,2000
Gold Coast Airport,19 Lores Bonney Cct,BILINGA,QLD,4225
Lismore Airport,Lismore Regional Airport,LOFTVILLE,NSW,2480
Alice Springs Campus,17 Grevillea Dr,ALICE SPRINGS,NT,830
Casuarina Campus,1 Ellengowan Dr,CASUARINA,NT,810
CDU International College,21 Kitchener Drive,DARWIN CITY,NT,800
Danala Education and Community Precinct,54-58 Cavenagh Street,Darwin City,NT,800
"Level 10, 815 George Street, Sydney","Level 10, 815 George Street",Sydney,NSW,2000
"Level 11, 410 Ann Street (Brisbane campus)",Level 11,Brisbane,QLD,4000
"Level 2, 12 Georges Terrace, Perth",Level 4,Perth,WA,6000
Palmerston Campus,80 University Ave,PALMERSTON,NT,830
"Suite 201/187 Boundary Rd, North Melbourne",Suite 201,North Melbourne,VIC,3051
Waterfront Campus,21 Kitchener Dr,DARWIN CITY,NT,800
Curtin University of Technology,Kent St,Bentley,WA,6102
Curtin University of Technology Margaret River Campus,272 Bussell Hwy,Margaret River,WA,6102
Kalgoorlie Campus,Egan St,Kalgoorlie,WA,6430
Perth Campus (Graduate School of Business),78 Murray St,Perth,WA,6000
Marcus Oldham College,145 Pigdons Rd,WAURN PONDS,VIC,3216
SAE Adelaide,15-19 Franklin Street,Adelaide,SA,5000
SAE Brisbane,41 Buchanan St,West End,QLD,4101
SAE Byron Bay,373 Ewingsdale Rd,BYRON BAY,NSW,2481
SAE Melbourne,235 Normanby Rd,SOUTH MELBOURNE,VIC,3205
SAE Perth,116 Roe St,Northbridge,WA,6003
SAE Sydney,39 Regent St,Chippendale,NSW,2008
Melbourne Girls Grammar School,86 Anderson St,SOUTH YARRA,VIC,3141
Mentone Grammar School,63 Venice St,Mentone,VIC,3194
Mentone Girl's Grammar School,Mentone Pde,MENTONE,VIC,3194
Methodist Ladies College,207 Barkers Rd,KEW,VIC,3101
Oxley College,15 Old Melbourne Rd,CHIRNSIDE PARK,VIC,3116
The Peninsula School,Wooralla Dr,MOUNT ELIZA,VIC,3930
Presbyterian Ladies' College,141 Burwood Hwy,BURWOOD,VIC,3125
Ruyton Girls' School,12 Selbourne Rd,KEW,VIC,3101
Shelford Girls' Grammar,3 Hood Cres,CAULFIELD,VIC,3161
Gippsland Grammar School,Princes Hwy,SALE,VIC,3850
Anzac Avenue Campus,38 Anzac Ave,LOGAN VILLAGE,QLD,4133
King's Christian College - Pimpama campus,198 Pimpama-Jacobs Well Rd,PIMPAMA,QLD,4209
King's Christian College - Reedy Creek,68 GEMVALE Rd,REEDY CREEK,QLD,4227
St Leonard's College,163 South Rd,BRIGHTON EAST,VIC,3187
Berwick Campus (Senior Girls),27 Gloucester Ave,BERWICK,VIC,3806
Officer Campus (Senior Boys),38 Tivendale Rd,OFFICER,VIC,3809
St Michael's Grammar School,25 Chapel St,ST KILDA,VIC,3182
Tintern Grammar,90 Alexandra Rd,RINGWOOD EAST,VIC,3135
Toorak College,Old Mornington Rd,MOUNT ELIZA,VIC,3930
Trinity Grammar School Kew,60 Wellington Rd,KEW,VIC,3101
Elsternwick Campus,5 Gladstone Pde,Elsternwick,VIC,3185
Glen Waverley Campus,620 High Street Road,Glen Waverley,VIC,3150
St Kilda Road Campus,577 St Kilda Rd,MELBOURNE,VIC,3004
Westbourne and Williamstown Grammar School,300 Sayers Rd,HOPPERS CROSSING,VIC,3029
Yarra Valley Grammar School,Kalinda Rd,RINGWOOD,VIC,3134
Concordia College Inc,45 Cheltenham St,HIGHGATE,SA,5063
Immanuel College,32 Morphett Rd,NOVAR GARDENS,SA,5040
Mercedes College Springfield,540 Fullarton Rd,SPRINGFIELD,SA,5062
Muirden Senior Secondary College,368 KING WILLIAM,,,5000
Pembroke School,342 The Pde,Kensington Park,SA,5068
Prince Alfred College Inc,Dequetteville Tce,KENT TOWN,SA,5067
Pulteney Grammar School,190 South Tce,Adelaide,SA,5000
St Aloysius College,53 Wakefield St,Adelaide,SA,5000
St Peter's Collegiate Girls' School,Stonyfell Rd,STONYFELL,SA,5066
Trinity College - North,Alexander Ave,Evanston South,SA,5116
Wilderness School,30 Hawkers Rd,MEDINDIE,SA,5081
St Paul's International College (ELICOS Operations),463 Argyle St,MOSSVALE,NSW,2577
St Paul's International College (School Operations),463 Argyle St,Moss Vale,NSW,2577
Ascham School,188 New South Head Rd,EDGECLIFF,NSW,2027
Georges River Grammar,53 George Cres,GEORGES HALL,NSW,2198
Knox Grammar School,7 Woodville Ave,WAHROONGA,NSW,2076
Masada College,9 Link Rd,ST IVES,NSW,2075
Redeemer Baptist School,2 Masons Dr,NORTH PARRAMATTA,NSW,2151
Aquinas College,58 Mount Henry Rd,Salter Point,WA,6151
Bunbury Cathedral Grammar School,5 Allen Rd,Gelorup,WA,6230
Christ Church Grammar School Inc,Queenslea Dr,CLAREMONT,WA,6010
Guildford Grammar School,Private Mail Bag 5,Guilford,WA,6055
The Governors of Hale School,Hale Rd,WEMBLEY DOWNS,WA,6019
Methodist Ladies' College,356 Stirling Hwy,CLAREMONT,WA,6010
Penrhos College,Morrison St,COMO,WA,6152
Perth College (Inc),31 Lawley Cres,MOUNT LAWLEY,WA,6050
Presbyterian Ladies College,14 McNeil St,PEPPERMINT GROVE,WA,6011
Scotch College,76 Shenton Rd,CLAREMONT,WA,6010
St Brigid's College,200 Lesmurdie Rd,Lesmurdie,WA,6076
St Hilda's Anglican School for Girls - Primary years PP-6,McCabe St,MOSMAN PARK,WA,6012
St Hilda's Anglican School for Girls Inc. - Middle School to Secondary,Bay View Tce,MOSMAN PARK,WA,6012
St Marys Anglican Girls' School Inc,75 Elliott Rd,KARRINYUP,WA,6018
Swan Christian College - Primary,401 Great Northern Hwy,Middle Swan,WA,6936
Swan Christian College - Secondary,381 Great Northern Hwy,MIDDLE SWAN,WA,6056
Wesley College,40 Coode St,SOUTH PERTH,WA,6151
Canning College,41 Marquis St,Bentley,WA,6102
St John's Catholic College,Salonika St,DARWIN,NT,801
Fahan School,Fisher Ave,SANDY BAY,TAS,7005
The Friends' School,23 Commercial Rd,NORTH HOBART,TAS,7000
The Hutchins School,71 Nelson Rd,SANDY BAY,TAS,7005
Scotch Oakburn College,85 Penquite Rd,LAUNCESTON,TAS,7250
The Christ College Trust,218 Macquarie St,HOBART,TAS,7000
Anglican Church Grammar School,Oaklands Pde,East Brisbane,QLD,4169
Blackheath and Thornburgh College,King St,CHARTERS TOWERS,QLD,4820
Brisbane Grammar School,Gregory Tce,Brisbane,QLD,4000
Brisbane Boys' College,Kensington Tce,Toowong,QLD,4066
Clayfield College,23 Gregory St,CLAYFIELD,QLD,4011
Downlands Sacred Heart College,72 Ruthven St,TOOWOOMBA,QLD,4350
The Glennie School,248 Herries St,TOOWOOMBA,QLD,4350
Ipswich Grammar School,Darling St,IPSWICH,QLD,4305
John Paul College,John Paul Dr,DAISY HILL,QLD,4127
Lourdes Hill College,86 Hawthorne Rd,HAWTHORNE,QLD,4171
The Cathedral College,189 William St,ROCKHAMPTON,QLD,4700
Board of Trustees of the Rockhampton Grammar School,Archer St,Rockhampton,QLD,4700
Rockhampton Girls Grammar School,Corner Denham & Agnes St,ROCKHAMPTON,QLD,4700
St Augustine's College,251 Draper St,CAIRNS,QLD,4870
St Hilda's School,52 High St,Southport,QLD,4215
St Margaret's Anglican Girls School,11 Petrie St,Ascot,QLD,4007
St Paul's School,34 Strathpine Rd,Bald Hills,QLD,4036
St Peters Lutheran College,66 Harts Rd,Indooroopily,QLD,4068
St Saviour's College,Neil St,TOOWOOMBA,QLD,4350
Somerset College Limited,Somerset Dr,Mudgeeraba,QLD,4213
Somerville House,17 Graham St,SOUTH BRISBANE,QLD,4101
The Southport School,Winchester St,Southport,QLD,4215
Stuartholme School,Birdwood Tce,TOOWONG,QLD,4066
Toowoomba Grammar School,24 Margaret St,TOOWOOMBA,QLD,4350
Ipswich Girls Grammar School,Cnr Queen Victoria Pde & Chermside Rd,IPSWICH,QLD,4305
The Scots PGC College,60 Oxenham St,WARWICK,QLD,4370
Suncoast Christian College,Cnr Schubert & Kiel Mountain Rd,WOOMBYE,QLD,4559
Bethel Christian School,104 Mount Druitt Rd,MOUNT DRUITT,NSW,2770
Kinross Wolaroi School,59 Bathurst Rd,ORANGE,NSW,2800
St Philip's Christian College - Cessnock,10 Lomas Lane,Nulkaba,NSW,2325
St Philip's Christian College - Gosford,20 Narara Creek Rd,Narara,NSW,2250
St Philip's Christian College - Port Stephens,182 Salamander Way,SALAMANDER BAY,NSW,2317
St Philip's Christian College - Waratah,57 High St,WARATAH,NSW,2298
Ballarat and Clarendon College,1425 Sturt St,BALLARAT,VIC,3350
Loyola College,325 Grimshaw St,WATSONIA,VIC,3087
Educational Enterprises Australia Pty Ltd Coglin Street Campus,16 Coglin St,Adelaide,SA,5000
Educational Enterprises Australia Pty Ltd Franklin Street Campus,15 Franklin St,ADELAIDE,SA,5000
Walford Anglican School for Girls,316 Unley Rd,HYDE PARK,SA,5061
Townsville Grammar School - Annandale Campus,1 Brazier Drive,1 Brazier Drive,QLD,4814
Townsville Grammar School - North Shore Campus,70-90 North Shore Boulevard,Townsville,QLD,4818
Townsville Grammar School - North Ward,45 Paxton St,Townsville,QLD,4810
St Joseph's Nudgee College,2199 Sandgate Rd,BOONDALL,QLD,4034
St Catherine's School,17 Heyington Pl,TOORAK,VIC,3142
Strathcona Baptist Girls Grammar School,34 Scott St,CANTERBURY,VIC,3126
Heathdale Christian College Ltd,175 Derrimut Rd,WERRIBEE,VIC,3030
Canberra Grammar School,Monaro Cres,RED HILL,ACT,2603
Concordia Lutheran College,154 Stephens St,Toowoomba,QLD,4350
AMC Sydney,2 Murray St,Sydney,NSW,2000
Cradle Coast,16 Mooreville Rd,Burnie,TAS,7320
Darlinghurst,404 Victoria St,Darlinghurst,NSW,2010
ECA Melbourne,Level 1,Melbourne,VIC,3000
Hobart,Hytten Hall,SANDY BAY,TAS,7005
Launceston,Level 1,LAUNCESTON,TAS,7248
Rozelle,corner of Church and Glover St,Leichhardt,NSW,2040
International Student Centre (SCHOOL Operations),"Level 2, 1 Oxford St",DARLINGHURST,NSW,2010
Mater Christi College,28 Bayview Rd,BELGRAVE,VIC,3160
TAFE NSW Albury,636 Poole St,ALBURY,NSW,2640
TAFE NSW Armidale - Beardy Street,256 Beardy St,ARMIDALE,NSW,2350
TAFE NSW Bankstown,490 Chapel Rd,BANKSTOWN,NSW,2200
TAFE NSW Bathurst,368 Panorama Ave,BATHURST,NSW,2795
TAFE NSW Blacktown,131 Main St,BLACKTOWN,NSW,2148
TAFE NSW Campbelltown,181 Narallen Rd,CAMPBELTOWN,NSW,2560
TAFE NSW Castle Hill,2 Green Rd,CASTLE HILL,NSW,2154
TAFE NSW Coffs Harbour - Hogbin Drive,363 Hogbin Dr,COFFS HARBOUR,NSW,2450
TAFE NSW Dubbo,75 Myall Street,Dubbo,NSW,2830
TAFE NSW Enmore,110 Edgeware Rd,ENMORE,NSW,2042
TAFE NSW Glendale,9 Frederick St,CARDIFF,NSW,2285
TAFE NSW Granville,136 William St,GRANVILLE,NSW,2142
TAFE NSW Griffith,4 Neville Pl,Griffith,NSW,2680
TAFE NSW Hamilton,91 Parry St,NEWCASTLE WEST,NSW,2303
TAFE NSW Hornsby,205 Pacific Hwy,HORNSBY,NSW,2077
TAFE NSW Kingscliff,806 Cudgen Rd,KINGSCLIFF,NSW,2487
TAFE NSW Kingswood,12 O'Connell St,KINGSWOOD,NSW,2747
TAFE NSW Kurri Kurri,8 Mcleod Rd,KURRI KURRI,NSW,2327
TAFE NSW Lidcombe,73 East St,LIDCOMBE,NSW,2141
TAFE NSW Liverpool - College Street,1 College St,LIVERPOOL,NSW,2170
TAFE NSW Loftus,1 Pitt St,LOFTUS,NSW,2232
TAFE NSW Macquarie Fields,32 Victoria Rd,MACQUARIE FIELDS,NSW,2564
TAFE NSW Meadowbank,55 See St,MEADOWBANK,NSW,2114
TAFE NSW Miller,152 Banks Rd,MILLER,NSW,2168
TAFE NSW Mount Druitt,67 North Pde,MOUNT DRUITT,NSW,2770
TAFE NSW Murwillumbah - Murwillumbah Street,117 Wollumbin St,MURWILLUMBAH,NSW,2484
TAFE NSW Newcastle West,590 Hunter St,NEWCASTLE WEST,NSW,2302
TAFE NSW Nirimba,Colebee St,QUAKERS HILL,NSW,2763
TAFE NSW North Wagga Wagga,26 Farrer Rd,WAGGA WAGGA,NSW,2144
TAFE NSW Northern Beaches,154 Old Pittwater Rd,BROOKVALE,NSW,2100
TAFE NSW Nowra,60 Beinda St,BOMADERRY,NSW,2541
TAFE NSW Orange - March Street,109 March St,Orange,NSW,2800
TAFE NSW Ourimbah,10 Chittaway Rd,OURIMBAH,NSW,2258
TAFE NSW Petersham,27 Crystal St,PETERSHAM,NSW,2049
TAFE NSW Port Macquarie,70 Widderson St,PORT MACQUARIE,NSW,2444
TAFE NSW Randwick,2 King St,RANDWICK,NSW,2031
TAFE NSW Richmond,2 College St,RICHMOND,NSW,2753
TAFE NSW Ryde,250 Blaxland Rd,RYDE,NSW,2112
TAFE NSW Shellharbour,11 College Ave,OAK FLATS,NSW,2529
TAFE NSW St George,750 Princes Hwy,KOGARAH,NSW,2217
TAFE NSW St Leonards,213 Pacific Hwy,ST LEONARDS,NSW,2065
TAFE NSW Tamworth,13 Janison Street,Tamworth,NSW,2340
TAFE NSW Taree,2 Montgomery Cres,Taree,NSW,2430
TAFE NSW Tighes Hill,266 Maitland Rd,TIGHES HILL,NSW,2297
TAFE NSW Ultimo,19 Mary Ann St,ULTIMO,NSW,2007
TAFE NSW Wagga Wagga,14 Coleman St,Turvey Park,NSW,2650
TAFE NSW Wetherill Park,941 The Horsley Dr,WETHERILL PARK,NSW,2164
TAFE NSW Wollongbar,61 Sneaths Rd,WOLLONGBAR,NSW,2477
TAFE NSW Wollongong,1 Foleys Lane,WOLLONGONG,NSW,2500
TAFE NSW Wollongong West,38 Gladstone Ave,WOLLONGONG,NSW,2500
TAFE NSW WYONG,1 Porter St,WYONG,NSW,2259
Westminster School Inc,Alison Ave,MARION,SA,5043
Saint Ignatius' College,2 Manresa Ct,Athelstone,SA,5076
"349 Queen Street, Brisbane",349 Queen St,Brisbane,QLD,4000
Alexandra Hills State High School,Windemere Rd,ALEXANDRA HILLS,QLD,4161
Annandale State School,Corner of Yolanda Dr and Oleander St,Townsville,QLD,4814
Ashmore State School,Currumurra Rd,Ashmore,QLD,4214
Aspley East State School,31 Helena St,ASPLEY,QLD,4034
Aspley State High School,651 Zillmere Rd,Aspley,QLD,4034
Atherton State High School,Maunds Rd,ATHERTON,QLD,4883
Balmoral State High School,Cnr Thynne and Lytton Rd,MORNINGSIDE,QLD,4170
Benowa State High School,Mediterranean D,BENOWA,QLD,4217
Benowa State School,314 Benowa Rd,Benowa,QLD,4217
Bribie Island State High School,First Ave,BONGAREE,QLD,4507
Brisbane School of Distance Education,Coorparoo State College,COORPAROO,QLD,4151
Brisbane South State Secondary College,179 Annerley Road,Dutton Park,QLD,4102
Brisbane State High School,150 Vulture St,SOUTH BRISBANE,QLD,4101
Broadbeach State School,Alexandra Ave,Broadbeach,QLD,4218
Bundaberg State High School,37 Maryborough St,Bundaberg,QLD,4670
Burnside State High School,Blaxland Rd,Nambour,QLD,4650
Burpengary State School,35 Station Rd,Burpengary,QLD,4505
Burpengary State Secondary College,196 Pitt Rd,Burpengary,QLD,4505
Cairns School of Distance Education,62 Hoare St,MANUNDA,QLD,4870
Cairns State High School,CNR Sheridan & Upward St,CAIRNS,QLD,4870
Calamvale Community College,11 Hamish St,Calamvale,QLD,4116
Caloundra State High School,88 Queen St,CALOUNDRA,QLD,4551
Cavendish Road State High School,Cnr Cavendish and Holland Rd,HOLLAND PARK,QLD,4121
Centenary Heights State High School,60 Ramsay St,TOOWOOMBA,QLD,4350
Centenary State High School,1 Moolanda St,Jindalee,QLD,4074
Chancellor State College,Sippy Downs Drive,SIPPY DOWNS,QLD,4556
Cleveland District State High School,Russell St,CLEVELAND,QLD,4163
Cleveland State School,Queen St,Cleveland,QLD,4163
Coolum State High School,Havana Rd,COOLUM,QLD,4573
Corinda State High School,46 Pratten St,CORINDA,QLD,4075
Craigslea State High School,Hamilton Rd,CHERMSIDE WEST,QLD,4032
Durack State School,69 Inala Ave,Durack,QLD,4077
Earnshaw State College,Cnr Earnshaw and Tufnell Rd,Banyo,QLD,4014
Edge Hill State School,254 Pease St,Edge Hill,QLD,4870
Elanora State High School,Cnr Nineteenth Ave & Avocado St,ELANORA,QLD,4221
Fernbrooke State School,8 Regents Drive,Redbank Plains,QLD,4301
Ferny Grove State High School,McGinn Rd,Ferny Grove,QLD,4055
Helensvale State High School,243 Discovery Dr,Helensvale,QLD,4212
Hervey Bay State High School,Beach Rd,PIALBA,QLD,4655
Holland Park State High School,Bapaume Rd,Holland Park,QLD,4121
Indooroopilly State High School,Ward St,INDOOROOPILLY,QLD,4068
Ipswich State High School,1 Hunter St,Brassall,QLD,4305
Jindalee State School,114 Burrendah Rd,Jindalee,QLD,4074
Kawana Waters State College,119 Sportsmans Pde,KAWANA WATERS,QLD,4575
Kedron State High School,Park Rd,WOOLOOWIN,QLD,4030
Keebra Park State High School,Anne St,SOUTHPORT,QLD,4215
Kelvin Grove State College,L'Estrange Tce,KELVIN GROVE,QLD,4059
Kenmore State High School,60 Aberfeldy St,KENMORE,QLD,4069
Kenmore State School,2052 Moggill Rd,Kenmore,QLD,4069
Kingaroy State High School,Toomey St,Kingaroy,QLD,4610
Kirwan State High School,Hudson St,Kirwan,QLD,4817
Mabel Park State High School,72 Paradise Rd,Slacks Creek,QLD,4127
MacGregor State High School,Blackwattle St,MacGregor,QLD,4109
Mackay North State High School,Valley St,MACKAY NORTH,QLD,4740
Malanda State High School,Memorial Dr,Malanda,QLD,4885
Maleny State High School,50 Bunya St,MALENY,QLD,4552
Maroochydore State High School,160 Maroochydore Rd,MAROOCHYDORE,QLD,4558
Maryborough State High School,Kent St,MARYBOROUGH,QLD,4650
Meridan State College,214 Parklands Blvd,Meridan Plains,QLD,4551
Merrimac State High School,Dunlop Ct,MERMAID WATERS,QLD,4218
Merrimac State School,2 Boowaggan Rd,MERRIMAC,QLD,4226
Miami State High School,2137 Gold Coast Hwy,BURLEIGH HEADS,QLD,4220
Milton State School,Bayswater Street,Milton,QLD,4064
Mitchelton State High School,754 Samford Rd,MITCHELTON,QLD,4053
Mitchelton State School,Mitchelton State School,MITCHELTON,QLD,4053
Mount Gravatt State High School,42 Loreburn St,MT GRAVATT,QLD,4122
Mountain Creek State High School,Lady Musgrave Dr,MOUNTAIN CREEK,QLD,4557
Murrumba State Secondary College,201 Goodfellows Rd,Murrumba Downs,QLD,4503
Nambour State College,1 Carroll St,Nambour,QLD,4560
Nerang State High School,Weedons Rd,NERANG,QLD,4211
North Lakes State College,Memorial Dr,MANGO HILL,QLD,4509
Ormeau Woods State High School,Goldmine Rd,ORMEAU,QLD,4208
Palm Beach-Currumbin State High School,Thrower Dr,PALM BEACH,QLD,4221
Pimlico State High School,Fulham Rd,PIMLICO,QLD,4812
Queensland Academy for Creative Industries,61 Musk Ave,Kelvin Grove,QLD,4059
Queensland Academy for Health Sciences,Edmund Rice Dr,Southport,QLD,4215
Queensland Academy for Science Mathematics and Technology,78 Bywong St,Toowong,QLD,4066
Queensland Department of Education,Level 18,BRISBANE CITY EAST,QLD,4001
Redlynch State College,Jungara Rd,Redlynch,QLD,4870
Robina State High School,Investigator Dr,ROBINA,QLD,4226
Rochedale State High School,249 Priestdale Rd,ROCHEDALE,QLD,4123
Smithfield State High School - Tropical North Learning Academy,O'Brien Rd,SMITHFIELD,QLD,4878
Southport State High School,75 Smith St,Southport,QLD,4215
Springfield Central State High School,70 Parkland Dr,Springfield Central,QLD,4300
Stretton State College,226 Illaweena St,STRETTON,QLD,4116
Sunnybank State High School,Boorman St,SUNNYBANK,QLD,4109
Sunnybank State School,50 Eddington St,SUNNYBANK,QLD,4109
Sunshine Beach State High School,45 Ben Lexcen Dr,SUNSHINE BEACH,QLD,4567
Sunshine Beach State School,David Low Way,SUNSHINE BEACH,QLD,4567
The Gap State High School,1020 Waterworks Rd,THE GAP,QLD,4061
Trinity Bay State High School,26 Hoare St,CAIRNS,QLD,4870
Trinity Beach State School - Tropical North Learning Academy,Wewak St,Trinity Beach,QLD,4879
Upper Coomera State College,137 Reserve Rd,UPPER COOMERA,QLD,4209
Upper Mount Gravatt State School,1899 Logan Rd,Upper Mount Gravatt,QLD,4122
Urangan State High School,Robert St,URANGAN,QLD,4655
Varsity College,198 Varsity Pde,VARSITY LAKES,QLD,4227
Wellington Point State High School,2 Badgen Rd,WELLINGTON POINT,QLD,4160
Whites Hill State College,138 Burn St,CAMP HILL,QLD,4152
Whitfield State School,Cnr McManus and Marino St,Whitfield,QLD,4870
William Ross State High School,Mervyn Crossman Dr,Annandale,QLD,4814
Woodcrest State College,38 Nev Smith Dr,Springfield,QLD,4300
Yeppoon State High School,Rawlings St,YEPPOON,QLD,4703
Yeronga State High School,159 Villa St,YERONGA,QLD,4104
Scotch College,Carruth Rd,Torrens Park,SA,5062
Monivae College,133 Ballarat Rd,HAMILTON,VIC,3300
St Patricks College,1431 Sturt St,BALLARAT,VIC,3350
Scotch College,1 Morrison St,HAWTHORN,VIC,3122
Seymour College Inc,546 Portrush Rd,GLEN OSMOND,SA,5064
Loreto College,316 Portrush Rd,MARRYATVILLE,SA,5068
ACT Education and Training Directorate,51 Fremantle Dr,Stirling,ACT,2611
Ainslie School,Donaldson St,BRADDON,ACT,2612
Alfred Deakin High School,Denison St,DEAKIN,ACT,2600
Amaroo School,Katherine Ave,AMAROO,ACT,2914
Aranda Primary School,Banambila Crescent,ARANDA,ACT,2614
Arawang Primary School,Nemarang Cres,WARAMANGA,ACT,2611
Belconnen High School,Murranji St,HAWKER,ACT,2614
Bonython Primary School,Hurtle Ave,BONYTHON,ACT,2905
Calwell High School,Casey Cres,Calwell,ACT,2905
Calwell Primary School,Downward St,CALWELL,ACT,2905
Campbell High School,Treloar Cres,CAMPBELL,ACT,2612
Campbell Primary School,Chauvel St,CAMPBELL,ACT,2601
Canberra College,Launceston St,PHILLIP,ACT,2606
Canberra High School,Bindubi St,MACQUARIE,ACT,2614
Caroline Chisholm School,108 Hambidge Cres,CHISHOLM,ACT,2905
Chapman Primary School,Perry Dr,CHAPMAN,ACT,2611
Charles Conder Primary School,Tom Roberts Ave,CONDER,ACT,2906
Charles Weston School,Woodbury Ave,COOMBS,ACT,2611
Charnwood-Dunlop School,Bettington Cct,CHARNWOOD,ACT,2615
Curtin Primary School,Theodore St,CURTIN,ACT,2605
Dickson College,Phillip Ave,DICKSON,ACT,2602
Duffy Primary School,Burrinjuck Cres,DUFFY,ACT,2611
Erindale College,McBryde Cres,WANNIASSA,ACT,2903
Evatt Primary School,Heydon Cres,EVATT,ACT,2617
Evelyn Scott School (P-10),2 Bielski Street,Denman Prospect,ACT,2611
Fadden Primary School,Hanlon Cres,FADDEN,ACT,2904
Farrer Primary School,Lambrigg St,FARRER,ACT,2607
Florey Primary School,Ratcliffe Cres,FLOREY,ACT,2615
Forrest Primary School,Hobart Ave,FORREST,ACT,2603
Franklin School,Oodgeroo Ave,FRANKLIN,ACT,2913
Fraser Primary School,Tillyard Dr,FRASER,ACT,2615
Garran Primary School,Gilmore Cres,GARRAN,ACT,2605
Gilmore Primary School,Heagney Cres,GILMORE,ACT,2905
Giralang Primary School,Canopus Cres,GIRALANG,ACT,2617
Gold Creek School,Kelleway Ave,NICHOLLS,ACT,2913
Gordon Primary School,Knoke Ave,GORDON,ACT,2906
Gowrie Primary School,Jeffries St,GOWRIE,ACT,2904
Gungahlin College,23 Gozzard St,GUNGAHLIN TOWN CENTRE,ACT,2912
Harrison School,Wimmera St,HARRISON,ACT,2914
Hawker College,Murranji St,HAWKER,ACT,2614
Hawker Primary School,Erldunda Cct,HAWKER,ACT,2614
Hughes Primary School,Groom St,HUGHES,ACT,2605
Isabella Plains Early Childhood School,Ellerston Ave,ISABELLA PLAINS,ACT,2905
Kaleen Primary School,Ashburton Cct,KALEEN,ACT,2617
Kingsford Smith School,100 Starke St,HOLT,ACT,2615
Lake Tuggeranong College,Cowlishaw St,TUGGERANONG,ACT,2900
Lanyon High School,Heidelberg St,CONDER,ACT,2906
Latham Primary School,OLoghlen St,LATHAM,ACT,2602
Lyneham High School,Goodwin St,LYNEHAM,ACT,2602
Lyneham Primary School,Hall St,LYNEHAM,ACT,2602
Lyons Early Childhood School,Tarraleah Cres,LYONS,ACT,2606
Macgregor Primary School,Hirschfield Cres,MacGREGOR,ACT,2615
Macquarie Primary School,Bennelong Cres,MACQUARIE,ACT,2614
Majura Primary School,Knox St,WATSON,ACT,2612
Margaret Hendry School,Sutherland Cres,TAYLOR,ACT,2913
Maribyrnong Primary School,Alberga St,KALEEN,ACT,2617
Mawson Primary School,Ainsworth St,MAWSON,ACT,2607
Melba Copland Secondary School,Copland Dr,MELBA,ACT,2615
Melrose High School,Marr St,PEARCE,ACT,2607
Miles Franklin Primary School,Alderman St,EVATT,ACT,2617
Monash Primary School,Corlette Cres,MONASH,ACT,2904
Mount Rogers Primary School,Alfred Hill Dr,MELBA,ACT,2615
Mt Stromlo High School,Badimara St,WARAMANGA,ACT,2611
Namadgi School,PO BOX 158,Canberra,ACT,2601
Narrabundah College,Jerrabomberra Ave,NARRABUNDAH,ACT,2604
Narrabundah Early Childhood School,Kootara Cres,NARRABUNDAH,ACT,2604
Neville Bonner Primary School,Mabo Blvd,BONNER,ACT,2914
Ngunnawal Primary School,Unaipon Cres,NGUNNAWAL,ACT,2913
North Ainslie Primary School,Majura Ave,AINSLIE,ACT,2602
OConnor Cooperative School,MacPherson St,OCONNOR,ACT,2601
Palmerston District Primary School,Kosciusko Ave,PALMERSTON,ACT,2913
Red Hill Primary School,Astrolabe St,RED HILL,ACT,2603
Richardson Primary School,May Gibbs Cl,RICHARDSON,ACT,2905
Secondary Introductory English Centre,Phillip Ave,DICKSON,ACT,2602
Southern Cross Early Childhood School,Wirraway Cres,SCULLIN,ACT,2614
Taylor Primary School,Marconi Cres,KAMBAH,ACT,2902
Telopea Park School,New South Wales Cres,BARTON,ACT,2600
Theodore Primary School,Lawrence-Wackett Cres,THEODORE,ACT,2905
Throsby Primary School,1 Freshwater Street,Throsby,ACT,2914
Torrens Primary School,Ritchie St,TORRENS,ACT,2607
Turner School,Condamine St,TURNER,ACT,2601
UC High School Kaleen,Baldwin Dr,KALEEN,ACT,2617
University of Canberra Senior Secondary College Lake Ginninderra,2 Emu Bank,BELCONNEN,ACT,2617
Wanniassa Hills Primary School,Langdon Ave,WANNIASSA,ACT,2903
Wanniassa School,Sternberg Cres,WANNIASSA,ACT,2903
Weetangera Primary School,Southwell St,WEETANGERA,ACT,2614
Yarralumla Primary School,Loftus St,YARRALUMLA,ACT,2600
Haileybury College,855 Springvale Rd,KEYSBOROUGH,VIC,3173
Haileybury College,120 South Rd,BRIGHTON EAST,VIC,3187
Haileybury College,138 High St,BERWICK,VIC,3806
Launceston Church Grammar School,Button St,MOWBRAY HEIGHTS,TAS,7248
Cleveland Road,28-38 Old Cleveland Road,Stones Corner,QLD,4120
"Level 1, 180 Logan Road, Woolloongabba, QLD 4102","Level 1, 180 Logan Road",WOOLLOONGABBA,QLD,4102
"66 Harrington St, The Rocks, NSW 2000",66 Harrington St,The Rocks,NSW,2000
Melbourne Campus,120 King St,Melbourne,VIC,3000
Marist College Ashgrove,142 Frasers Rd,Ashgrove,QLD,4060
Moore Theological College (Higher Ed operations),1 King St,NEWTOWN,NSW,2042
Trinity College (The University of Melbourne precinct),715 Swanston St,Carlton,VIC,3053
Toowoomba Anglican School,2 Campbell St,TOOWOOMBA,QLD,4350
SCECGS Redlands,272 Military Rd,Cremorne,NSW,2090
SCECGS Redlands Murdoch Campus,57 Murdoch St,CREMORNE,NSW,2090
St James's Christian Brothers School,169 Boundary St,BRISBANE,QLD,4000
144 High St Prahran,144 High St,Prahran,VIC,3182
Civic Drive Greensborough VIC,61 Civic Dr,Greensborough,VIC,3088
Collingwood Campus,20 Otter St,Collingwood,VIC,3066
Epping Campus,415 Dalton Rd,Epping,VIC,3076
Fairfield Campus,101 Yarra Bend Rd,Fairfield,VIC,3078
Heidelberg Campus,377 Waterdale Rd,Heidelberg West,VIC,3081
Lort Smith Animal Hospital,24 Villiers St,North Melbourne,VIC,3051
Northern Lodge - Eden Park,60 Glen Robin Ct,Eden Park,VIC,3757
Northern Lodge - Yan Yean,2005 Plenty Rd,Yan Yean,VIC,3755
"Preston Campus - 77 - 91 St Georges Rd, Preston",77 St Georges Rd,Preston,VIC,3072
Edmund Rice Campus,11 Westbury St,ST KILDA EAST,VIC,3183
Presentation Campus,187 Dandenong Road,WINDSOR,VIC,3181
Aranmore Catholic College,41 Franklin St,Leederville,WA,6007
The National Institute of Dramatic Art (Higher Ed Operations),215 Anzac Pde,KENSINGTON,NSW,2033
Ursula Frayne Catholic College - Primary campus,66 Balmoral St,East Victoria Park,WA,6101
Ursula Frayne Catholic College - Secondary campus,15 Duncan St,Victoria Park,WA,6100
Trinity Anglican School,Progress Rd,WHITE ROCK,QLD,4868
Trinity Anglican School (Kewarra Beach),Poolwood Road,KEWARRA BEACH,QLD,4879
SHORE - Sydney Church of England Grammar School,Blue St,NORTH SYDNEY,NSW,2059
Northern Territory Department of Education,55 Mitchell St,DARWIN,NT,801
Haymarket Campus,"Level 13, UTS Building 10 (CB10)",Broadway,NSW,2007
UTS Building CB05,UTS Building CB05,Haymarket,NSW,2000
Abbotsford Primary School,Lithgow Street,ABBOTSFORD,VIC,3067
Albany Rise Primary School,74-82 Albany Drive,MULGRAVE,VIC,3170
Alkira Secondary College,15 Nurture Avenue,CRANBOURNE NORTH,VIC,3977
Araluen Primary School,Patten Street,SALE,VIC,3850
Armadale Primary School,9-23 Densham Road,ARMADALE,VIC,3143
Ashwood High School,50 Vannam Drive,ASHWOOD,VIC,3147
Auburn High School,26 Burgess Street,HAWTHORN EAST,VIC,3123
Auburn South Primary School,419 Tooronga Road,HAWTHORN EAST,VIC,3123
Avondale Primary School,Clarendon St,AVONDALE HEIGHTS,VIC,3034
Bairnsdale Primary School,330 - 370 Main Street,BAIRNSDALE,VIC,3875
Bairnsdale Secondary College,90 McKean Street,Bairnsdale,VIC,3875
Ballarat High School,Sturt Street West,BALLARAT,VIC,3350
Balwyn High School,Buchanan Avenue,BALWYN NORTH,VIC,3104
Balwyn Primary School,86B Balwyn Road,BALWYN,VIC,3103
Bayside P-12 College,29-69 Kororoit Creek Road,WILLIAMSTOWN,VIC,3016
Bayswater West Primary School,Phyllis Street,BAYSWATER,VIC,3153
Belmont High School,Rotherham Street,BELMONT,VIC,3216
Bendigo Senior Secondary College,40 Gaol Road,BENDIGO,VIC,3550
Bentleigh Secondary College,Vivien St,BENTLEIGH EAST,VIC,3165
Blackburn High School,60 Springfield Road,BLACKBURN,VIC,3130
Blackburn Primary School,185 Surrey Road,BLACKBURN,VIC,3130
Boroondara Park Primary School,40 Almond Street,Balwyn North,VIC,3104
Box Hill High School,1180 Whitehorse Road,BOX HILL,VIC,3128
Box Hill North Primary School,Elizabeth Street,BOX HILL NORTH,VIC,3129
Box Hill Senior Secondary College,Dunloe Avenue,MONT ALBERT NORTH,VIC,3129
Braybrook College,352 Ballarat Road,BRAYBROOK,VIC,3019
Brentwood Park Primary School,Bemersyde Drive,BERWICK,VIC,3806
Brentwood Secondary College,65-71 Watsons Road,GLEN WAVERLEY,VIC,3150
Bridgewood Primary School,115 Bridge Road,OFFICER,VIC,3809
Bright P-12 College,Community House Big Muster Drive,BRIGHT,VIC,3741
Brighton Primary School,59 Wilson Street,Brighton,VIC,3186
Brighton Secondary College,120 Marriage Road,BRIGHTON EAST,VIC,3187
Brookside P-9 College,13 -16 Federation Way,CAROLINE SPRINGS,VIC,3023
Brunswick East Primary School,195A Stewart Street,Brunswick East,VIC,3057
Brunswick Secondary College,47 Dawson Street,BRUNSWICK,VIC,3056
Brunswick South Primary School,56 Brunswick Road,BRUNSWICK EAST,VIC,3057
Brunswick South West Primary School,South Daly Street,BRUNSWICK WEST,VIC,3055
Bundoora Secondary College,53 Balmoral Avenue,BUNDOORA,VIC,3083
Burwood East Primary School,Cnr Blackburn And Highbury Rds,BURWOOD EAST,VIC,3151
Burwood Heights Primary School,Cnr Hawthorn & Mahoneys Rds,BURWOOD EAST,VIC,3151
Camberwell High School,Prospect Hill Road,CANTERBURY,VIC,3126
Canterbury Girls Secondary College,16 Mangarra Road,CANTERBURY,VIC,3126
Carranballac P-9 College,Cnr Foxwood Dve & Dunnings Rd,POINT COOK,VIC,3030
Carrington Primary School,Laura Road,Knoxfield,VIC,3180
Carwatha College P-12,43-81 Browns Road,NOBLE PARK,VIC,3174
Chandler Park Primary School,Cochrane Avenue Campus,Keysborough,VIC,3173
Charles La Trobe P-12 College,Cnr of Cooper Street and Dalton Road,EPPING,VIC,3076
Chelsea Heights Primary School,194 Thames Promenade,Chelsea Heights,VIC,3196
Cheltenham Secondary College,73-75 Bernard Street,CHELTENHAM,VIC,3192
Clarinda Primary School,1166 Centre Road,CLARINDA,VIC,3169
Clayton South Primary School,539 Clayton Road,Clayton South,VIC,3169
Coatesville Primary School,21 Mackie Road,Bentleigh East,VIC,3165
Collingwood College,Cnr Cromwell St/McCutcheon Way,COLLINGWOOD,VIC,3066
Copperfield College,Goldsmith Avenue,DELAHEY,VIC,3037
Cranbourne Secondary College,Stawell Street,CRANBOURNE,VIC,3977
Creekside K-9 College,9 The Crossing,CAROLINE SPRINGS,VIC,3023
Croydon Special Developmental School,71-95 Belmont Road East,Croydon South,VIC,3136
Crusoe 7-10 Secondary College,Address: 57 - 75 Olympic Parade,Kangaroo Flat,VIC,3555
Dandenong High School,92-106 Princes Highway,DANDENONG,VIC,3175
Deepdene Primary School,958B Burke Road,Deepdene,VIC,3103
Donburn Primary School,Colchester Drive,DONCASTER EAST,VIC,3109
Doncaster Gardens Primary School,Sandhurst Avenue,DONCASTER EAST,VIC,3109
Doncaster Primary School,2 - 12 Council Street,DONCASTER,VIC,3108
Doncaster Secondary College,123 Church Road,DONCASTER,VIC,3108
East Doncaster Secondary College,20 George Street,DONCASTER EAST,VIC,3109
Elsternwick Primary School,Murphy Street,BRIGHTON,VIC,3186
Elwood College,101 Glenhuntly Road,ELWOOD,VIC,3184
Elwood Primary School,Scott Street,ELWOOD,VIC,3184
Epping Secondary College,Mcdonalds Road,EPPING,VIC,3076
Epping Views Primary School,20 Mansfield Street,EPPING,VIC,3076
Essendon Keilor College,Quinn Grove,KEILOR EAST,VIC,3033
Euroa Secondary College,26 Campbell Street,Euroa,VIC,3666
Fairhills High School,Scoresby Road,KNOXFIELD,VIC,3180
Footscray High School,1 Kinnear Street,FOOTSCRAY,VIC,3011
Footscray Primary School,Cnr Geelong Road & Barkly St,FOOTSCRAY,VIC,3011
Forest Hill College,Mahoneys Rd,BURWOOD EAST,VIC,3151
Fountain Gate Secondary College,45 Josephine Avenue,NARRE WARREN,VIC,3805
Frankston High School,97 Foot Street,FRANKSTON,VIC,3199
Frankston Primary School,Davey Street,Frankston,VIC,3199
Glen Eira College,76 Booran Road,CAULFIELD EAST,VIC,3145
Glen Waverley Primary School,774 High Street Road,GLEN WAVERLEY,VIC,3150
Glen Waverley Secondary College,13-21 O'Sullivan Road,GLEN WAVERLEY,VIC,3150
Glen Waverley South Primary School,Whites Lane,GLEN WAVERLEY,VIC,3150
Gleneagles Secondary College,58 Reema Boulevard,Endeavour Hills,VIC,3802
Glenferrie Primary School,78 - 98 Manningtree Road,HAWTHORN,VIC,3122
Glengala Primary School,Kermeen Street,SUNSHINE WEST,VIC,3020
Glenroy West Primary School,York Street,GLENROY,VIC,3046
Greater Shepparton Secondary College,1 - 19 Parkside Drive,Shepparton,VIC,3630
Greensborough Primary School,130 Grimshaw Street,Greensborough,VIC,3088
Greythorn Primary School,Reading Avenue,BALWYN NORTH,VIC,3104
Hampton Park Secondary College,58  96 Fordham Road,Hampton Park,VIC,3976
Heatherhill Primary School,959 Heatherton Road,SPRINGVALE,VIC,3171
Highvale Primary School,33 Ashton Street,GLEN WAVERLEY,VIC,3150
Highvale Secondary College,Capital Avenue,GLEN WAVERLEY,VIC,3150
Hoppers Crossing Secondary College,2 Fraser Street,HOPPERS CROSSING,VIC,3029
Horsham College,310 Baillie Street,Horsham,VIC,3400
Hughesdale Primary School,Brine Street,HUGHESDALE,VIC,3166
Hume Central Secondary College,60-78 Tanderrum Way,BROADMEADOWS,VIC,3047
Huntingdale Primary School,Grange Street,OAKLEIGH SOUTH,VIC,3167
Irymple Primary School,2032 15th Street,Irymple,VIC,3498
John Fawkner Secondary College,51 Jukes Road,FAWKNER,VIC,3060
Kambrya College,68 Bemersyde Drive,BERWICK,VIC,3806
Keilor Downs Secondary College,100-110 Odessa Avenue,KEILOR DOWNS,VIC,3038
Kerrimuir Primary School,Molbray Street,Box Hill North,VIC,3129
Kew High School,1393 Burke Road,KEW EAST,VIC,3102
Kew Primary School,Peel Street,KEW,VIC,3101
Keysborough Secondary College,8-20 Janine Road,SPRINGVALE SOUTH,VIC,3172
Kingsbury Primary School,1A Maryborough Avenue,KINGSBURY,VIC,3083
Koonung Secondary College,615 Elgar Road,MONT ALBERT NORTH,VIC,3129
Kurnai College,Northways Road,CHURCHILL,VIC,3842
Kurunjang Secondary College,Kurunjang Drive,MELTON,VIC,3337
Laburnum Primary School,Janet Street,BLACKBURN,VIC,3130
Lakeview Senior College,College Street,CAROLINE SPRINGS,VIC,3023
Lalor Gardens Primary School,3 Linoak Avenue,LALOR,VIC,3075
Lalor North Secondary College,114 Childs Road,EPPING,VIC,3076
Lilydale Heights College,17-19 Nelson Road,LILYDALE,VIC,3140
Livingstone Primary School,25 - 29 Livingstone Road,VERMONT SOUTH,VIC,3133
Lyndale Secondary College,14 Halton Road,DANDENONG NORTH,VIC,3175
Macleod College,Carwarp Street,MACLEOD,VIC,3085
Malvern Primary School,17 Tooronga Road,MALVERN EAST,VIC,3145
Malvern Valley Primary School,Abbotsford Avenue,MALVERN EAST,VIC,3145
Maribyrnong Secondary College,River Street,MARIBYRNONG,VIC,3032
McClelland Secondary College,31 Belar Avenue,FRANKSTON,VIC,3199
McKinnon Primary School,253 Tucker Road,ORMOND,VIC,3204
McKinnon Secondary College,291a Mckinnon Road,MCKINNON,VIC,3204
Melbourne Girls College,Yarra Boulevard,RICHMOND,VIC,3121
Melton Secondary College,Coburns Road,Melton,VIC,3337
Mentone Girls Secondary College,Cnr Balcombe & Charman Rds,MENTONE,VIC,3194
Mernda Park Primary School,40 Riverdale Boulevard,MERNDA,VIC,3754
Mernda Primary School,25 Everton Drive,Mernda,VIC,3754
Mildura Senior College,307-339 Deakin Avenue,MILDURA,VIC,3500
Milgate Primary School,96 Landscape Drive,DONCASTER EAST,VIC,3109
Mill Park Secondary College,9 - 25 Moorhead Drive,MILL PARK,VIC,3082
Mitcham Primary School,294 Mitcham Road,MITCHAM,VIC,3132
Monash Special Developmental School,15-25 Academy Avenue,WHEELERS HILL,VIC,3150
Mont Albert Primary School,Barloa Road,MONT ALBERT,VIC,3127
Mordialloc College,1 Station Street,MORDIALLOC,VIC,3195
Mossfiel Primary School,Langridge Street,HOPPERS CROSSING,VIC,3029
Mount Alexander 7-12 College,167-175 Mt Alexander Road,FLEMINGTON,VIC,3031
Mount Clear College,59 Olympic Avenue,MOUNT CLEAR,VIC,3353
Mount Ridley P-12 College,2-30 Hampton Street,CRAIGIEBURN,VIC,3064
Mount Waverley Heights Primary School,36 Solomon St,Mount Waverley,VIC,3149
Mount Waverley North Primary School,Marcus Avenue,MOUNT WAVERLEY,VIC,3149
Mount Waverley Secondary College,9 Lechte Road,MOUNT WAVERLEY,VIC,3149
Mullauna Secondary College,456 Springfield Road,MITCHAM,VIC,3132
Myrtleford P-12 College,Prince Street,Myrtleford,VIC,3737
Newington Primary School,49 Inkerman Street,Ballarat,VIC,3350
Newtown Primary School,157-161 Aberdeen Street,Newtown,VIC,3220
Noble Park Primary School,65 Buckley Street,NOBLE PARK,VIC,3174
Noble Park Secondary College,3 Callaghan Street,NOBLE PARK,VIC,3174
North Geelong Secondary College,86-132 Separation Street,NORTH GEELONG,VIC,3215
Northcote High School,St Georges Road,NORTHCOTE,VIC,3070
Northern College of the Arts and Technology,62 Murray Road,PRESTON,VIC,3072
Oak Park Primary School,Willett Avenue,Oak Park,VIC,3046
Old Orchard Primary School,88 Koonung Road,BLACKBURN NORTH,VIC,3130
Orchard Grove Primary School,101 Orchard Grove,Blackburn South,VIC,3130
Pakenham Secondary College,1020 Princes Highway,Pakenham,VIC,3810
Parkdale Secondary College,Warren Road,MORDIALLOC,VIC,3195
Parkmore Primary School,38-54 Jolimont Road,Forest Hill,VIC,3131
Pembroke Primary School,25,Mooroolbark,VIC,3138
Point Cook Senior Secondary College,Cnr Boardwalk Blvd & Bergamot,POINT COOK,VIC,3030
Porepunkah Primary School,2 Martley Street,Porepunkah,VIC,3740
Preston High School,2-16 Cooma Street,Preston,VIC,3072
Preston North East Primary School,93 Tyler Street,East Preston,VIC,3072
Red Cliffs Secondary College,55 Fitzroy Avenue,Red Cliffs,VIC,3496
Reservoir High School,855 Plenty Road,RESERVOIR,VIC,3073
Richmond High School,4 Griffiths Street,RICHMOND,VIC,3121
Richmond West Primary School,25 Lennox Street,RICHMOND,VIC,3121
Ringwood Secondary College,Bedford Road,RINGWOOD,VIC,3134
Rosanna Golf Links Primary School,Interlaken Parade,Rosanna,VIC,3084
Rosehill Secondary College,Sapphire Street,NIDDRIE,VIC,3042
Rowville Primary School,Paratea Drive,ROWVILLE,VIC,3178
Rowville Secondary College,17 Paratea Drive,ROWVILLE,VIC,3178
Sale College,73-81 Macalister Street,SALE,VIC,3850
Sandringham College,11 Holloway Road,SANDRINGHAM,VIC,3191
Sandringham East Primary School,9 Holloway Road,SANDRINGHAM,VIC,3191
Scoresby Secondary College,Cavell Street,SCORESBY,VIC,3179
Seaholme Primary School,Cnr Millers Rd & Civic Parade,SEAHOLME,VIC,3018
Serpell Primary School,Tuckers Road,TEMPLESTOWE,VIC,3106
Silverton Primary School,77-123 Jacksons Road,Noble Park North,VIC,3174
South Oakleigh Secondary College,Browns Road,CLAYTON,VIC,3168
Spring Parks Primary School,24 Erica Street,SPRINGVALE,VIC,3171
Springvale Rise Primary School,32-52 Wareham Street,SPRINGVALE,VIC,3171
St Albans Secondary College,Cnr Watkins road and School Camp Road,CREEK JUNCTION,VIC,3669
Stawell Secondary College,79-97 Patrick Street,STAWELL,VIC,3380
Strathmore Secondary College,400 Pascoe Vale Road,STRATHMORE,VIC,3041
Sunbury Downs Secondary College,148-174 Mitchells Lane,SUNBURY,VIC,3429
Sunshine College,Graham Street,SUNSHINE,VIC,3020
Sunshine Harvester Primary School,132 Hertford Road,SUNSHINE,VIC,3020
Surf Coast Secondary College,75 White Street,TORQUAY,VIC,3228
Syndal South Primary School,14 Montgomery Avenue,MOUNT WAVERLEY,VIC,3149
Taylors Lakes Primary School,21-35 Chichester Drive,TAYLORS LAKES,VIC,3038
Templestowe College,7 Cypress Avenue,TEMPLESTOWE LOWER,VIC,3107
The Grange P-12 College,30 Deloraine Drive,HOPPERS CROSSING,VIC,3029
Thornbury High School,238 Collins Street,THORNBURY,VIC,3071
University High School,77 Story Street,PARKVILLE,VIC,3052
Upper Ferntree Gully Primary School,Talaskia Road,Upper Ferntree Gully,VIC,3156
Vermont Secondary College,27 - 63 Morack Road,VERMONT,VIC,3133
Victoria University Secondary College,5A Jamieson Street,ST ALBANS,VIC,3021
Victorian College Of The Arts Secondary School,57 Miles Street,SOUTHBANK,VIC,3006
Viewbank College,Warren Road,ROSANNA,VIC,3084
Wallan Secondary College,100 Duke Street,WALLAN,VIC,3756
Wantirna College,90 Harold Street,WANTIRNA,VIC,3152
Wantirna Primary School,120 Mountain Highway,WANTIRNA,VIC,3152
Warrandyte High School,241-247 Heidelberg-Warrandyte Rd,WARRANDYTE,VIC,3113
Wellington Secondary College,91 Police Road,MULGRAVE,VIC,3170
Werribee Secondary College,45 Duncans Road,WERRIBEE,VIC,3030
Westall Primary School,Fairbank Road,CLAYTON SOUTH,VIC,3169
Westall Secondary College,88-128 Rosebank Avenue,CLAYTON SOUTH,VIC,3169
Wheelers Hill Secondary College,2-28 Raphael Drive,WHEELERS HILL,VIC,3150
Williamstown High School,76 Pasco Street,WILLIAMSTOWN,VIC,3016
Wodonga Middle Years College,22-24 Mitchell Street,WODONGA,VIC,3690
Wodonga Senior Secondary College,80 Brockley Street,WODONGA,VIC,3690
Yarra Primary School,68-76 Davison Street,RICHMOND,VIC,3121
St Aloysius College,31 Curran St,NORTH MELBOURNE,VIC,3051
St Joseph's College - Ferntree Gully,5 Brenock Park Dr,FERNTREE GULLY,VIC,3156
"251 Cotlew Street, Ashmore",251 Cotlew St,ASHMORE,QLD,4214
Trinity Lutheran College,641 Ashmore Rd,ASHMORE,QLD,4214
Berwick Campus - 25 Kangan Drive,25 Kangan Dr,BERWICK,VIC,3806
Cranbourne Campus - New Holland Drive,2 New Holland Dr,CRANBOURNE,VIC,3977
Dandenong Campus - 121 Stud Road,121 Stud Rd,DANDENONG,VIC,3175
Dandenong Campus - 311 Lonsdale Street,311 Lonsdale St,Dandenong,VIC,3175
Frankston Campus - Fletcher Road,25 Fletcher Rd,FRANKSTON,VIC,3199
Pittwater House Schools,Westmoreland Ave,COLLAROY,NSW,2097
Holmes Commercial Colleges Melbourne Limited,185 Spring St,MELBOURNE,VIC,3000
"55 Regent St, Chippendale NSW 2008",55 Regent Street,Chippendale,NSW,2008
A.B. Paterson College Ltd,A B Paterson Dr,Arundel,QLD,4214
Brisbane Christian College (Middle & Secondary Campus),63 Fairlie Tce,Salisbury,QLD,4107
Brisbane Christian College (Primary Campus),109 Golda Ave,SALISBURY,QLD,4107
ATMC- Melbourne,470 Bourke Street,Melbourne,VIC,3000
Western Sydney University - Bankstown City,74 Rickard Rd,Bankstown,NSW,2200
Western Sydney University - Campbelltown,Narellan Rd,Campbelltown,NSW,2560
Western Sydney University - Hawkesbury,"Student Centre, Building G7",RICHMOND,NSW,2753
Western Sydney University - Liverpool,100 Macquarie St,Liverpool,NSW,2170
Western Sydney University - Nirimba,UWS College Nirimba Campus,Quakers Hill,NSW,2763
Western Sydney University - Parramatta,Cnr of Victoria Rd & James Ruse Dr,Parramatta,NSW,2150
Western Sydney University - Parramatta City,"169 Macquarie St,",Parramatta,NSW,2150
Western Sydney University - Penrith,"Student Centre, Building I",KINGSWOOD,NSW,2747
Western Sydney University - Sydney City Campus,Level 4,Sydney,NSW,2000
Redlands College Ltd,38 Anson Rd,WELLINGTON ROAD,QLD,4160
Cass Training International College,48 Lime St,SYDNEY,NSW,2000
Alphacrucis Adelaide Campus - 1013 South Road,1013 South Rd,MELROSE PARK,SA,5039
Alphacrucis College - 42 OKeefe Street,42 OKeefe St,WOOLLOONGABBA,QLD,4102
Alphacrucis College - Baulkham Hills (Higher Ed) - Norwest Boulevard and Solent Circuit,cnr Norwest Boulevard and Solent Circuit,BAULKHAM HILLS,NSW,2153
Alphacrucis College Hobart - 45 Melville Street,45 Melville St,HOBART,TAS,7000
Alphacrucis College Limited - 30 Cowper Street,30 Cowper St,PARAMATTA,NSW,2150
Alphacrucis College Waterloo - 188 Young Street,188 Young St,SYDNEY,NSW,2017
"Alphacrucis College, Perth - 3/642 Albany Highway",642 Albany Hwy,VICTORIA PARK,WA,6100
"Level 4 350 Queen St, Melbourne VIC 3000",350 Queen St,Melbourne,VIC,3000
The Cathedral School,Ross River Rd,TOWNSVILLE,QLD,4810
Brisbane Adventist College,303A Broadwater Rd,MANSFIELD,QLD,4122
Haileybury Rendall School,Berrimah Rd,BERRIMAH,NT,828
St Laurence's College,82 Stephens Rd,SOUTH BRISBANE,QLD,4101
Ivanhoe Girls' Grammar School,123 Marshall St,Ivanhoe,VIC,3079
Melbourne Grammar School,355 St Kilda Rd,MELBOURNE,VIC,3004
Gilson College,450 Taylors Rd,TAYLORS HILL,VIC,3037
Mernda Campus,370 Bridge Inn Rd,Mernda,VIC,3754
All Saints Anglican School,Highfield Dr,Merrimac,QLD,4226
Perth Bible College (Inc),1 College Ct,Karrinyup,WA,6018
Australian Islamic College (Dianella),81 Cleveland St,DIANELLA,WA,6059
Australian Islamic College (Kewdale),139 President St,KEWDALE,WA,6105
Australian Islamic College (Thornlie),17 Tonbridge Way,THORNLIE,WA,6108
Whitsunday Anglican School,Celeber Dr,BEACONSFILED,QLD,4740
Citipointe Christian College,322 Wecker Rd,CARINDALE,QLD,4152
Christian Heritage College,322 Wecker Rd,Carindale,QLD,4122
"University of Sydney (Wentworth) (Centre for English Teaching, ELICOS Operations)",Wentworth Building,DARLINGTON,NSW,2008
UNSW College (Kensington),Building L5 and Blockhouse,KENSINGTON,NSW,2033
Korowa Anglican Girls' School,Ranfurlie Cres,GLEN IRIS,VIC,3146
Rabbinical College of Australia and New Zealand,67 Alexandra St,EAST ST KILDA,VIC,3183
The University of Notre Dame Australia - Broadway,Pioneer House,BROADWAY,NSW,2007
The University of Notre Dame Australia - Broome,88 Guy St,Broome,WA,6725
The University of Notre Dame Australia - Darlinghurst,160 Oxford St,Darlinghurst,NSW,2010
The University of Notre Dame Australia - Fremantle,19 Mouat St,FREMANTLE,WA,6160
Cairns Christian College,BRINSMEAD Rd,BRINSMEAD,QLD,4870
Australian Lutheran College,104 Jeffcott St,North Adelaide,SA,5006
Catholic Theological College,278 Victoria Pde,East Melbourne,VIC,8002
Pilgrim Theological College,29 College Cres,Parkville,VIC,3052
St Athanasius Coptic Orthodox Theological College,88 Park Rd,Donvale,VIC,3111
St Barnabas College,18 King William Rd,North Adelaide,SA,5006
Trinity College,"Trinity Collge, Royal Pde",Parkville,VIC,3052
Whitley College,271 Royal Pde,Parkville,VIC,3052
Yarra Theological Union,98 Albion Road,Box Hill,VIC,3128
Chabad Institutions of Australia Inc,88 Hotham St,ST KILDA EAST,VIC,3183
Hillcrest Christian College Ltd,21 Bridgman Dr,REEDY CREEK,QLD,4228
164 Melbourne Street,164 Melbourne St,SOUTH BRISBANE,QLD,4101
20 Queen St PERTH WA 6000,20 Queen St,PERTH,WA,6000
53 Balfour St Chippendale NSW 2008,53 Balfour St,Chippendale,NSW,2008
EF International Language Schools (5 - 7 Young Street) (ELICOS Operations),5 Young St,SYDNEY,NSW,2000
Mueller College Limited,75 Morris Rd,Rothwell,QLD,4022
Nazareth College,Manning Park,NOBLE PARK,VIC,3174
Girton Grammar School,105 Mackenzie St,BENDIGO,VIC,3550
St Dominic's Priory College,139 Molesworth St,North Adelaide,SA,5006
AMPA Surry Hills,136 Chalmers St,Surry Hills,NSW,2010
Adelaide - Grenfell Street,Suite 1 Level 9 68 Grenfell St,Adelaide,SA,5000
Brisbane - Ann Street,Ground Floor 369 Ann St,Brisbane,QLD,4000
Kaplan International College Sydney City (ELICOS Operations),98 Goulburn St,SYDNEY,NSW,2000
St Aidan's Anglican Girls School,11 Ruthven St,Corinda,QLD,4075
Bendigo,136 McCrae St,BENDIGO,VIC,3550
Broadmeadows Campus,59 Pearcadale Pde,Broadmeadows,VIC,3047
Docklands,1 Batman's Hill Dr,Docklands,VIC,3008
Echuca Campus,208 Darling St,Echuca,VIC,3564
Essendon,38 Buckley St,Essendon,VIC,3040
Richmond,85 Cremorne St,Richmond,VIC,3121
MacKillop Catholic Regional College (St Mary's campus),Cnr Whites & O'Connors Rd,Werribee South,VIC,3030
Mackillop Catholic Regional College (Werribee),Russell St,WERRIBEE,VIC,3030
Coffs Harbour,Coffs Harbour Education Campus,Coffs Harbour,NSW,2457
Coomera,198 Foxwell Rd,COOMERA,QLD,4209
English Language Centre (Lismore) (ELICOS Operations),1 Military Rd,EAST LISMORE,NSW,2480
Gold Coast Airport Development Park - Bilinga,Gold Coast Aiport Development Park,BILINGA,QLD,4225
"Level 2 & 4, 84-86 Mary Street, Surrey Hills (Sydney Campus)","Level 2, 84 Mary St",Surrey Hills,NSW,2000
Lismore,Military Rd,EAST LISMORE,NSW,2480
Melbourne Campus,108 Lonsdale St,Melbourne,VIC,3000
National Marine Science Centre,Bay Dr,COFFS HARBOUR,NSW,2457
SCU Perth,Ground Floor and Level 1,Perth,WA,6004
The Hotel School Brisbane,"Level 13, 127 Creek St",Brisbane,QLD,4000
The Hotel School Hayman Island,1 Raintree Avenue,Hayman Island,QLD,4801
The Hotel School Melbourne,"Level 3, 399 Lonsdale St",Melbourne,VIC,3000
The Hotel School Sydney,"Ground floor and Level 1-3, 60 Phillip St",SYDNEY,NSW,2000
Rivermount College,Rivermount Dr,Beenleigh,QLD,4207
St Andrew's Christian College,333 Burwood Hwy,BURWOOD,VIC,3125
"69 and 75 Grey St, Brisbane",69 Grey St,SOUTH BRISBANE,QLD,4101
Melbourne,171 Bank St,SOUTH MELBOURNE,VIC,3205
Sydney,561 Harris St,Ultimo,NSW,2007
Peace Lutheran College,Cowley St,FRESHWATER,QLD,4870
Australian International College of Language Pty Ltd,66 Marine Pde,SOUTHPORT,QLD,4215
Canberra Girl's Grammar School,Melbourne Ave,DEAKIN,ACT,2600
Australian Wings Academy - Gold Coast,Shed 19,Bilinga,QLD,4225
Australian Wings Academy Pty Ltd,19 Lores Bonney Cct,COOLANGATTA,QLD,4225
Hangar 3,3 Qantas Ave,Archerfield,QLD,4108
15 Cross Rd URRBRAE SA 5064,15 Cross Rd,URRBRAE,SA,5064
"98 Albion Road, Box Hill",98 Albion Rd,Box Hill,VIC,3128
"Edith Cowan College 10 Injune Way, Joondalup Campus",10 Injune Way,Joondalup,WA,6027
Edith Cowan College Pty Ltd Mount Lawley Campus,Building 10,MOUNT LAWLEY,WA,6050
St Luke's Anglican School,4 Mezger St,BUNDABERG,QLD,4670
ACAP Adelaide Campus,15-19 Franklin Street,Adelaide,SA,5000
ACAP Brisbane Campus,"Ground Floor and Level 3, 410 Ann St",BRISBANE,QLD,4000
ACAP Melbourne Campus,"Level 3, 222 Bourke Street",Melbourne,VIC,3000
ACAP Perth Campus,Level 3/116-120 Roe St,Northbridge,WA,6003
ACAP Sydney Campus,"Levels 8, 11 and 12",SYDNEY,NSW,2000
West Moreton Anglican College,Keswick Rd,Ipswich,QLD,4306
Australian Pacific College (Hickson Rd),18 Hickson Rd,DAWES POINT,NSW,2000
Australian Pacific College (L1 King William St),Level 1 29 King William St,ADELAIDE,SA,5000
Australian Pacific College (L1 Queen St),"Level 1, 221 Queen Street",MELBOURNE,VIC,3000
"Australian Pacific College (L1,2 Pitt St)",363 Pitt St,SYDNEY,NSW,2000
Australian Pacific College (L3 Beach Rd),9 Beach Rd,SURFERS PARADISE,QLD,4217
Australian Pacific College (L3 Clarence St),123 Clarence St,SYDNEY,NSW,2000
Australian Pacific College (L4 Lonsdale St),Level 4,MELBOURNE,VIC,3000
Australian Pacific College (L5 York St),37 York St,SYDNEY,NSW,2000
Australian Pacific College (L9 Queen St),221 Queen St,MELBOURNE,VIC,3000
"Australian Pacific College (L9,10,12,13 Albert St)",138 Albert St,BRISBANE,QLD,4000
Australian Pacific College (LG Kent St),189 Kent St,SYDNEY,NSW,2000
Australian Pacific College (Sydney Rd) (RTO Operations),48 Sydney Rd,MANLY,NSW,2095
Australian Pacific College(L3 L5 WIlliam St Melbourne),Level 3 and 5 255 William St,MELBOURNE,VIC,3000
"Level 5, 138 Albert Street",138 Albert St,Brisbane,QLD,4000
Slacks Creek Campus - Unit 1 3431 Pacific Hwy SLACKS CREEK QLD,Unit 1 3431 Pacific Hwy,SLACKS CREEK,QLD,4127
Alphington Grammar School,18 Old Heidelberg Rd,ALPHINGTON,VIC,3078
Brisbane North Adventist College,Hughes Rd E,DAKABIN,QLD,4503
St John's Anglican College - Primary campus,Alpine Pl,FOREST LAKE,QLD,4078
St John's Anglican College - Secondary campus,College Ave,FOREST LAKE,QLD,4078
Caloundra Christian College Limited,7 Gregson Pl,CALOUNDRA,QLD,4551
Immanuel Lutheran College,Wises Rd,MAROOCHYDORE,QLD,4558
Nambour Christian College,McKenzie Rd,WOOMBYE,QLD,4559
Ella Bache College Brisbane,269 Wickham St,FORTITUDE VALLEY,QLD,4006
"International College of Management (151 Darley Road, Manly)",151 Darley Rd,MANLY,NSW,2095
"Manning Building, Level 4, 451 Pitt Street Sydney",Level 4,Sydney,NSW,2000
Sydney Academy of Sport and Recreation,Wakehurst Pkwy,Narrabeen,NSW,2101
Hellenic Community of WA Inc,4 Hellenic Dr,Dianella,WA,6062
Clairvaux Mackillop College,Klumpp Rd,Upper Mount Gravatt,QLD,4122
"44 Raymond Street, Bankstown NSW 2200",44 Raymond Street,BANKSTOWN,NSW,2200
Kardinia International College (Geelong) Ltd,205 Ballarat Rd,BELL POST HILL,VIC,3215
11 Bowden Street Alexandria NSW 2015,11 Bowden St,Alexandria,NSW,2015
William Angliss Institute of TAFE,555 La Trobe St,MELBOURNE,VIC,3000
Level 1 15 Moore Street,"Level 1, 15 Moore Street",CANBERRA,ACT,2601
Level 10 140 Elizabeth Street,Level 10,SYDNEY,NSW,2000
Level 2 108 Margaret Street,Level 2,Brisbane,QLD,4000
Lake Joondalup Baptist College,Kennedya Dr,JOONDALUP,WA,6027
Hillsong Church (Castle Hill) (RTO Operations),1 Solent Cct,BAULKHAM HILLS,NSW,2153
Hillsong Church (Waterloo) (RTO Operations),188 Young St,WATERLOO,NSW,2017
Hillsong Church Ltd (Alexandria) (RTO Operations),138 Bourke Rd,ALEXANDRIA,NSW,2015
St Peter's College,57 Hackney Rd,ST PETERS,SA,5069
Prescott College Southern,140 Pimpala Rd,MORPHETT VALE,SA,5162
"Level 16, 233 Castlereach St SYDNEY",Level 16,Sydney,NSW,2000
"288 La Trobe St, Melbourne",288 La Trobe St,Melbourne,VIC,3000
MIT Sydney Language Centre (ELICOS Operations) (Sussex Street),Levels 1 to 7,SYDNEY,NSW,2000
Australian National Memorial Theatre Ltd,20 Carlisle St,ST KILDA,VIC,3182
23-25 Airport Avenue Bankstown Airport,23 Airport Ave,BANKSTOWN,NSW,2200
"Building 9 Grenier Drive, Archerfield Airport",210 Qantas Ave,ARCHERFIELD,QLD,4108
255 Elizabeth Street,255 Elizabeth St,SYDNEY,NSW,2000
Quinns Baptist College Inc,Corner Anchorage Dr & Marmion Ave,Quinns Rocks,WA,6030
Baulkham Hills,2 Columbia Ct,BAULKHAM HILLS,NSW,2153
Deakin College - Burwood Campus,70 Elgar Rd,BURWOOD,VIC,3125
Deakin College - Geelong Waterfront Campus,1 Gheringhap St,Geelong,VIC,3220
Deakin College - Waurn Ponds Campus,75 Pigdons Rd,Highton ,VIC,3216
Fraser Coast Anglican College,Doolong South Rd,HERVEY BAY,QLD,4655
UniSC Adelaide,182 Victoria Square,Adelaide,SA,5000
UniSC Caboolture,80106 Tallon Street,Caboolture,QLD,4510
UniSC Fraser Coast,161 Old Maryborough Rd,Hervey Bay,QLD,4655
UniSC Gympie,71 Cartwright Rd,Gympie,QLD,4570
UniSC Moreton Bay,1 Moreton Parade,Petrie,QLD,4502
UniSC Sunshine Coast,90 Sippy Downs Drive,SIPPY DOWNS,QLD,4556
UniSC Thompson Institute,12 Innovation Parkway,Birtinya,QLD,4575
26 Glentanna St KEDRON QLD 4031,26 Glentanna St,Kedron,QLD,4031
Canterbury College Limited,Old Logan Village Rd,WATERFORD,QLD,4133
Prescott College,2 Koonga Ave,PROSPECT,SA,5082
17 Duporth Avenue Moorchydore,17 Duporth Ave,MAROOCHYDORE,QLD,4558
6 Lanyana Way Noosa Heads,6 Lanyana Way,NOOSA HEADS,QLD,4567
Shop 4 26 Duporth Ave MAROOCHYDORE QLD 4558,26 Duporth Ave,MAROOCHYDORE,QLD,4558
Woodcroft College,143 Bains Rd,MORPHETT VALE,SA,5162
Holmes Colleges Qld Pty Ltd (Brisbane Campus),10 Herschel St,BRISBANE,QLD,4000
Holmes Colleges Qld Pty Ltd (Cairns campus),18 Lake St,CAIRNS,QLD,4870
Holmes Colleges Qld Pty Ltd (Gold Coast campus),"Level 2, Circle on Cavill",Surfers Paradise,QLD,4217
"Levels 2 & 3 126 Margaret Street, Brisbane 4000",Levels 2 & 3,Brisbane,QLD,4000
Heights College,Cnr Carlton St and Yaamba Rd,NORTH ROCKHAMPTON,QLD,4702
LSI Education,Level 2 133 Leichhardt Street,SPRING HILL,QLD,4000
"4/175 Varsity Parade, VARSITY LAKES",175 Varsity Pde,VARSITY LAKES,QLD,4227
Taylors College (Waterloo) (School operations),965 Bourke St,WATERLOO,NSW,2017
Kennedy Baptist College (amalgamated),Farrington Rd,MURDOCH,WA,6150
"495 Boundary Street, Spring Hill",495 Boundary St,SPRING HILL,QLD,4000
118 King William St ADELAIDE SA 5000,"Ground Floor, 118 King William St",Adelaide,SA,5000
GILLS COLLEGE AUSTRALIA - ADELAIDE CAMPUS,"Level 9, 118 King William St",ADELAIDE,SA,5000
Gills College Australia - Hornsby,Unit 10,HORNSBY,NSW,2077
GILLS COLLEGE AUSTRALIA - SURRY HILLS CAMPUS,410 Elizabeth St,SURRY HILLS,NSW,2010
Sterling Business College Pty Ltd,65 Newcastle St,PERTH,WA,6000
Biba Academy of Hair & Beauty Pty Ltd,236 Johnston St,FITZROY,VIC,3065
"Swanston Street, Melbourne",401 Swanston St,Melbourne,VIC,3000
"Levels 3, 4, 5, 7 & 9/108 Lonsdale St","Levels 3,4,5,6,7 & 9/108  Lonsdale St.",Melbourne,VIC,3000
Albany Senior High School,1 Campbell Rd,Mount Clarence,WA,6330
Applecross Primary School,65 Kintail Rd,Applecross,WA,6153
Applecross Senior High School,Links Rd,ARDROSS,WA,6153
Atwell College,201 Brenchley Dr,ATWELL,WA,6164
Atwell Primary School,160 Lydon Blvd,Atwell,WA,6164
Balcatta Senior High School,31 Poincaire St,BALCATTA,WA,6021
Balga Senior High School,2 Markham Way,Balga,WA,6061
Ballajura Community College,Illawarra Cres S,BALLAJURA,WA,6066
Ballajura Primary School,Illawarra Cres,South Ballajura,WA,6066
Beaconsfield Primary School,5 Hale St,Beaconsfield,WA,6162
Beckenham Primary School,386 Railway Pde,Beckenham,WA,6107
Beechboro Primary School,King Rd,Beechboro,WA,6063
Belmont City College,106 Fisher St,Belmont,WA,6104
Bentley Primary School,15 Hedley St,Bentley,WA,6102
Bridgetown High School,58 Steere Street,Bridgetown,WA,6255
Broome Senior High School,69 Frederick St,Broome,WA,6725
Bunbury Senior High School,10 Haig Cres,BUNBURY,WA,6230
Burrendah Primary School,Castlereagh Cl,WILLETTON,WA,6155
Busselton Senior High School,136 Bussell Hwy,BUSSELTON,WA,6280
Canning Vale College,26 Dumbarton Rd,CANNING VALE,WA,6155
Canning Vale Primary School,The Ramble,CANNING VALE,WA,6155
Carine Primary School,58 Osmaston Rd,CARINE,WA,6020
Carine Senior High School,51 Everingham St,CARINE,WA,6020
Carlisle Primary School,271 Orong Rd,Kewdale,WA,6105
Churchlands Primary School,Cromarty Rd,FLOREAT,WA,6014
Churchlands Senior High School,20 Lucca St,CHURCHLANDS,WA,6018
City Beach Primary School,30 Marapana Rd,City Beach,WA,6015
Cloverdale Primary School,180 Fisher St,Cloverdale,WA,6105
Collier Primary School,17 Hobbs Ave,COMO,WA,6152
Como Primary School,29 Thelma St,COMO,WA,6152
Como Secondary College,20 Bruce St,COMO,WA,6152
Coodanup Community College (secondary),Wanjeep St,Mandurah,WA,6210
Cottesloe Primary School,530 Stirling Hwy,Peppermint Grove,WA,6011
Currambine Primary School,28 Ambassador Dr,Currambine,WA,6028
Curtin Primary School,20 Goss Ave,Manning,WA,6152
Cyril Jackson Senior Campus,53 Reid St,BASSENDEAN,WA,6054
Deanmore Primary School,21 Deanmore Rd,KARRINYUP,WA,6018
"Department of Education,Western Australia",151 Royal St,EAST PERTH,WA,6004
Dianella Primary College,Laythorne St,Dianella,WA,6059
Dianella Secondary College,180 Nollamara Ave,Dianella,WA,6059
Doubleview Primary School,203 St Brigids Tce,DOUBLEVIEW,WA,6018
East Victoria Park Primary School,30 Beatty Ave,East Victoria Park,WA,6101
Eaton Primary School,35 Diadem St,Eaton,WA,6232
Eddystone Primary School,Littorina Ave,HEATHRIDGE,WA,6027
Edgewater Primary School,76 Treetop Ave,Edgewater,WA,6027
Esperance Senior High School,Pink Lake Rd,ESPERANCE,WA,6450
Fremantle College,Lefroy Rd,Beaconsfield,WA,6162
Fremantle Primary School,1 Brennan St,Fremantle,WA,6160
Gibbs Street Primary School,79 Gibbs St,East Cannington,WA,6107
Gilmore College,Dargin Pl,Orelia,WA,6167
Girrawheen Senior High School,39 Calvert Way,GIRRAWHEEN,WA,6064
Greenwood College,79 Coolibah Dr,Greenwood,WA,6024
Grovelands Primary School,14 Grovelands Dr,Camillo,WA,6111
Hampton Senior High School,Morley Dr E,MORLEY,WA,6062
Highgate Primary School,147 Lincoln St,HIGHGATE,WA,6003
Hillarys Primary School,75 Lymburner Dr,Hillarys,WA,6025
John Curtin College of the Arts,90 Ellen St,FREMANTLE,WA,6160
John Forrest Senior High School,180 Drake St,MORLEY,WA,6062
John Tonkin College,Education Dr,MANDURAH,WA,6210
Jolimont Primary School,657 Hay St,JOLIMONT,WA,6014
Jurien Bay District High School,19 Hamersley St,Jurien Bay,WA,6516
Kalamunda Senior High School,12 Cotherstone Rd,KALAMUNDA,WA,6076
Kalgoorlie-Boulder Community High School,PMB 9,Kalgoorlie,WA,6433
Kapinara Primary School,2 Catesby St,City Beach,WA,6015
Kardinya Primary School,Ochiltree Way,Kardinya,WA,6163
Kelmscott Senior High School,PO Box 21,KELMSCOTT,WA,6991
Kensington Primary School,73 Banksia Tce,KENSINGTON,WA,6151
Kent Street Senior High School,89 Kent St,EAST VICTORIA PARK,WA,6101
Kewdale Primary School,264 Kew St,Kewdale,WA,6105
Kinross College,Falkland Way,Kinross,WA,6028
Kinross Primary School,64 Kinross Dr,Kinross,WA,6028
Koondoola Primary school,50 Burbridge Ave,Koondoola,WA,6064
Lake Gwelup Primary School,59 Porter St,GWELUP,WA,6018
Lake Monger Primary School,Dodd St,WEMBLEY,WA,6014
Lakeland Senior High School,106 South Lake Dr,South Lake,WA,6210
Landsdale Primary School,The Broadview,Landsdale,WA,6065
Lathlain Primary School,120 Howick St,Lathlain,WA,6100
Leeming Senior High School,Aulberry Pde,LEEMING,WA,6149
Lockridge Primary School,48 Rosher Rd,Lockridge,WA,6054
Lynwood Senior High School,436 Metcalfe Rd,PARKWOOD,WA,6147
Manea Senior College,Robertson Dr,BUNBURY,WA,6230
Maylands Peninsula Primary School,60 Kelvin St,MAYLANDS,WA,6051
Melville Senior High School,18 Potts St,MELVILLE,WA,6156
Morley Primary School,36 Wellington Rd,Morley,WA,6062
Morley Senior High School,19 Bramwell Rd,NORANDA,WA,6062
Mount Lawley Primary School,92 Second Ave,Mount Lawley,WA,6050
Mount Lawley Senior High School,65 Woodsome St,MOUNT LAWLEY,WA,6050
Nedlands Primary School,35 Kingsway,NEDLANDS,WA,6009
Newborough Primary School,178 Newborough St,KARRINYUP,WA,6018
Newton Moore Senior High School,Hotchin St,Bunbury,WA,6230
Nollamara Primary School,101 Harrison St,Nollamara,WA,6061
North Balga Primary School,30 Maitland Rd,Balga,WA,6061
North Beach Primary School,75 North Beach Rd,North Beach,WA,6020
North Fremantle Primary School,John St,North Fremantle,WA,6159
North Lake Senior Campus,188 Winterfold Rd,KARDINYA,WA,6163
North Morley Primary School,75 Gordon Rd W,DIANELLA,WA,6059
North Perth Primary School,Cnr Albert St / Olive St,NORTH PERTH,WA,6006
Oberthur Primary School,Nicholls Cres,BULL CREEK,WA,6149
Osborne Primarry School,151 Albert St,Osborne Park,WA,6017
Parkwood Primary School,Zelkova Way,Parkwood,WA,6147
Phoenix Primary School,28 Phoenix Rd,Hamilton Hill,WA,6163
Ranford Primary School,10 Orkney Cres,Canning Vale,WA,6155
Roseworth Primary School,30 Stebbing Way,Girrawheen,WA,6064
Rossmoyne Senior High School,1 Keith Rd,ROSSMOYNE,WA,6148
Scarborough Primary School,Hinderwell St,Scarborough,WA,6019
Sevenoaks Senior College,275 Sevenoaks St,CANNINGTON,WA,6107
Shenton College,227 Stubbs Tce,SHENTON PARK,WA,6008
Sorrento Primary School,14 Elfreda Ave,Sorrento,WA,6020
Southern River College,Southern River Rd,Gosnells,WA,6110
Subiaco Primary School,271 Bagot Rd,Subiaco,WA,6008
Sutherland Dianella Primary School,5 Sutherland Ave,DIANELLA,WA,6059
Thornlie Primary School,Thornlie Ave,Thornlie,WA,6108
Thornlie Senior High School,2 Ovens Rd,Thornlie,WA,6108
Tuart Hill Primary School,Banksia St,Tuart Hill,WA,6060
Wanneroo Secondary College,56 Quarkum St,WANNEROO,WA,6065
Warwick Senior High School,355 Erindale Rd,Warwick,WA,6024
Wembley Downs Primary School,Bournemouth Cres,WEMBLEY DOWNS,WA,6019
Wembley Primary School,41 Grantham St,WEMBLEY,WA,6014
Willetton Primary School,14 Woodpecker Ave,Willetton,WA,6155
Willetton SHS,Pinetree Gully Rd,WILLETTON,WA,6155
Wilson Primary School,60 Armstrong Rd,WILSON,WA,6107
Winthrop Primary School,70 Jackson Ave,WINTHROP,WA,6150
Woodvale Secondary College,110 Woodvale Dr,WOODVALE,WA,6026
Yanchep Secondary College,15 Primary Rd,Yanchep,WA,6035
Yule Brook College,61 Dellar Rd,Maddington,WA,6109
QIBT at Griffith University Gold Coast Campus,"QIBT, Level 4 Building G52, Griffith University",SOUTHPORT,QLD,4222
QIBT at Griffith University Mt Gravatt Campus,Messines Ridge Rd,MOUNT GRAVATT,QLD,4111
Becker Helicopters Pilot Academy - 3 Friendship Ave,3 Friendship Ave,MUDJIMBA,QLD,4564
Becker Helicopters School & Hangar - 7 Friendship Ave,7 Friendship Ave,MUDJIMBA,QLD,4564
Matthew Flinders Anglican College,Stringybark Rd,BUDERIM,QLD,4556
Tenison Woods College,Shepherdson Rd,MOUNT GAMBIER,SA,5290
Tasmanian College of English - George Street,650 George St,SYDNEY,NSW,2000
Tasmanian College of English - Hobart,322 Liverpool St,HOBART,TAS,7000
Sydney Institute of Traditional Chinese Medicine,25 Dixon St,HAYMARKET,NSW,2000
ASHT Pty Ltd,97 Pirie St,ADELAIDE,SA,5000
GF 97 Pirie St Kitchen,Suite 2 Ground Floor 97 Pirie Street,Adelaide,SA,5000
"Grenfell 115 - Level 1, 115 Grenfell St Adealaide SA 5000","Level 1, 115 Grenfell St",Adelaide,SA,5000
Ground Floor,125 Pirie St,ADELAIDE,SA,5000
Suite 2 Level 5 97 Pirie St ADELAIDE SA 5000,Suite 2 Level 5 97 Pirie St,ADELAIDE,SA,5000
Surry Hills Kitchen,421-423 Elizabeth St,SURRY HILLS,NSW,2010
Sydney Main Campus - Level 1 187 Thomas St,Level 1 187 Thomas St,Haymarket,NSW,2000
Brisbane Campus,3431 Pacific Hwy,SLACKS CREEK,QLD,4127
Brisbane Campus,Office 1 Level 5 269 Wickham St,FORTITUDE VALLEY,QLD,4006
Gold Coast Campus - 27 Garden St SOUTHPORT QLD 4215,27 Garden St,SOUTHPORT,QLD,4215
Northside Christian College (QLD) Ltd,151 Flockton St,Everton Park,QLD,4053
Melbourne Rudolf Steiner Seminar Limited,37A Wellington Park Dr,Warranwood,VIC,3134
Sydney Olympic Park,10 Parkview Dr,Sydney Olympic Park,NSW,2127
WA Conference of Seventh Day Adventists,27 Colombo St,Victoria Park,WA,6100
"Level 1, 36 Kortum Drive, Burleigh Heads 4220",36 Kortum Dr,BURLEIGH HEADS,QLD,4220
Level 8/36 Marine Pde Southport QLD 44215,Level 8/36 Marine Pde,Southport,QLD,4215
Kingsway Christian Education Association Inc,157 Kingsway,DARCH,WA,6065
Alexandria Kitchen,10/30-32 Beaconsfield St,Alexandria,NSW,2015
Brisbane Kitchen,92 Commercial Rd,Teneriffe,QLD,4005
Sydney Fish Market Kitchen,"Level 1, Waterfront Arcade, Bank St",Pyrmont,NSW,2001
Wells International College Pty Ltd (Adelaide Street),316 Adelaide St,BRISBANE,QLD,4000
Wells International College Pty Ltd (Sussex Street) (RTO Operations),101 Sussex St,SYDNEY,NSW,2000
"750 Collins Street, Docklands VIC 3008",750 Collins Street,Docklands,VIC,3008
Headmasters Academy Pty Ltd,185 Spring St,MELBOURNE,VIC,3000
C3 College (RTO Operations),2 Dreadnought Rd,OXFORD FALLS,NSW,2100
C3 Silverwater - 108 Silverwater Rd SILVERWATER NSW 2128,108 Silverwater Rd,SILVERWATER,NSW,2128
Dance Factory - 225 Swan St RICHMOND VIC 3121,225 Swan St,Richmond,VIC,3121
Dance Factory Pty Ltd,4 Yorkshire St,RICHMOND,VIC,3121
23 Foster Street,23 Foster St,Newmarket,QLD,4051
Heatherton Christian College,316 Kingston Rd,HEATHERTON,VIC,3202
Level 3 (Partial),"Level 3, 6 29-37 Bellevue Street",Surry Hills,NSW,2010
"Level 5A, 6 29-37 Bellevue Street, Surry Hills",29 Bellevue St,SURRY HILLS,NSW,2010
Level 6,"Level 6, 6 29-37 Bellevue Street",Surry Hills,NSW,2010
"382 Lonsdale Street, Melbourne VIC 3000",382 Lonsdale St,Melbourne,VIC,3000
City Campus 2 - 67 Jeffcott St WEST MELBOURNE VIC 3003,67 Jeffcott St,WEST MELBOURNE,VIC,3003
OPIE Workshop - 180 Princes Hwy WERRIBEE VIC 3030,180 Princes Hwy,WERRIBEE,NSW,3030
OPIE Workshop 2,122 Mitchell St,MAIDSTONE,VIC,3012
RMIT English Worldwide 235 - 251 Bourke Street,235 Bourke St,Melbourne,VIC,3000
"841 George Street, Sydney",841 George St,SYDNEY,NSW,2000
"Level 2, 6, 127 Rundle Mall, ADELAIDE 5000",127 Rundle Mall,Adelaide,SA,5000
Level 3 127 Rundle Mall ADELAIDE SA 5000,Suite 3 Level 3 127 Rundle Mall,ADELAIDE,SA,5000
Tristar Aviation Company Pty Ltd,14 Northern Ave,Mentone,VIC,3194
"Reserve Road, COOMERA",31 Reserve Road,UPPER COOMERA,QLD,4209
132 Grafton St CAIRNS CITY QLD 4870,132 Grafton St,CAIRNS CITY,QLD,4870
Chermside,794 Gympie Rd,CHERMSIDE,QLD,4032
Elysian Institute - 2570 Gold Coast Hwy MERMAID BEACH QLD 4218,2/2570  2572 Gold Coast Highway,MERMAID BEACH,QLD,4218
ICQ - Gold Coast,Shop 2 83 Scarborough St,SOUTHPORT,QLD,4215
Shop 9 31-33 Plaza Pde MAROOCHYDORE QLD 4558 Australia,31 Plaza Pde,MAROOCHYDORE,QLD,4558
"Level 1, 2, 499 Kent St",499 Kent St,SYDNEY,NSW,2000
Clarendon Business College (George Street) (RTO Operations),505 George St,SYDNEY,NSW,2000
Goulburn,4-10 Goulburn St,SYDNEY,NSW,2000
Waverley Christian College - Narre Warren South Campus,20 College Dr,Narre Warren South,VIC,3805
Waverley Christian College Inc,1248 High Street Rd,WANTIRNA SOUTH,VIC,3152
Thomas Carr College,35 Thomas Carr Dr,TARNEIT,VIC,3029
Association for Christian Education Inc,94 Kenwick Rd,KENWICK,WA,6107
Wilson Campus,22 Dalton Pl,WILSON,WA,6107
Sunraysia Institute of TAFE - Mildura,453 Benetook Ave,MILDURA,VIC,3502
Magill College Sydney (George Street) (RTO Operations),Magill College Pty Ltd,HAYMARKET,NSW,2000
Magill College Sydney (Sussex Street) (RTO Operations),Level 4,SYDNEY,NSW,2000
Bureau of Meteorology Training Centre,700 Collins St,DOCKLANDS,VIC,3008
Assg Assocn Ltd,Flinders Hwy,Charters Towers,QLD,4820
14 A William Murray Drive  Cannonvale,14A William Murray Dr,Cannonvale,QLD,4802
20 Centennial Court BYRON BAY NSW,20 Centennial Court,BYRON BAY,NSW,2481
Korean Ministries  168 Cattai Ridge Road Glenorie  NSW,168 Cattai Ridge Rd,Glenorie,NSW,2157
YWAM Adelaide - 197 Norton Summit Rd NORTON SUMMIT,197 Norton Summit Rd,NORTON SUMMIT,SA,5136
YWAM Brisbane,671 Samford Rd,MITCHELTON,QLD,4053
YWAM Canberra Watson,76 Federal Hwy,WATSON,ACT,2602
YWAM Gold Coast,78 Hillview Pde,ASHMORE,QLD,4217
YWAM Newcastle  28 Hanbury Street Mayfield,28 Hanbury St,Mayfield,NSW,2304
YWAM Plumpton Sydney,280 Power St,Plumpton,NSW,2761
YWAM Sunshine Coast,186 Wises Rd,BUDERIM,QLD,4556
YWAM Sunshine Coast - WAVE HOUSE 24 Schirrman Drive MAROOCHYDORE,WAVE HOUSE,Maroochydore,QLD,4558
YWAM Sydney Newtown,280 King St,NEWTOWN,NSW,2042
YWAM Tahlee,31 Church St,CARRINGTON,NSW,2324
YWAM Tasmania,2750 Tasman Hwy,SORELL,TAS,7127
YWAM Toowoomba,118 Prince Henry Dr,PRINCE HENRY HEIGHTS,QLD,4350
YWAM Townsville,215 Walker St,Townsville,QLD,4810
"YWAM Wollongong 4 Fitzwilliam St, Port Kembla NSW 2505",4 Fitzwilliam St,Port Kembla,NSW,2505
Supreme Business College (George Street) (RTO Operations),505 George St,SYDNEY,NSW,2000
Supreme Business College (Goulburn),4-10 Goulburn St,SYDNEY,NSW,2000
All Saints College Inc,Ewing Ave,Bull Creek,WA,6149
"21 Parkview Street, Milton, Qld",21 Parkview St,MILTON,QLD,4064
251 Milperra Rd REVESBY NSW 2212,251 Milperra Rd,REVESBY,NSW,2212
"Mayneview, Milton, QLD - 9 Mayneview St MILTON QLD",9 Mayneview St,MAYNEVIEW,QLD,4064
NSW Silverwater - 126 Beaconsfield St Silverwater NSW 2128,126 Beaconsfield St,Silverwater,NSW,2128
Curtin College - Bentley,"Building 420, 420 Koorliny Way",Bentley,WA,6102
"14 Adam St, Hindmarsh, SA (Kitchen)",14 Adam St,Hindmarsh,SA,5007
157-161 Gloucester Street,157-161 Gloucester Street,The Rocks,NSW,2000
"413 Johnston Street, Abbotsford",413 Johnston St,Abbotsford,VIC,3067
Level 1 & 2  112 Rundle Mall ADELAIDE SA 5000,112 Rundle Mall,ADELAIDE,SA,5000
"Level 1, 191 Ryrie Street Geelong","Level 1, 191 Ryrie St",Geelong,VIC,3220
"Level 5, 333 Kent St",333 Kent St,SYDNEY,NSW,2000
"Level 8, 333 Kent St","Level 8, 333 Kent St",SYDNEY,NSW,2000
"Levels 3,11,14, 123 Queen Street",123 Queen St,Melbourne,VIC,3000
"Levels 6,7,8, 118 Queen Street",118 Queen St,Melbourne,VIC,3000
"Levels 6,7,8,9 & 10/235 Queen St",235 Queen St,Melbourne,VIC,3000
THE ROCKS SYDNEY,"157-161, Gloucester St, The Rocks,",Sydney,NSW,2000
Clip Joint School of Hairdressing Pty Ltd,86 Gawler Pl,ADELAIDE,SA,5000
Level 6 770 George St HAYMARKET,Level 6 770 George St,Haymarket,NSW,2000
"6-10 Gladstone Street, East Perth",6 Gladstone St,PERTH,WA,6000
"9 Robertson Street, East Perth",9 Robertson St,Perth,WA,6000
150 St Georges Tce PERTH WA 6000,150 St Georges Tce,PERTH,WA,6000
"232 Adelaide Street, Brisbane",232 Adelaide St,BRISBANE,QLD,4000
540 George Street Sydney,540 George St,SYDNEY,NSW,2000
"7,9 & 16, 120 Spencer St Melbourne",Level 7 & 9,MELBOURNE,VIC,3000
Brisbane 2 - Level 1 490 Upper Edward St SPRING HILL QLD 4000,Level 1 490 Upper Edward St,SPRING HILL,QLD,4000
"Level 7, 115 Grenfell St ADELAIDE",115 Grenfell St,Adelaide,SA,5000
Northbridge,116 Roe St,Northbridge,WA,6003
Suite 1 Basement 445 Upper Edward St SPRING HILL QLD 4000,Suite 1 Basement 445 Upper Edward St,SPRING HILL,QLD,4000
"Suite 203, Level 2, 9 Bay Street, Southport",9 Bay St,Southport,QLD,4215
"Suite 404, Level 4, 4 Railway Parade, Burwood 2134 NSW",Unit 4 4 Railway Pde,Burwood,NSW,2134
"Level 8, 12, 13, 120 Spencer St Melbourne",120 Spencer St,MELBOURNE,VIC,3000
"Lvl 2, 7 Kelly Street, Ultimo",7 Kelly St,ULTIMO,NSW,2007
Glorious Gospel Church School of Supernatural Ministry,2 Catherine Street,LEICHHARDT,NSW,2040
LoveWorld Leadership College - Factory 11-1-11 Bryants Road Dandenong VIC 3175,1 Bryants Rd,DANDENONG,VIC,3175
Planetshakers Church - 400-406 City Rd SOUTHBANK VIC 3006,Planetshakers Church,Southbank,VIC,3006
St Paul's Ginninderra Anglican Church,Curley St,SPENCE,ACT,2615
Unity College Inc - Belconnen,54 Benjamin Way,Belconnen,ACT,2617
Sheldon College,Taylor Road,SHELDON,QLD,4157
Caroline Chisholm Catholic College,204 Churchill Avenue,BRAYBROOK,VIC,3019
Ormiston College Limited,97 Dundas Street West,Ormiston,QLD,4160
"University of South Australia, City East Campus",University of South Australia,ADELAIDE,SA,5000
"University of South Australia, City West Campus",Level 7 and 8,Adelaide,SA,5000
Victory Life International Bible Training Centre Incorporated,1 Neil St,Osborne Park,WA,6017
LCI Melbourne Pty Ltd,150 Oxford St,Collingwood,VIC,3066
Youth with a Mission - Reef to Outback,215 Walker St,Townsville,QLD,4810
Our Lady of the Sacred Heart College,496 Regency Rd,ENFIELD,SA,5085
44 Raymond Street Bankstown NSW,44 Raymond Street,Bankstown,NSW,2200
"15 William Street, Melbourne 3000",15 William St,Melbourne,VIC,3000
Leo Cussen Institute,360 Little Bourke St,MELBOURNE,VIC,3000
USQ - Sydney Education Centre (Bellevue St),29-35 Bellevue St,SURRY HILLS,NSW,2010
Mercy Diocesan College,760 Sydney Road,COBURG,VIC,3058
"201 Arden Street, North Melbourne",201 Arden St,North Melbourne,VIC,3051
"Grnd, 1st & 2nd Flr, 104-106 Franklin Street, Melbourne","Grnd, 1st & 2nd Flr, 104-106 Franklin Street",Melbourne,VIC,3000
Langford street Campus,72-92 Langford St,NORTH MELBOURNE,VIC,3051
"Level 10, 399 Lonsdale Street, Melbourne",399 Lonsdale St,Melbourne,VIC,3000
"Lvls 3 & 4, 601 Bourke Street, Melbourne  VIC  3000",601 Bourke St,Melbourne,VIC,3000
The Hills Grammar School,43 Kenthurst Road,KENTHURST,NSW,2156
The Athena School,28 Oxford Street,NEWTOWN,NSW,2042
St Paul's Grammar School Penrith Ltd,52 Taylor Road,CRANEBROOK,NSW,2749
Kincoppal- Rose Bay School of the Sacred Heart,New South Head Road,ROSE BAY,NSW,2029
Macarthur Anglican School,605 Cobbitty Road,COBBITTY,NSW,2570
Abbotsleigh Junior School,Woonona Avenue,Wahroonga,NSW,2076
Abbotsleigh School,1666 Pacific Highway,WAHROONGA,NSW,2076
Tyndale Christian School,58 Douglas Road,BLACKTOWN,NSW,2148
The Scots School Albury (School Operations),Perry Street,ALBURY,NSW,2640
Wenona School,176 Walker Street,NORTH SYDNEY,NSW,2060
St Andrew's Cathedral School,474 Kent Street,SYDNEY,NSW,2000
Campus East (Scots),4173 Oberon Road,BATHURST,NSW,2795
Campus West (Saints),70 Eglinton Road,Bathurst,NSW,2795
Presbyterian Ladies' College (SCHOOL Operations),Meta Street,CROYDON,NSW,2132
"Glenaeon Rudolf Steiner School, Castlecrag",117 Edinburgh Rd,Castlecrag,NSW,2068
"Glenaeon Rudolf Steiner School, Middle Cove",5A Glenroy Ave,MIDDLE COVE,NSW,2068
Kambala,794 New South Head Rd,ROSE BAY,NSW,2029
The Armidale School,Douglas St,ARMIDALE,NSW,2350
The Scots College,Victoria Rd,BELLEVUE HILL,NSW,2023
The Scots College - Senior Prep Ginahgulla,Victoria Rd,BELLEVUE HILL,NSW,2023
The Scots College Early Learning Centre,5 Mansion Rd,Bellevue Hill,NSW,2023
The Scots College Preparatory School - Junior Prep,8 Mansion Rd,BELLEVUE HILL,NSW,2023
"The Scots College, Brighton Preparatory School",190 Russell Ave,Dolls Point,NSW,2219
Lindfield Preparatory School,26 Northcoat Road,LINDFIELD,NSW,2070
Newington College,200 Stanmore Road,STANMORE,NSW,2048
Wyvern House Preparatory School,115 Cambridge Street,STANMORE,NSW,2048
The McDonald College (SCHOOL Operations),17A George St,NORTH STRATHFIELD,NSW,2137
PLC Armidale (School Operations),Crest Rd,ARMIDALE,NSW,2350
PLC Pathways Armidale (ELICOS Operations),Crest Rd,ARMIDALE,NSW,2350
PLC Pathways Bathurst (ELICOS Operations),70 Eglinton Rd,Bathurst,NSW,2795
Cranbrook Junior School,6 Kent Rd,Rose Bay,NSW,2029
Cranbrook School,5 Victoria Rd,BELLEVUE HILL,NSW,2023
The Illawarra Grammar School (School Operations),Western Avenue,WEST WOLLONGONG,NSW,2500
The Illawarra Grammar School Centre for English (ELICOS Operations),Western Avenue,WOLLONGONG,NSW,2500
St John's Grammar School Inc,29 Gloucester Avenue,BELAIR,SA,5052
Ravenswood School for Girls,Henry Street,GORDON,NSW,2072
Trinity Grammar School,119 Prospect Road,SUMMER HILL,NSW,2130
Trinity Grammar School Preparatory School,115-127 The Boulevarde,STRATHFIELD,NSW,2135
Blue Mountains Grammar School,Matcham Avenue,WENTWORTH FALLS,NSW,2782
William Clarke College,1 Morris Grove,KELLYVILLE,NSW,2155
Calrossy Anglican School - Brisbane Street Campus,140 Brisbane Street,TAMWORTH,NSW,2340
Calrossy Anglican School - William Cowper Campus,242 Moore Creek Road,Tamworth,NSW,2340
Meriden School (SCHOOL Operations),10 - 12 Redmere Road,STRATHFIELD,NSW,2135
Tara Anglican School for Girls,Masons Drive,NORH PARRAMATTA,NSW,2151
St Catherine's School Waverley,26 Albion Street,WAVERLEY,NSW,2024
The King's School,Pennant Hills Road,NORTH PARRAMATTA,NSW,2151
"The King's School, Tudor House",Illawarra Highway,MOSS VALE,NSW,2577
MLC School (SCHOOL Operations),Rowley Street,BURWOOD,NSW,2134
Bishop Druitt College,111 North Boambee Road,COFFS HARBOUR,NSW,2450
Pacific Coast Christian School,3a Acacia Street,Tweed Heads South,NSW,2486
Pacific Hills Christian School,9 - 15 Quarry Road,DURAL,NSW,2158
St Mark's Coptic Orthodox College,52 Australis Ave,WATTLE GROVE,NSW,2173
Newcastle Grammar School,Crn Church & Newcomen St,NEWCASTLE,NSW,2300
Melbourne Campus - 108 Bourke St,108 Bourke St,MELBOURNE,VIC,3000
"SEA Campus 3A - Shop 3A Upper Ground Floor, 108 Bourke St Melbourne VIC 3000",Shop 3A Upper Ground Floor,Melbourne,VIC,3000
WELS (Australia) Pty Ltd (ELICOS operations),30 South Steyne,MANLY,NSW,2095
Paxmil Education Holdings Pty Ltd,100 Murray St,PERTH,WA,6000
48 Althaus Rd Westbrook QLD 4350,48 Althaus Rd,Westbrook,QLD,4350
53-59 West St NEWTOWN QLD 4350,53 West St,NEWTOWN,QLD,4350
University Senior College Gawler Place Campus,"Parc Arcade, 9th Floor, Gawler Place",ADELAIDE,SA,5000
University Senior College Jordan Campus,North Terrace,ADELAIDE,SA,5000
German International School Sydney,33 Myoora Road,TERREY HILLS,NSW,2084
Chadstone Campus,Le Cordon Bleu Australia,Chadstone,VIC,3148
Holmesglen Institute Moorabbin Campus,488 South Rd,MOORABIN,VIC,3189
TAFE NSW - NSI Ryde College,250 Blaxland Rd,RYDE,NSW,2112
TAFE QSLD Southbank Campus,66 Ernest St,SOUTH BRISBANE,QLD,4101
TAFE SA Regency Campus SA,137 Days Rd,REGENCY PARK,SA,5010
"University of South Australia, City West Campus",101 Currie St,ADELAIDE,SA,5000
5/19 Lear Jet Drive CABOOLTURE 4510,19 Lear Jet Dr,CABOOLTURE,QLD,4510
Academies Australasia Institute Pty Limited (George Street) (RTO Operations),505 George St,SYDNEY,NSW,2000
Academies Australasia Institute Pty Limited (Kent Street)(RTO operations),333 Kent St,SYDNEY,NSW,2000
Bourke St Campus - Level 7 628 Bourke St MELBOURNE VIC 3000,"Level 7, 628 Bourke St",Melbourne,VIC,3000
Faulkner St ARMIDALE,89 Faulkner St,ARMIDALE,NSW,2350
Goulburn,4-10 Goulburn St,SYDNEY,NSW,2000
"Level 1, 116-120 Roe Street, Northbridge WA 6003",120 Roe St,NORTHBRIDGE,WA,6003
"Level 14,15 459 Little Collins St MELBOURNE","Level 14,15 459 Little Collins Street",Melbourne,VIC,3000
Queen Adelaide Building 90-112 Queen Street,90 Queen St,Brisbane,QLD,4000
The University of New England,17 Arts Rd,ARMIDALE,NSW,2351
Academy of English (George Street) (ELICOS Operations),505 George St,SYDNEY,NSW,2000
Queen Adelaide Building 90-112 Queen Street,90 Queen St,Brisbane,QLD,4000
Australian International High School,Level 6,SYDNEY,NSW,2000
Endeavour College Inc,Mawson Lakes Boulevard,MAWSON LAKES,SA,5095
54 LaTrobe Street,54 LaTrobe St,MELBOURNE,VIC,3000
"Level 2 & 3, 376 Bourke Street",376 Bourke St,Melbourne,VIC,3000
Level 9 601 Bourke St MELBOURNE,Level 9 601 Bourke St,MELBOURNE,VIC,3000
18 Siddeley St - World Trade Centre,18 Siddeley St,Docklands,VIC,3008
22-36 Mountain Street - Ultimo,22 Mountain St,ULTIMO,NSW,2007
"32 Grenfell St - Level 2, 3, 5, 32 ADELAIDE",32 Grenfell St,ADELAIDE,SA,5000
33 Mountain St - Sydney Campus,33 Mountain St,ULTIMO,NSW,2007
44 Pirie St ADELAIDE - Adelaide Campus,44 Pirie St,ADELAIDE,SA,5000
49 Phillip Ave - Watson,49 Phillip Ave,WATSON,ACT,2602
Australian College of Technology (George Street) (RTO Operations),505 George St,SYDNEY,NSW,2000
Australian College of Technology (Goulburn),4-10 Goulburn St,SYDNEY,NSW,2000
"1 Second Avenue, Moorabbin Airport,",1 Second Ave,Moorabbin,VIC,3194
Box Hill Institute of TAFE - 465 Elgar Rd,465 Elgar Rd,BOX HILL,VIC,3128
City Campus - 253 Flinders Lane,253 Flinders Lane,Melbourne,VIC,3000
Lilydale Lakeside Campus - 1 Jarlo Dr,1 Jarlo Dr,Lilydale,VIC,3140
"Days Road, Coomera",Days Road,COOMERA,QLD,4209
Ballina,210 Southern Cross Dr,BALLINA,NSW,2478
Brisbane,15 Boronia Rd,BRISBANE AIRPORT,QLD,4009
Cairns,1 Tom McDonald Dr,CAIRNS,QLD,4870
Mission Aviation Fellowship (MAF),37 Vicary Rd,Mareeba,QLD,4880
White Star Aviation - Armidale,9 Peter Monley Dr,ARMIDALE,NSW,2350
"132 Grenfell Street, Adelaide",132 Grenfell Street,Adelaide,SA,5000
"369 Ann St Ground Floor,Level 4 and Level 5",369 Ann St,Brisbane,QLD,4000
"Australia Fair Commercial Tower, Level 8, 36 Marine Parade, Southport, QLD 4215",Australia Fair Commercial Tower,Southport,QLD,4215
"Level 1, 1325 Hay Street, West Perth",Level 1,West Perth,WA,6005
"Level 2, 297 Hay Street, East Perth, WA 6004","Level 2, 297 Hay Street",East Perth,WA,6004
"Levels 1 & 2, 55 Elizabeth Street, Sydney NSW 2000","Levels 1 & 2, 55 Elizabeth Street",Sydney,NSW,2000
"Levels 1,7 & 9, 68 Grenfell Street, Adelaide","Levels 1 & 9, 68 Grenfell Street",ADELAIDE,SA,5000
"Levels 3 & 4 98-104, Goulburn Street Sydney NSW 2000","98-104, Goulburn Street",Sydney,NSW,2000
"Levels 4, 5 & 6, 370 Docklands Drive, Docklands",370 Docklands Dr,DOCKLANDS,VIC,3008
Ozford College Campus,123 Lonsdale Street,MELBOURNE,VIC,3000
"Level 1, 116-120 Roe Street, Northbridge, WA","Level 1, 116-120 Roe Street",Northbridge,WA,6003
"Level 2, 4-10 Goulburn Street, Sydney, NSW, 2000","Level 2, 4-10 Goulburn Street",Sydney,NSW,2000
"Level 6, 505 George Street, Sydney, NSW 2000","Level 6, 505 George Street,",Sydney,NSW,2000
"Level G, 1, 7 & 8, 628 Bourke Street, Melbourne",628 Bourke St,Melbourne,VIC,3000
Swanston Street,488 Swanston St,MELBOURNE,VIC,3000
St Andrew's Anglican College,40 Peregian Springs Drive,PEREGIAN SPRINGS,QLD,4573
Alia College,466 Barkers Road,HAWTHORN EAST,VIC,3123
Emmanuel Anglican College Council,62 Horizon Drive,BALLINA,NSW,2478
Education Access Australia,51 Brady St,South Melbourne,VIC,3205
"Mark Street, North Melbourne",14/65 Mark St,North Melbourne,VIC,3051
41 James Street Burleigh Heads,41 James St,BURLEIGH HEADS,QLD,4220
Burleigh Heads Language College Coolangatta Campus,72-80 Marine Pde,COOLANGATTA,QLD,4225
Geraldton Grammar School Inc.,134 George Road,GERALDTON,WA,6530
Manageering Pty Ltd,41 Eagle Dr,JANDAKOT,WA,6164
Western Australian Aviation College,41 Eagle Dr,JANDAKOT,WA,6164
Victoria University Brisbane,269 Wickham Street,Fortitude Valley,QLD,4006
Victoria University Sydney City Centre,160-166 Sussex Street,Sydney,NSW,2000
Brunswick Street,161 Brunswick St,Fortitude Valley,QLD,4006
Smith Field Office,2 Morialta Dr,Smithfield,SA,5114
Blackfriars Priory School,17 Prospect Road,PROSPECT,SA,5082
"131 Harold Street, Highgate WA 6003","Lot 131, 131 Harold Street",Highgate,WA,6003
"350-354 Albany Highway, Victoria Park, WA 6100",350-354 Albany Highway,Victoria Park,WA,6100
"Bay 3, 2 Locomotive Street Eveleigh, NSW, 2015","Bay 3, 2 Locomotive Street",Eveleigh,NSW,2015
"Level 3, 3 Central Avenue, Eveleigh","Level 3, 3 Central Avenue",Eveleigh,NSW,2015
"Lower Ground Floor, 188 Collins Street, Hobart City, TAS, 7000",Lower Ground Floor (Unit 1),Hobart City,TAS,7000
ACAH Cairns - 67 Lake St,67 Lake St,Cairns,QLD,4870
ACAH Melbourne - 55 Swanston St,55 Swanston St,MELBOURNE,VIC,3000
"ACAH RiverLand - Belgravia Leisure, The Precinct Loxton","Belgravia Leisure, The Precinct Loxton",LOXTON,SA,5333
Lexis Brisbane,288 Edward St,Brisbane City,QLD,4000
Shane Global Village Pty Ltd,15 Adelaide St,BRISBANE,QLD,4000
Level 4 579 Harris Street Ultimo NSW 2007,"Level 4, 579 Harris Street",ULTIMO,NSW,2007
Level 5 338-340 Pitt St SYDNEY,Level 5 338-340 Pitt St,SYDNEY,NSW,2000
Lonsdale Street,Ground Floor 123 Lonsdale St,Melbourne,VIC,3000
"Lvls 4, 7, 9, 10, 310 King St, Melbourne VIC  3000",310 King St,MELBOURNE,VIC,3000
"Brunswick campus - Unit 2, 3 & 4 306 Albert Street, Brunswick",306 Albert St,Brunswick,VIC,3056
"City campus - 13, 474 Flinders Street, Melbourne",474 Flinders St,MELBOURNE,VIC,3000
Sydney Campus,67-73 St Hilliers Road,Auburn,NSW,2144
"233 Broadway Street, Glebe NSW",233 Broadway Street,Glebe,NSW,2037
The Moerlina School Inc.,16 Brockway Road,MT CLAREMONT,WA,6010
Cairns State High School,Sheridan St,Cairns,QLD,4870
Chancellor State College,L Block,Sippy Downs,QLD,4556
UIL Springfield Campus,"Level 2, World Knowledge Centre",SPRINGFIELD,QLD,4300
Mangalore Campus - 331 Aerodrome Rd MANGALORE VIC 3663,331 Aerodrome Rd,MANGALORE,VIC,3663
Moorabbin Aviation Services Pty Ltd,125 Second Ave,MOORABBIN,VIC,3194
Canterbury Language Academy (Mary St) (ELICOS Operations),84 Mary St,SURRY HILLS,NSW,2006
Eurocentres - Sydney (Chalmers St) (ELICOS operations),128 Chalmers St,SURRY HILLS,NSW,2010
Presbyterian and Methodist Schools Association,372 Mons Road,FOREST GLEN,QLD,4556
607 Beaufort Street,607 Beaufort St,MOUNT LAWLEY,WA,6050
Kingston International College - 131 Harold St,131 Harold St,HIGHGATE,WA,6003
English Language Company Australia (Kent Street) (ELICOS Operations),493 Kent St,SYDNEY,NSW,2000
95-97 Lorimer Street South Melbourne,95 Lorimer St,Melbourne,VIC,3000
Bourke Street,380 Bourke St,Melbourne,VIC,3000
Elizabeth Bence (Parramatta),20 Macquarie St,Parramatta,NSW,2150
Richmond Campus,33 Windsor St,Richmond,NSW,2753
"Level 2, 222 Bourke St, Melbourne, VIC (Higher Education)",222 Bourke St,Melbourne,VIC,3000
"Level 3,137 Days Road, Regency Park, SA 5010 (Higher Education)","Level 3,137 Days Road",Regency Park,SA,5010
Universal Business School Sydney (Higher Education),"Levels 10 & 11, 233 Castlereagh Street",SYDNEY,NSW,2000
Bath Street Campus,3 Bath Street,ALICE SPRINGS,NT,871
Sadadeen Campus,Sadadeen Road,ALICE SPRINGS,NT,871
Traeger Campus,8 Traeger Avenue,ALICE SPRINGS,NT,871
"Level 5, 579-583 Harris St, Ultimo, NSW","Level 5, 579  583 Harris Street",Ultimo,NSW,2007
"Level 5, 7, 8 Quay St, Haymarket, NSW",8 Quay St,Haymarket,NSW,2000
"Level 8, 338-340 Pitt St, Sydney, NSW",338 Pitt St,Sydney,NSW,2000
"Unit 2, 11 O'Keefes Lane, Kogarah, NSW",11 O'Keefes Lane,Kogarah,NSW,2217
AH&B Gold Coast Campus - 19 Robina Town Centre Dr,19 Robina Town Centre Dr,ROBINA,QLD,4226
Bondi Junction Campus,175 Oxford St,BONDI JUNCTION,NSW,2022
"Level 3, 1 Bay Street, Broadway NSW 2007",1 Bay St,BROADWAY,NSW,2007
Level 4 316 Adelaide St BRISBANE CITY QLD 4000,316 Adelaide St,Brisbane,QLD,4000
Quay Street Campus,Level 5 8 Quay St,HAYMARKET,NSW,2000
"Level 5, 160 Edward Street, Brisbane",160 Edward St,BRISBANE,QLD,4000
Hills Adventist College,2-4 Gumnut Close,North Kellyville,NSW,2155
Hills Adventist College - Castle Hill Campus,84 Cecil Avenue,CASTLE HILL,NSW,2154
Hurstville Adventist School,24-30 Wright Street,HURSTVILLE,NSW,2220
Macarthur Adventist College,12 Victoria Road,MACQUARIE FIELDS,NSW,2564
Mountain View Adventist College,41 Doonside Road,DOONSIDE,NSW,2767
Sydney Adventist School - Auburn,3 Macquarie Road,Auburn,NSW,2144
Wahroonga Adventist School,189 Fox Valley Road,WAHROONGA,NSW,2076
"3 Searcy Street, Darwin",3 Searcy St,Darwin,NT,800
IH - Teacher Training & Professional Centre (Clarence),201 Clarence St,SYDNEY,NSW,2000
IH Adelaide,Unit 1 8 St Lukes Ave,BROWNSVILLE,NSW,2530
"IH Byron Bay - Grnd Flr & Lvl 2, 1 Carlyle Street, NSW","Grnd Flr & Lvl 2, 1 Carlyle Street",Bryon Bay,NSW,2481
IH Darwin - Smith Street,"Level 1 & 2, 69 Smith Street Darwin",Darwin,NT,800
"IH Gold Coast - Marine Parade, Southport","Lvl 4, 42 Marine Parade, Southport",Southport/Gold Coast,QLD,4215
"L2, 55 Grenfell St. Adelaide",Level 2 55 Grenfell Street,Adelaide,SA,5000
L4 540 George Street,L4 540 George Street,SYDNEY,NSW,2000
L5 540 George Street Sydeney 2000,L5 540 George Street,SYDNEY,NSW,2000
"L7, 350 Queen St, Melbourne","L7, 350 Queen Street",Melbourne,VIC,3000
"Level 6, 350 Queen St, Melbourne",350 Queen St,Melbourne,VIC,3000
"Lvl 1, 237-239 Oxford St, Bondi Junction, NSW",237 Oxford St,BONDI JUNCTION,NSW,2022
Spink St,6 Spink St,BRIGHTON,VIC,3186
"Academia Adelaide - 45 Grenfell St, Adelaide  SA",45 Grenfell St,Adelaide,SA,5000
"Academia Brisbane - 41 Raff Street, Spring Hill QLD",41 Raff St,Spring Hill,QLD,4000
"Academia Melbourne - Levels 8 & 9, 399 Lonsdale St  MLB",399 Lonsdale St,Melbourne,VIC,3000
Holmes Institute Pty Ltd,185 Spring St,MELBOURNE,VIC,3000
"Ground Level & Level 3, 269 Wickham St Fortitude Valley, Brisbane",Ground Level & Level 3,Fortitude Valley,QLD,4006
"Level 10, 182 Victoria Square, Adelaide SA 5000","Level 10,182 Victoria Square",Adelaide,SA,5000
"Level 4, 1-3 Fitzwilliam Street, Parramatta",1 Fitzwilliam St,Parramatta,NSW,2150
"Level 7, 399 Lonsdale St Melbourne",399 Lonsdale St,Melbourne,VIC,3000
"Sydney Levels 1 & 2, 160-166 Sussex Street",160 Sussex St,Sydney,NSW,2000
"City Campus - 823 Wellington Street, WEST PERTH WA 6005",823 Wellington St,WEST PERTH,WA,6005
East Victoria Park - 950-952 Albany HWY EAST VICTORIA PARK WA 6101,950-952 Albany Hwy,East Victoria Park,WA,6101
Australian International Performing Arts High School,31 - 33 Allen Street,HARRIS PARK,NSW,2150
Flight Training Adelaide Pty Ltd,54 Kittyhawk Lane,PARAFIELD AIRPORT,SA,5106
FTA Queensland Pty Ltd - WELLCAMP,1511 Toowoomba Cecil Plains Rd,WELLCAMP,QLD,4350
Brisbane School of Theology,1 Cross Street,TOOWONG,QLD,4066
Chinese Theological College Australia,"1, Clarence Street",Burwood,NSW,2134
Christ College,1 Clarence St,BURWOOD,NSW,2134
Malyon College,53 Prospect Road,GAYTHORNE,QLD,4051
Melbourne School of Theology - Wantirna campus,5 Burwood Highway,Wantirna,VIC,3152
Morling College - Macquarie Park campus,122 Herring Rd,MACQUARIE PARK,NSW,2113
Morling College - Perth campus,20 Hayman Road,BENTLEY,WA,6102
Presbyterian Theological College,684 Elgar Road,Box Hill North,VIC,3129
Queensland Theological College,369 Boundary Street,Spring Hill,QLD,4000
Reformed Theological College,221 Queen St,Melbourne,VIC,3000
Ridley College,170 The Avenue,Parkville,VIC,3052
Sydney Missionary & Bible College (Croydon Park),140 Croydon Ave,Croydon Park,NSW,2133
Sydney Missionary and Bible College (Croydon),43 Badminton Rd,CROYDON,NSW,2132
Trinity Theological College,632-634 Newcastle Street,LEEDERVILLE,WA,6007
Youthworks College (Camperdown),22 Carillon Avenue,Camperdown,NSW,2232
MEGA Education,225 Clarence St,SYDNEY,NSW,2000
187 Thomas Street - Ground Floor HAYMARKET NSW,187 Thomas Street - Ground Floor,HAYMARKET,NSW,2000
187 Thomas Street - Level 3 187 Thomas St HAYMARKET NSW 2000,187 Thomas Street - Level 3,HAYMARKET,NSW,2000
ADELAIDE,Level 11 118 King William St,ADELAIDE,SA,5000
International Film School Sydney Pty Ltd (RTO),41 Holt St,SURRY HILLS,NSW,2010
"5 Hicks Street, Southport",5 Marshall Lane,SOUTHPORT,QLD,4215
505 Little Collins Street,"Level 3, 505 Little Collins St",MELBOURNE,VIC,3000
"Level 8, 102 Adelaide Street, Brisbane",102 Adelaide St,BRISBANE,QLD,4000
Excelsia College,69-71 Waterloo Road,Macquarie Park,NSW,2113
International Screen Academy,242 Young Street,Waterloo,NSW,2113
Pacific College (Auburn) (RTO Operations),91 Rawson St,AUBURN,NSW,2144
13 Beechboro Rd S BAYSWATER WA 6053,13 Beechboro Rd,BAYSWATER,WA,6053
6 Scarborough St SOUTHPORT QLD 4215,6 Scarborough St,SOUTHPORT,QLD,4215
Greenwich College (Kelly Street),7 Kelly St,Ultimo,NSW,2007
Greenwich College Pty Ltd (Nerang Street),56-58 Nerang St,SOUTHPORT,QLD,4215
Greenwich English College Pty Ltd (RTO Operations) (Pitt Street),396 Pitt St,Sydney,NSW,2000
"Level 1 and 2, 72 Mary St Surry Hills NSW 2010",72 Mary St,Surry Hills,NSW,2010
"Level 3 & 4, 119 Charlotte St BRISBANE CITY QLD 4000",Level 3 119 Charlotte St,BRISBANE,QLD,4000
Level 3 72-82 Mary St SURRY HILLS NSW 2010,Level 3 72-82 Mary Street,SURRY HILLS,NSW,2010
"Level 4, 27 Currie St ADELAIDE SA 5000","Level 4, 27 Currie St",Adelaide,SA,5000
"Level 5 & 6 Thomas Street, Sydney 2000",Level 5 & 6 - 187 Thomas St,HAYMARKET,NSW,2000
"Level 6, 8, 12, 13, 14 & 16, 120 Spencer St Melbourne VIC 3000",120 Spencer St,MELBOURNE,VIC,3000
"Level 9, 119 Charlotte St BRISBANE CITY QLD 4000","Suite 1, Level 9, 119 Charlotte St",Brisbane City,QLD,4000
Australian Association for International Education Inc,1 ALMADINE DRIVE,CARINE,WA,6020
Collins Institute of Australia,127 Liverpool St,SYDNEY,NSW,2000
"Lvl 8, 22 Market Street",22 Market St,Sydney,NSW,2000
108 Bourke Street,108 Bourke St,Melbourne,VIC,3000
451 Pitt Street,451 Pitt St,Haymarket,NSW,2000
George Education Group Pty Ltd (RTO Operations),302 Elizabeth St,Surry Hills,NSW,2010
Level 1 28-36 Foveaux St Surry Hills NSW 2010,Level 1 28-36 Foveaux St,Surry Hills,NSW,2010
"13 Benowa Road, SOUTHPORT",13 Benowa Rd,SOUTHPORT,QLD,4215
151 Currumburra Road Ashmore,151 Currumburra Rd,ASHMORE,QLD,4214
"Level 2, 170 Leichhardt St, Spring Hill QLD",170 Leichhardt St,Spring Hill QLD,QLD,4000
"Shop 4, 12 Annerley Road, Woolloongabba, BRISBANE 4102",12 Annerley Rd,Brisbane,QLD,4102
"Southport Central Campus, Cnr Lawson and Scarborough Street, Southport",9 Lawson St,Southport,QLD,4215
Gold Coast Christian College,7-9 Bridgman Drive,REEDY CREEK,QLD,4227
Trinity College Senior School,Alexander Avenue,EVANSTON SOUTH,SA,5116
"150-154 A'Beckett Street, Melbourne",150 A'Beckett St,MELBOURNE,VIC,3000
"Unit 4 149 Anderson Road, Sunshine",149 Anderson Rd,Sunshine,VIC,3020
"UOW College, Wollongong Campus",30 Northfields Ave,Gwynneville,NSW,2500
UOW South Western Sydney,33 Moore St,Liverpool,NSW,2170
UOW Sydney Business School,1 Macquarie Pl,Circular Quay,NSW,2000
"19 Chisholm Road, Carrara 4211",724 Blunder Road,DURACK,QLD,4077
"6 Agnes Street, Woolloongabba 4102",6 Agnes Street,Woolloongabba,QLD,4102
"724 Blunder Road, Durack 4077",724 Blunder Road,DURACK,QLD,4077
Brisbane - Holmes Institute Pty Ltd,171 Elizabeth St,BRISBANE,QLD,4000
Cairns - Holmes Institute Pty Ltd,18 Lake St,CAIRNS,QLD,4870
"Levels 2 & 3, 126 Margaret Street, Brisbane 4000","Levels 2 & 3, 126 Margaret Street",Brisbane,QLD,4000
Surfers Paradise QLD - Holmes Institute Pty Ltd,3184 Surfers Paradise Blvd,SURFERS PARADISE,QLD,4217
Avondale University (Lake Macquarie Campus) (RTO Operations),582 Freeman's Dr,COORANBONG,NSW,2265
Avondale University (Lake Macquarie) (Higher Ed Operations),582 Freemans Dr,COORANBONG,NSW,2265
Avondale University (Sydney) (Higher Ed Operations),185 Fox Valley Rd,WAHROONGA,NSW,2076
"Level 8, 108 Lonsdale Street, Melbourne",108 Lonsdale St,MELBOURNE,VIC,3000
"Suite 2, Lvl 2, 136 Chalmers Street, Surry Hills",136 Chalmers St,Surry Hills,NSW,2010
"112 Peel St, North Melbourne",112 Peel St,North Melbourne,VIC,3051
192 High Street,192 High St,NORTHCOTE,VIC,3070
Campion Institute Limited (Higher Ed Operations),8-14 Austin Woodbury Place,OLD TOONGABBIE,NSW,2146
LYCEE CONDORCET THE INTERNATIONAL FRENCH SCHOOL OF SYDNEY,758 Anzac Parade,MAROUBRA JUNCTION,NSW,2035
"Brisbane - L4, 333 Adelaide Street",333 Adelaide St,BRISBANE,QLD,4000
Newmarket - 23 Foster Street,23 Foster St,NEWMARKET,QLD,4051
"Level 4, Liverpool St Sydney","Level 4, 127 Liverpool St",SYDNEY,NSW,2000
SPC Brisbane,Level 5 138 Albert St,BRISBANE CITY,QLD,4000
"Sun Pacific College, Kewarra Beach",55-65 Poolwood Rd,Kewarra Beach,QLD,4879
"Melbourne Campus - Melbourne Campus - Level 1, Suite 110, 1 Queens Rd MELBOURNE VIC 3004","Level 1, Suite 110, 1 Queens Rd",Melbourne,VIC,3004
Sydney Campus - 1-5 Randle St SURRY HILLS NSW 2010,1 Randle St,SURRY HILLS,NSW,2010
"1 Gleneagles Drive, Sanctuary Cove QLD",1 Glen Eagles Dr,Sanctuary Cove,QLD,4212
"600 Thompsons Road, Sandhurst Vic 3977",600 Thompsons Rd,SANDHURST,VIC,3977
Kooralbyn Campus Inc,Ogilvie Place,KOORALBYN,QLD,4285
"478 Logan Rd, Stones Corner, QLD 4120",478 Logan Rd,Stones Corner,QLD,4120
"Level 3, 108 Margaret Street, Brisbane",108 Margaret St,BRISBANE,QLD,4001
Westminster College (RTO Operations),541 Kent St,Sydney,NSW,2000
Holmes Institute (York Street) (RTO Operations),91 York St,SYDNEY,NSW,2000
"Holmes Institute, Sydney (Higher Ed Operations)",91 York St,SYDNEY,NSW,2000
"Level 1, 2/246 Varsity Parade, Varsity Lakes",246 Varsity Pde,VARSITY LAKES,QLD,4227
MIT Institute Pty Ltd (Pitt Street) (ELICOS Operations),280 Pitt St,SYDNEY,NSW,2000
693 Station St BOX HILL VIC 3128,693 Station St,BOX HILL,VIC,3128
St George College,73 Rose Street,Mile End,SA,5031
"Unit 1, Ground Floor, 320 Harris Street, Pyrmont",320 Harris St,PYRMONT,NSW,2009
Warwick Institute of Australia Pty Ltd (Adelaide Street BRISBANE),316 Adelaide St,BRISBANE,QLD,4000
54 Currie Street Adelaide,54 Currie St,Adelaide,SA,5000
81 Currie Street,81 Currie St,Adelaide,SA,5000
60 Stirling Street,60 Stirling St,PERTH,WA,6000
"113 Adderley St, West Melbourne",113 Adderley St,West Melbourne,VIC,3003
"4, 355 Spencer Street Melbourne",355 Spencer St,West Melbourne,VIC,3003
Modern Communications Australia Pty Ltd,47 Butler St,Richmond,VIC,3121
51 Queen Street,51 Queen St,Melbourne,VIC,3000
Sunshine College of Management Pty Ltd,18 Withers St,Sunshine,VIC,3020
Bathurst St - Sydney CBD,70 Bathurst St,Sydney,NSW,2000
Bondi,"Level 2, 19-23 Hollywood Ave",BONDI JUNCTION,NSW,2022
Little Collins St - Melbourne CBD,Level 4 505 Little Collins St,MELBOURNE,VIC,3000
Melbourne - Bourke St,Level 3 601 Collins Street,MELBOURNE,VIC,3000
"301 Foleys Road Derrimut, Melbourne",301 Foleys Rd,Derrimut,VIC,3026
"8 McGlone St, Mitcham, Victoria",8 McGlone St,Mitcham,VIC,3132
Building & Construction Campus - Thomastown,28 Keon Pde,THOMASTOWN,VIC,3074
"Factory 6, 112 Colemans Rd, CARRUM DOWNS VIC",112 Colemans Rd,CARRUM DOWNS,VIC,3201
Lonsdale Street,398 Lonsdale St,Melbourne,VIC,3000
Bayside King St,"Level 7, 310 King St",MELBOURNE,VIC,3000
"Suite 2, Ground Floor, 333 Queen St, Melbourne 3000",333 Queen St,Melbourne,VIC,3000
St Vincent's Building (Westmead Campus) (ELICOS Operations),St Vincents Building,WESTMEAD,NSW,2145
Sydney Olympic Park Campus (ELICOS),8 Australia Avenue,Sydney Olympic Park,NSW,2127
University of Western Sydney - Bankstown City,74 Rickard Road,Bankstown,NSW,2200
"Lvl 3, 123 Lonsdale Street, MELB 3000",123 Lonsdale St,MELBOURNE,VIC,3000
8 Mclean Street,8 Mclean Street,Beverley,SA,5009
Level 5 - 601 Bourke St MELBOURNE VIC 3000,Level 5 - 601 Bourke St,MELBOURNE,VIC,3000
"Lvl 4, 220 Albert Road, South Melbourne",220 Albert Rd,South Melbourne,VIC,3205
"Lvl 9, 108 King William Street, Adelaide","Lvl 9, 108 King William Street",ADELAIDE,SA,5000
Nova HQ - 182 Normanby Rd Southbank,182 Normanby Rd,SOUTHBANK,VIC,3006
Nova Sydney Campus,Suite 4 Level 4 460 Church Street,Parramatta,NSW,2150
Abbotsford,212 Hoddle St,Abbotsford,VIC,3067
Whitehouse Institute of Design (NSW),2 Short St,SURRY HILLS,NSW,2010
Whitehouse Institute of Design (QLD),69 Shafston Avenue,Kangaroo Point,QLD,4169
Whitehouse Institute of Design (VIC),672 Bourke St,Melbourne,VIC,3000
"Grnd Flr & First Flr, 17 Chapman Road Rapid Creek",17 Chapman Rd,Rapid Creek,NT,810
AITT Automotive Workshop - 3 James St Clayton,3 James St,CLAYTON,VIC,3169
Melbourne Campus,- Level 3 440 Elizabeth St,MELBOURNE,VIC,3000
"552 George Street, Sydney",552 George St,Sydney,NSW,2000
Belconnen ACT,40 Cameron Ave,BELCONNEN,ACT,2617
Crown Institute of Business and Technology - North Sydney Campus,116 Pacific Hwy,NORTH SYDNEY,NSW,2060
Crown Institute of Business and Technology (Pitt St) (RTO),303 Pitt St,SYDNEY,NSW,2000
Hurstville Campus - 2 Woodville St Hurstville NSW 2220,2 Woodville St,Hurstville,NSW,2220
"Level 11, 307 Pitt St Sydney NSW 2000",307 Pitt St,Sydney,NSW,2000
"Level 2, 38-52 College Street, Darlighurst",38 College St,Darlinghurst,NSW,2010
55 Pyrmont Bridge Road PYRMONT NSW 2009,55 Pyrmont Bridge Rd,PYRMONT,NSW,2009
Adelaide Showgrounds Kitchen,1 Goodwood Road,Wayville,SA,5034
Adelaide Zoo,8 Frome Rd,Adelaide,SA,5000
Chefs Academy Sydney,319/2-10 Darling Drive,Darling Harbour,NSW,2000
QTHC Sydney Fish Market Kitchen,47 Bank St,PYRMOUNT,NSW,2009
QTHC Sydney Kitchen,1 Harris St,PYRMONT,NSW,2009
"Suite 3, Level 1, 8 Greenhill Road, Wayville, SA 5034",8 Greenhill Rd,Wayville,SA,5034
"Level G - 3, 116 Adelaide Street, Brisbance",116 Adelaide St,Brisbane,QLD,4000
Melbourne College of Hairdressing Beauty Therapy & Natural Medicine Pty Ltd - Docklands,1 Star Crescent,Docklands,VIC,3008
"Level 9-11, 168 Lonsdale Street, Melbourne",168 Lonsdale St,MELBOURNE,VIC,3000
Sydney Delivery Site,70-72 Bathurst Street,Sydney,NSW,2000
Yorke Adelaide,223-241 Angas St,ADELAIDE,SA,5000
Yorke Melbourne,124 Princes Hwy,DANDENONG,VIC,3175
13-15 Short Street. Southport QLD 4215,13 Short St,SOUTHPORT,QLD,4215
"Building 4 / 460-492 Beaudesert Road, SALISBURY",Building 4 / 460-492 Beaudesert Road,SALISBURY,QLD,4107
DDLS Brisbane,Level 8 199-201 Charlotte St,Brisbane,QLD,4000
DDLS Perth,Level 7 553 Hay St,Perth,WA,6000
Everthought Education Perth Pty Ltd - Cannington,92 Mallard Way,Cannington,WA,6155
Belmont College,63 Abernethy Rd,BELMONT,WA,6104
"17  21 Buckhurst St, South Melbourne",17 Buckhurst St,South Melbourne,VIC,3205
Level 1 355 Spencer St WEST MELBOURNE VIC 3003,Level 1 355 Spencer St,WEST MELBOURNE,VIC,3003
Level 2 600-612 George St Sydney NSW 2000,600 George St,Sydney,NSW,2000
Endeavour College of Natural Health,"Level 5, 6 and 7",Haymarket,NSW,2000
International College of Hotel Management,131-139 Currie St,Adelaide,SA,5000
"73 Rose Street, Mile End, South Australia 5031",73 Rose St,Mile End,SA,5031
Automotive Workshop - 2 Forster St RIDLEYTON SA 5008,2 Forster St,RIDLEYTON,SA,5008
DIC Melbourne Campus - 166-172 Exhibition St MELBOURNE VIC,166-172 Exhibition St,MELBOURNE,VIC,3000
Durban Renmark,19878 Sturt Hwy,OLD CALPERUM,SA,5341
"Level 1, Eastern Side, 128 Hindley Street, Adelaide",128 Hindley St,Adelaide,SA,5000
Level 18  - 45 Grenfell St ADELAIDE,Level 18  45 Grenfell St,ADELAIDE,SA,5000
"Level 4, 38 Currie Street",38 Currie St,Adelaide,SA,5000
Federation Technology Institute,"Level 8, 131 Queen St",Melbourne,VIC,3000
"Level 3, 201 Fitzroy St, St Kilda VIC 3182","Level 3, 201 Fitzroy St",St Kilda,VIC,3182
"34 Steel Street, NORTH MELBOURNE VIC 3051",34 Steel Street,North Melbourne,VIC,3051
113 Burgundy Street - Head Office Campus,113 Burgundy St,HEIDELBERG,VIC,3084
"158 Burgundy Street, Heidelberg",158 Burgundy St,Heidelberg,VIC,3084
"210 Thirteenth Street, Mildura VIC 3500",210 Thirteenth St,MILDURA,VIC,3500
"3 - 25 Goldsworthy Road, Corio VIC 3214",3 Goldsworthy Rd,Corio,VIC,3214
"6 Fetherstone Street, Bankstown",6 Fetherstone St,Bankstown,NSW,2200
626 Bell St Preston VIC 3072,626 Bell St,Preston,VIC,3072
"8 Ashley Street, WANTIRNA VIC 3152",8 Ashley St,WANTIRNA,VIC,3152
Argyle Street Parramatta - 21 Argyle St PARRAMATTA NSW 2150,Suites 1 and 2 Level 1 21 Argyle St,Parramatta,NSW,2150
Bendigo Campus - 62 Lucan St BENDIGO,62 Lucan St,BENDIGO,VIC,3550
BERRIMAH Auto workshop,78 Pruen Rd,BERRIMAH,NT,828
"Camperdown, NSW",12 Missenden Road,Camperdown,NSW,2050
Darwin - Millner Campus - Shop 23 48 Trower Rd MILLNER NT 0810,Shop 23 48 Trower Rd,MILLNER,NT,810
Education Training & Employment Australia Pty Ltd,132 Burgundy St,Heidelberg,VIC,3084
"Footscray, VIC",160 Gordon Street,Footscray,VIC,3011
"Ipswich, QLD",14 Chelmsford Avenue,Ipswich,QLD,4305
"Level 2, East, 50 Grenfell Street, Adelaide",50 Grenfell St,ADELAIDE,SA,5000
Osborne Park auto workshop,Unit 25 1 Baden St,OSBORNE PARK,WA,6017
"Redcliffe, QLD",Lot 958 Anzac Avenue,Redcliffe,QLD,4020
SA - St Agnes Workshop,118 Tolley Rd,St. Agnes,SA,5097
SA Windsor Gardens,31 Petrova Ave,Windsor Gardens,SA,5087
"St Leonards, NSW",2 Herbert Street,St Leonards,NSW,2065
"Suite 7, Level 6, 377-383 Sussex Street, Sydney NSW 2000",377 Sussex St,Sydney,NSW,2000
"Unit 4, 78-84 Catalano Circuit, Canning Vale",78 Catalano Cct,CANNING VALE,WA,6155
"Westmead, NSW",166-174 Hawkesbury Road,Westmead,NSW,2145
"601 Campus - Level 9, 601 Bourke St Melbourne VIC 3000","Level 9, 601 Bourke St",Melbourne,VIC,3000
"ALTEC CBD - Level 5, 601 Bourke Street Melbourne VIC 3000",601 Bourke St,Melbourne,VIC,3000
ALTEC HQ - Melbourne,Level 8 620 Bourke St,Melbourne,VIC,3000
"Level 1, 242 Liverpool Street, Hobart, TAS",232 Liverpool St,Hobart,TAS,7000
North Melbourne Campus,63 Boundary Road,North Melbourne,VIC,3051
"Level 1 & 2, 333 Exhibition Street, Melbourne VIC 3000",Level 1 & 2,Melbourne,VIC,3000
Australasian Lawrence Aged Care College - CRICOS - 189 Plenty Rd PRESTON VIC 3072,189 Plenty Rd,PRESTON,VIC,3072
"14-16 Grote Street, Adelaide",14 Grote St,ADELAIDE,SA,5000
"155-161 Boundary Road, North Melbourne",155 Boundary Rd,North Melbourne,VIC,3051
"41 Boundary Road, North Melbourne",41 Boundary Rd,North Melbourne,VIC,3051
"52-56 Chetwynd St, West Melbourne",52 Chetwynd St,West Melbourne,VIC,3003
CTI GOLD COAST CITY CAMPUS,40 Marine Pde,SOUTHPORT,QLD,4215
"Level 1, 8, 333 Adelaide Street - Brisbane",333 Adelaide St,BRISBANE,QLD,4000
Chalmers Street Campus - SURRY HILLS,124 Chalmers St,SURRY HILLS,NSW,2010
Drummond Street Campus - CARLTON,48 Drummond St,CARLTON,VIC,3053
Elizabeth Street Campus - MELBOURNE,- Level 6 440 Elizabeth St,MELBOURNE,VIC,3000
Covenant College,Woodcock Drive,Gordon,ACT,2901
New England Grammar School,Uralla Road,ARMIDALE,NSW,2350
"Level 1, 2, 3, 4, 131 Queen St Melbourne",131 Queen St,Melbourne,VIC,3000
"Queen St Campus - Level 5, 131 Queen St Melbourne VIC 3000","Level 5, 131 Queen St",Melbourne,VIC,3000
Australian College of Christian Studies (ACCS),"Level 2, 29 George St",Burwood,NSW,2134
Nazarene Theological College,40 Woodlands Drive,Thornlands,QLD,4164
Perth Bible College,1 College Ct,Karrinyup,WA,6018
Planetshakers College,127 Whiteman St,Southbank,VIC,3006
St Andrews Greek Orthodox Theological College,242 Cleveland Street,Redfern,NSW,2016
"Sydney College of Divinity - Box Hill, Victoria",98 Albion Road,Box Hill,VIC,3128
"Sydney College of Divinity - Macquarie Park, NSW","Unit 6B, 5 Talavera Road",North Ryde,NSW,2113
Coolum Beach Christian College Campus,2 Arcoona Road,COOLUM BEACH,QLD,4573
"Spencer St - Unit 39, 617 - 643 Spencer St, WEST MELBOURNE VIC 3003",617 Spencer St,WEST MELBOURNE,VIC,3003
"Level 1,16 Railway Parade Burwood NSW 2134",16 Railway Parade,Burwood,NSW,2134
"Level 4, 127 Liverpool Street Sydney NSW 2000","Level 4, 127 Liverpool Street",Sydney,NSW,2000
"501 Latrobe Street, Melbourne",501 Latrobe St,Melbourne,VIC,3000
9 Nicholson St BENTLEIGH VIC 3204,9 Nicholson St,BENTLEIGH,VIC,3204
Pacific Flight Services (RTO Operations),1 Drover Rd,BANKSTOWN AIRPORT,NSW,2200
Astute Training (RTO Operations),497 High St,PENRITH,NSW,2750
Australian College of Commerce & Information Technology (Kent St) (RTO Operations),495 Kent St,SYDNEY,NSW,2000
Moorabbin Airport,16 Northern Ave,Mentone,VIC,3194
Geelong Campus,191-195 Ryrie St,GEELONG,VIC,3220
"Level 3 and Level 6, 118 Queen St, Melbourne",118 Queen St,Melbourne,VIC,3000
"Level 8 and Level 12, 123 Queen St, Melbourne",123 Queen St,Melbourne,VIC,3000
The Rocks - Sydney Campus,Level 3 157-161 Gloucester St,THE ROCKS,NSW,2000
Level 1-3 Eagle Street,110 Eagle St,BRISBANE,QLD,4000
"Level 2, 4, 5, 6, 620 Bourke Street",620 Bourke St,Melbourne,VIC,3000
Level 7 310 King St Melbourne VIC 3000,310 King St,MELBOURNE,VIC,3000
"Level 8, 277 William St, Melbourne",277 William St,Melbourne,VIC,3000
"Level 11, 474 Flinders Street Melbourne",474 Flinders St,Melbourne,VIC,3000
Lygon Kitchen,242 Lygon St,Carlton,VIC,3053
"Unit 14, 65 Mark Street, North Melbourne","Unit 14, 65 Mark St",North Melbourne,VIC,3051
"233 Castlereagh Street, Sydney",233 Castlereagh St,Sydney,NSW,2000
259 Collins Street Melbourne,259 Collins St,Melbourne,VIC,3000
Level 1 108 Margaret Street Brisbane,108 Margaret St,Brisbane,QLD,4000
"Level 2, 2 Cunningham Street",2 Cunningham St,SYDNEY,NSW,2000
"162 Macquarie Street, Hobart TAS 7000",162 Macquarie St,Hobart,TAS,7000
"28-32 Elizabeth Street, Melbourne VIC 3000",28 Elizabeth St,Melbourne,VIC,3000
43-45 Elizabeth Street Melbourne VIC 3000,43 Elizabeth St,Melbourne,VIC,3000
1 Gleneagles Drive Sanctuary Cove 4212,1 Gleneagles Dr,Sanctuary Cove,QLD,4212
"180 Monaco Street, Broadbeach Waters",180 Monaco St,BROADBEACH WATERS,QLD,4218
Geelong Campus,20 Malop St,GEELONG,VIC,3220
Melbourne campus,182 Capel St,NORTH MELBOURNE,VIC,3051
"359 Queen Street, Brisbane City QLD 4000",359 Queen St,BRISBANE,QLD,4000
"90 King William St, Adelaide SA 5000",90 King William St,Adelaide,SA,5000
"Level 3, 1 Fitzwilliam Street, Parramatta",1 Fitzwilliam St,PARRAMATTA,NSW,2150
Level 4  16 - 18 Wentworth St PARRAMATTA,Level 4 16-18 Wentworth St,PARRAMATTA,NSW,2150
Unit 1 86 Collins St HOBART TAS 7000,- Unit 1 86 Collins St,Hobart,TAS,7000
"601 Bourke Street, Melbourne VIC 3000",601 Bourke St,Melbourne,VIC,3000
Bourke Street - Campus,470 Bourke St,MELBOURNE,VIC,3000
"Level 9, 540 George Street - Australian Technical and Management College Pty Ltd (RTO Operations) (Sydney site)","Level 9, 540 George St",SYDNEY,NSW,2000
"Lvl 3, 770-772 George Street, Sydney  NSW   2000",770 George St,Sydney,NSW,2000
Taylor Weir School of Hairdressing,189 William St,Northbridge,WA,6003
Pearson Aviation Pty Ltd Hangar 61 Mildura Airport,"Hangar 61, Alan Mathews Drive, Mildura Airport",Mildura,VIC,3500
Pearson Aviation Pty Ltd Hangar 61 Mildura Airport Mildura,Hangar 61 Mildura Airport,Mildura,VIC,3500
Global Village Byron Bay (Ruskin Street) (ELICOS Operations),16 Ruskin St,BYRON BAY,NSW,2481
"90 Sippy Downs Drive, Sippy Downs",90 Sippy Downs Drive,SIPPY DOWNS,QLD,4556
Acacia Ridge,247 Bradman St,ACACIA RIDGE,QLD,4110
Alexandra Hills,29 Windemere Rd,Alexandra Hills,QLD,4161
Ashmore,179 Heeb St,ASHMORE,QLD,4214
Basketball Queensland,357 Browns Plains Rd,CRESTMEAD,QLD,4132
Bohle,763 Ingham Rd,BOHLE,QLD,4816
Bracken Ridge,157 Norris Rd,BRACKEN RIDGE,QLD,4017
Bundaberg,118 Walker St,Bundaberg,QLD,4670
Bundamba,22 Byrne St,Bundamba,QLD,4304
Caboolture Campus,56 Tallon St,CABOOLTURE,QLD,4510
Cairns,1 Eureka St,MANUNDA,QLD,4870
Coolangatta,5 Scott St,COOLANGATTA,QLD,4225
Coomera,198 Foxwell Rd,COOMERA,QLD,4209
Eagle Farm,776 Kingsford Smith Dr,EAGLE FARM,QLD,4009
Football Queensland,187 Meakin Rd,SLACKS CREEK,QLD,4127
Gold Coast Campus - Griffith University (GU),58 Parklands Dr,Southport,QLD,4222
Grovely Campus,76 Fitzsimmons St,GROVELY,QLD,4054
Hervey Bay,47 Urraween Rd,Hervey Bay,QLD,4655
Kingaroy,1 Geritz Rd,Kingaroy,QLD,4610
Loganlea,50 Armstrong Rd,Meadowbrook,QLD,4131
Maroochydore,170 Horton Pde,Maroochydore,QLD,4558
Mooloolaba,34 Lady Musgrave Dr,Mountain Creek,QLD,4558
Mount Gravatt,1030 Cavendish Rd,MT GRAVATT,QLD,4122
Nambour,91 Windsor Rd,Nambour,QLD,4560
Pimlico,264 Hugh St,TOWNSVILLE,QLD,4810
Queensland Rugby Union,231 Butterfield St,HERSTON,QLD,4006
Robina Campus,209 Robina Town Centre Dr,Robina,QLD,4226
South Bank Campus,66 Ernest St,South Brisbane,QLD,4101
Southport Campus,91 Scarborough St,Southport,QLD,4215
Southport Hospitality,11 Nerang St,SOUTHPORT,QLD,4215
Springfield,37 Sinnathamby Blvd,Springfield Central,QLD,4304
Sunshine Coast Health Institute,16 Innovation Pkwy,Birtinya,QLD,4575
Toowoomba,100 Bridge St,TOOWOOMBA,QLD,4350
Whitsundays,190 Shute Harbour Rd,CANNONVALE,QLD,4802
Elston Education & Training Southport Campus,127 Olympic Circuit,SOUTHPORT,QLD,4215
Elston Education & Training Surfers Paradise Campus,Level 5 50 Appel St,SURFERS PARADISE,QLD,4217
Collins Street,Level 8,Melbourne,VIC,3000
"Level 5, 250 Collins St",Level 5,melbourne,VIC,3000
"Level 7, 250 Collins Street Melbourne VIC 3000","Level 7, 250 Collins St",Melbourne,VIC,3000
Level 9 234-250 Collins St MELBOURNE VIC 3000 Australia,234 Collins St,Melbourne,VIC,3000
Peel Street,112 Peel Street,North Melbourne,VIC,3051
37 Gregory St,37 Gregory St,PARAP,NT,820
Darwin,48 Woods St,DARWIN,NT,800
"Level 3, 303 Pitt St",Level 3 303 Pitt St,Sydney,NSW,2000
Upper Mount Gravatt,1990 Logan Rd,UPPER MOUNT GRAVATT,QLD,4122
Winnellie NT,66 Coonawarra Rd,Winnellie,NT,820
St Ursula's College Toowoomba,38 Taylor Street,TOOWOOMBA,QLD,4350
Sheffield College,21 Rundle Mall,Adelaide,SA,5000
Rundle Mall Adelaide,Level 3 112 Rundle Mall,Adelaide,SA,5000
"75 Campbell Street, Hobart",75 Campbell St,Hobart,TAS,7000
93 Paterson St LAUNCESTON TAS 7250,93 Paterson St,LAUNCESTON,TAS,7250
"Alanvale Campus, 54a Alanvale Road, Newnhan TAS 7248",54a Alanvale Rd,Newnhan,TAS,7248
"Clarence Campus, 4a Bounty Street, Warrane TAS",4a Bounty St,Warrane,TAS,7000
"Drysdale Campus, 59 Collins Hobart TAS 7000",59 Collins St,Hobart,TAS,7000
"Adelaide CBD - Lvls 10 & 14, 90 King William St, ADL","Lvl 14, 90 King William St",Adelaide,SA,5000
PirieStAdelaide,Suite 2 Level 3 97 Pirie St,ADELAIDE,SA,5000
Adelaide City Campus (Higher Education),101 Grenfell Street,Adelaide,SA,5000
Adelaide City Campus (Vocational Education),"Level 1, East 50 Grenfell Street",Adelaide,SA,5000
Mirrabooka Campus (MBC),9 Chesterfield Rd,Mirrabooka,WA,6061
Perth City Campus (PCC),171 James St,Northbridge,WA,6003
West Perth Campus (WPC),69 Outram St,West Perth,WA,6005
"269 Wickham Street, Fortitude Valley QLD 4006",269 Wickham Street,Fortitude Valley,QLD,4006
"Level 6 and 7, 399 Lonsdale Street, Melbourne VIC 3000",level 6 and 7,Melbourne,VIC,3000
"Level 6, 1-3 Fitzwilliam Street Parramatta NSW 2150","Level 6, 1-3 Fitzwilliam Street",Parramatta,NSW,2150
110 Brown St EAST PERTH WA 6004,110 Brown St,East Perth,WA,6004
249 James St NORTHBRIDGE WA 6003,249 James St,NORTHBRIDGE,WA,6003
"PCBT Trade Training Centre - 187 Colin Place, WEST PERTH WA 6005",187 Colin Pl,WEST PERTH,WA,6005
"BNSW Campus - 2 Olympic Blvd, Sydney Olympic Park",2 Olympic Blvd,Sydney Olympic Park,NSW,2127
FFSA Campus - 2-46 Cowan St,46 Cowan St,Angle Park,SA,5010
114-116 Murray Street Hobart TAS 7000,114 Murray St,Hobart,TAS,7000
Australian Ideal College (75 King Street),75 King St,SYDNEY,NSW,2000
"Level 3, 7 James Place, Rundle Mall, Adelaide",7 James Pl,Adelaide,SA,5000
"Level 1, 120 Roe Street, Northbridge WA 6003",120 Roe St,Northbridge,WA,6003
Level 6 505 George St SYDNEY NSW 2000,Level 6 505 George St,Sydney,NSW,2000
"Level 4, 344 Queen St Brisbane 4000",344 Queen St,Brisbane,QLD,4000
SIIT Pitt Street - Unit 145 414-418 Pitt St HAYMARKET NSW 2000,Unit 145 414-418 Pitt St,Haymarket,NSW,2000
243 Edward St BRISBANE CITY QLD 4000,243 Edward St,BRISBANE,QLD,4000
Level 1 601 Bourke St MELBOURNE,Level 1 601 Bourke St,MELBOURNE,VIC,3000
Level 1 65 York St SYDNEY NSW 2000,65 York St,SYDNEY,NSW,2000
Level 6 601 Bourke St MELBOURNE VIC 3000,601 Bourke St,MELBOURNE,VIC,3000
Level 7 601 Bourke St Melbourne,Level 7,MELBOURNE,VIC,3000
"Suite 1 Level 3, 127 Rundle Mall, Adelaide SA","Suite 1, Level 3, 127 Rundle Mall",ADELAIDE,SA,5000
University of Technology Sydney - Lvl 3 1-59 Quay St HAYMARKET,1-59 Quay St,Haymarket,NSW,2000
65 Hindley Street,65 Hindley St,Adelaide,SA,5000
"Level 11, 68 Grenfell Street",68 Grenfell St,Adelaide,SA,5000
Level 5 20-22 Macquarie St PARRAMATTA NSW 2150,20 Macquarie St,PARRAMATTA,NSW,2150
"Shop 6, GF, 20-22 Macquarie Street, Parramatta NSW 2150","Shop 6, GF 20 Macqaurie St",Parramatta,NSW,2150
ACOT Bourke street - Level 4 380 Bourke St MELBOURNE VIC 3000,Level 4 380 Bourke St,MELBOURNE,VIC,3000
"ACOT Melbourne CBD - Suite 1, Lvl 9, 190 Queen Street, Victoria",190 Queen St,Melbourne,VIC,3000
"Lvls 1 & 2, 851-859 High Street, Thornbury",851 High St,Thornbury,VIC,3071
"101 Glengala Road, Sunshing West VIC 3020",101 Glengala Rd,Sunshine West,VIC,3020
157 Islington St COLLINGWOOD VIC 3066,157 Islington St,COLLINGWOOD,VIC,3066
"24-26 Elizabeth Street, Richmond",24 Elizabeth St,Richmond,VIC,3121
Acumen Education Pty Ltd,5 Elizabeth St,Richmond,VIC,3121
Geelong Campus 1,1- 287-307 Melbourne Rd,NORTH GEELONG,VIC,3215
Level 8 / 55 Swanston Street Melbourne,55 Swanston St,Melbourne,VIC,3000
"1C Grand Avenue, Suite 2C, Level 1 and Part of Suite 4 Level 1 Camellia  NSW 2142",1C Grand Ave,Camellia,NSW,2142
Brisbane Campus,5 Hubert St,WOOLLOONGABBA,QLD,4102
Level 1 344 Queen St BRISBANE CITY QLD 4000,Level 1 344 Queen St,BRISBANE CITY,QLD,4000
10 Bains Rd CURRUMBIN VALLEY QLD 4223,10 Bains Rd,CURRUMBIN VALLEY,QLD,4223
"27/33 Childe Street, Byron Bay, NSW, 2481",33 Childe St,Byron Bay,NSW,2481
GC Dive Centre,54 Paradise Ave,MIAMI,QLD,4220
"Minjungbal Museum, Cultural and VET Sustainable Centre",17 Duffy St,TWEED HEADS SOUTH,NSW,2486
Mungalla Station,"Forrest Beach Road,",Via Ingham,QLD,4850
Old Burleigh Theatre Arcade,66 Goodwin Tce,BURLEIGH HEADS,QLD,4220
Sydney Institute of Marine Science,Chowder Bay Road,Mosman,NSW,2088
Brisbane Campus,Level 2 333 Adelaide St,Brisbane,QLD,4000
Underwood,120 Kingston Rd,Underwood,QLD,4119
Woolloongabba,74 Annerley Rd,WOOLLOONGABBA,QLD,4102
Queen Street Melbourne,"Level 5, Tenancy 3, 190 Queen Street",Melbourne,VIC,3000
"127-129 Sutherland Rd, Jannali",127 Sutherland Rd,Jannali,NSW,2226
135 Pirie St Level 1 ADELAIDE SA 5000,135 Pirie St,ADELAIDE,SA,5000
"132 Grenfell St, Adelaide",132 Grenfell St,Adelaide,SA,5000
"Level 5, 370 Docklands Drive, Docklands 3008",Level 5,Docklands,VIC,3008
"Level 9, 68 Grenfell Street, Adelaide, South Australia 5000",Level 9,Adelaide,SA,5000
Murdoch College,"Building B121-122, Murdoch University,",Murdoch,WA,6150
Level 2 209-211 Lonsdale,Level 2 209-211 Lonsdale St,MELBOURNE,VIC,3000
"Levels 4 & 5, 127 Rundle Mall, Adelaide",127 Rundle Mall,Adelaide,SA,5000
"Level 13, 474 Flinders Street","Level 13, 474 Flinders St",Melbourne,VIC,3000
"377 Lonsdale St, Melbourne VIC  3000",377 Lonsdale St,Melbourne,VIC,3000
Nth Melbourne Campus - 49-51 Henderson St North Melbourne,49 Henderson St,North Melbourne,VIC,3051
1/167 Beavers Road,161 Beavers Rd,Northcote,VIC,3070
"10/87 Hallam South Rd, Hallam",87 Hallam South Rd,Hallam,VIC,3803
108 Newquay Prom DOCKLANDS VIC 3008,108 Newquay Prom,DOCKLANDS,VIC,3008
"213 Nicholson St, Footscray",213 Nicholson St,Footscray,VIC,3011
"Shop 16-18, Cnr Albert St and Paisley St, Footscray",47 Paisley St,Footscray,VIC,3011
"Level 1, 20 Queen Street, Melbourne",Level 1,Melbourne,VIC,3000
"Level 3 & 4, 545 Kent St",Level 3 and 4/545 Kent St,Sydney,NSW,2000
"180 Logan Road, WOOLLOONGABBA",180 Logan Rd,WOOLLOONGABBA,QLD,4102
54-56 La Trobe St Melbourne,54 La Trobe St,Melbourne,VIC,3000
"Level 16, 190 Queen Street Melbourne",190 Queen St,Melbourne,VIC,3000
TCOL Limited (Higher Ed Operations),2 Chandos Street,St Leonards,NSW,2065
Level 7 123 Lonsdale St MELBOURNE VIC 3000,Level 7 123 Lonsdale St,Melbourne,VIC,3000
"NSW - Apex Institute of Education (Goulburn Street, Sydney) (RTO and ELICOS Operations)",22 Goulburn St,Sydney,NSW,2000
"NSW - Apex Institute of Education (Sorrell Street, Parramatta) (RTO Operations)",2 Sorrell St,PARRAMATTA,NSW,2150
138 Cromwell St Collingwood VIC,138 Cromwell St,COLLINGWOOD,VIC,3066
Media Makeup Academy,Level 5 80 King William St,ADELAIDE,SA,5000
100 Brunswick Street Fortitude Valley QLD,100 Brunswick St,Fortitude Valley,QLD,4006
15-17 Ocean St MAROOCHYDORE QLD 4558,15-17 Ocean St,MAROOCHYDORE,QLD,4558
Sunshine Coast ACTB Campus,19-21 George St,MAROOCHYDORE,QLD,4558
"Level 2 Leviathan Building, 271-281 Bourke Street",271 Bourke St,MELBOURNE,VIC,3000
"Ground and Level 1, 59 Darby Street, Cooks Hills NSW 2300",Ground and Level 1,Cooks Hills,NSW,2300
"Level 1 and 2, 10 Spring Street, Sydney",Levels 1 & 2,Sydney,NSW,2000
"Level 1 St Martins Tower, 31 Market Street, Sydney",Level 1,SYDNEY,NSW,2000
"Level 1, 545 Kent Street, Sydney",Level 1 & 5,Sydney,NSW,2000
ALIF Australia Pty Ltd (Albert St Brisbane),132 Albert St,Brisbane,QLD,4000
"ALIF Australia Pty Ltd (Bay Street, Southport)",9 Bay St,SOUTHPORT,QLD,4215
"ALIF Australia Pty Ltd (George Street, Parramatta)",25 George St,PARRAMATTA,NSW,2150
"ALIF Australia Pty Ltd (Lake Street, Cairns)",34 Lake St,CAIRNS,QLD,4870
"Level 3, 84-86 Mary Street, Surry Hills (NSW)","Level 3, 84-86 Mary Street",Surry Hills,NSW,2010
AAPA Victoria Pty Ltd,2 Bowral Pl,MITCHELL PARK,VIC,3355
Australian Airline Pilot Academy Wagga,243 Baylis St,WAGGA WAGGA,NSW,2650
Narrandera-Leeton Airport,141-143 East St,NARRANDERA,NSW,2700
Wagga Wagga Airport (RTO Operations),138 Don Kendell Dr,FOREST HILL,NSW,2651
Beaconhills Christian College Ltd,30 - 34 Toomuc Valley Road,Pakenham,VIC,3810
Beaconhills Christian College Ltd,92 Kangan Drive,Berwick,VIC,3806
Austra Suite 406 - Suite 406 2-8 Brookhollow Ave NORWEST NSW,Austra Suite 406 - Suite 406 2-8 Brookhollow Ave,NORWEST,NSW,2153
"Brookhollow Ave, Baulkam Hills",2 Brookhollow Ave,BAULKAM HILLS,NSW,2153
SA - Pirie Street,97 Pirie St,ADELAIDE,SA,5000
Valentine Sports Park Cafe,Valentine Sports Park Cafe,GLENWOOD,NSW,2768
"Level 1, 160 Central Arcade, 811 Hay Street, Perth WA 6000",160 St Georges Tce,Perth,WA,6000
"JH Pty Ltd - Lvls 2 & 3, 135 Pirie St, Adelaide  SA","Lvls 2 & 3, 135 Pirie St",ADELAIDE,SA,5000
"JPIC Pty Ltd - Unit 5, 118-128 Mawson Place, ACT",5/118-128 Mawson Place,MAWSON,ACT,2607
National Art School (Higher Education),Forbes Street,Darlinghurst,NSW,2010
"Lvl 4, 56 York St, Sydney",56 York St,Sydney,NSW,2000
"Grnd Flr & Lvl 1, 33 Heatherdale Road, Ringwood VIC 3134",33 Heatherdale Rd,Ringwood,VIC,3134
International Australian Academy,113 King William St,ADELAIDE,SA,5000
Campus 3 - Suite 5 29 Elkhorn Ave SURFERS PARADISE QLD 4217,"Suite 5, 29 Elkhorn Ave",Surfers Paradise,QLD,4217
Campus 3 Pacific Elkhorn Ave,Suite 3 29 Elkhorn Ave,SURFERS PARADISE,QLD,4217
"Level 2, 17 Orchid Avenue",17 Orchid Ave,Surfers Paradise,QLD,4217
Level 5 18-20 Orchid Ave Surfers Paradise QLD 4217,18 Orchid Ave,Surfers Paradise,QLD,4217
"45 Murray Street, Hobart",45 Murray St,Hobart,TAS,7000
Central Australian College - Brisbane CBD - Suite 1 Level 1 345 Ann St BRISBANE CITY QLD 4000,"Suite 1, Level 1",Brisbane City,QLD,4000
Central Australian Institute of Technology Pty Ltd,8 Cross St,FOOTSCRAY WEST,VIC,3012
"Level 1, 276 Flinders Street, Melbourne",276 Flinders St,Melbourne,VIC,3000
347-351 Victoria Street,347 Victoria St,BRUNSWICK,VIC,3057
Donald Street,149 Donald St,Brunswick East,VIC,3057
EIM International Cairns Campus - 67 Lake St CAIRNS CITY QLD 4870,67 Lake St,CAIRNS CITY,QLD,4870
EIM International Head Office - 72 Nerang St SOUTHPORT QLD 4215,72 Nerang St,SOUTHPORT,QLD,4215
Brunswick Workshop,17 David St,BRUNSWICK,VIC,3056
"Level 5, 123 Lonsdale Street MELBOURNE VIC","Level 5, 123 Lonsdale Street",Melbourne,VIC,3000
Blacktown - NSW,130 Main St,Blacktown,NSW,2148
Lithgow Campus,157 Main St,LITHGOW,NSW,2790
Surry Hills,72-82 Mary St,Surey Hills,NSW,2010
"Level 9, 310 King Street","Level 9, 310 King Street",Melbourne,VIC,3000
Cairns Campus - 30 Minnie St CAIRNS CITY QLD 4870,30 Minnie St,Cairns,QLD,4870
Coffs Harbour,43 Gordon St,COFFS HARBOUR,NSW,2450
Level 3 97 Creek Street BRISBANE CITY,97 Creek St,BRISBANE CITY,QLD,4000
"Unit 1, 2-4 Holden Street, Ashfield NSW 2131","Unit 1, 2-4 Holden St",Ashfield,NSW,2131
"Unit 1, 2-4 Holden Street, Ashfield NSW 2131","Unit 1, 2-4 Holden St",Ashfield,NSW,2131
Nan Tien Institute Wollongong Campus,231 Nolan Street,UNANDERRA,NSW,2526
Harward International College - Oakleigh,2 Railway Ave,OAKLEIGH,VIC,3166
Harward International College - Oakleigh 1,2 Warner St,OAKLEIGH,VIC,3166
Queen Street Campus,Level 7 341 Queen St,MELBOURNE,VIC,3000
Bankstown NSW,49 Raymond St,Bankstown,NSW,2200
Sydney NSW,225 Clarence St,Sydney,NSW,2000
Pelican Waters,Pelican Waters Boulevard,PELICAN WATERS,QLD,4551
"154-158 Sussex Street, Sydney",154-158 Sussex Street,Sydney,NSW,2000
"Laughlin Street, Kingston",70 Laughlin St,KINGSTON,QLD,4114
"Velorum Drive, Kingston",10 Verolum Dr,KINGSTON,QLD,4114
SIBN Elizabeth St - 140 Elizabeth St SYDNEY NSW 2000,140 Elizabeth St,SYDNEY,NSW,2000
Austech Business Institute (RTO operations),70 Princess Hwy,ARNCLIFFE,NSW,2205
Bankstown,29 Drover Road,BANKSTOWN AERODROME,NSW,2200
Redcliffe Aerodome,108 Wirraway Dr,KIPPA RING,QLD,4201
27 Aplin St CAIRNS CITY QLD 4870,27 Aplin St,CAIRNS CITY,QLD,4870
Aria + Sol Training Kitchen and Restaurant,"Unit 1, 2 Edward St",Perth,WA,6000
Wellington Fair,40 Lord St,East Perth,WA,6004
531 George Street Sydney,531 George St,Sydney,NSW,2000
Adelaide Campus,Level 2 68 Grenfell St,ADELAIDE,SA,5000
Level 2 77-79 York St SYDNEY NSW 2000,"Level 2, 77-79 York St",SYDNEY,NSW,2000
Melbourne Campus,Level 9 108 Lonsdale St,MELBOURNE,VIC,3000
247 Collins St Melbourne,247 Collins St,Melbourne,VIC,3000
Level 7 628 Bourke St MELBOURNE VIC 3000,Level 7 628 Bourke St,MELBOURNE,VIC,3000
"20 Hayman Road, Bentley WA 6102",20 Hayman Road,Bentley,WA,6102
Morling College (Higher Ed Operations),122 Herring Road,Macquarie Park,NSW,2113
"84 Buckley Street, Footscray, VIC",84 Buckley St,Footscray,VIC,3011
"Level 2, 601 Bourke Street Melbourne","Level 2, 601 Bourke Street",Melbourne,VIC,3000
"Warwick Street, Annerley",22 Warwick St,ANNERLEY,QLD,4103
"Suite 1, Level 1/ 88 The Esplanade Surfers Paradise 4217 QLD",Level 1/ 88 The Esplanade,Gold Coast,QLD,4217
Surfers Paradise,18 Orchid Ave,Surfers Paradise,QLD,4217
Gold Coast Airport,34 Eastern Ave,COOLANGATTA,QLD,4225
23-27 Scarborough Beach Road,23 Scarborough Beach Rd,Scarborough,WA,6019
Lexis Perth City,197 St Georges Tce,PERTH,WA,6000
16 The Terrace Fremantle WA 6160,16 The Terrace,Fremantle,WA,6160
"18 The Terrace, Fremantle WA 6160",18 The Terrace,Freemantle,WA,6160
Empyrean Training Kitchen ( Fremantle Campus) 8 The Terrace FREMANTLE WA 6160,8 The Terrace,FREMANTLE,WA,6160
Empyrean Training Kitchen (City Campus) Unit 2 69 Milligan St PERTH WA 6000,Unit 2 69 Milligan St,PERTH,WA,6000
Equanimity Consultants Pty Ltd (City Classroom) -,Unit 1 69 Milligan St,Perth,WA,6000
"Level 7, 451 Pitt Street, Sydney 2000",Level 7,Sydney,NSW,2000
"Levels 1-5, 302-306 Elizabeth Street Sydney","L3, 302 Elizabeth St",Surry Hills,NSW,2010
"Suite 2, Level 1, 15 Moore Street, City ACT 2601","Suite 2, Level 1, 15 Moore Street",Canberra,ACT,2601
"Suite 301, 106 Church Street, Parramatta, NSW, 2150",106 Church St,RYDE,NSW,2112
Victoria Park campus,339 Albany Hwy,VICTORIA PARK,WA,6100
"Cecilia Street, Belmore",13 - 17 Cecilia Street,Belmore,NSW,2192
"Forsyth Street, Belmore",31 Forsyth Street,Belmore,NSW,2192
CIT - Suite 205 10 Help St CHATSWOOD NSW 2067,Suite 205 10 Help St,CHATSWOOD,NSW,2067
Pymble Ladies' College,Avon Road,PYMBLE,NSW,2073
Stella Maris College,52 Eurobin Avenue,MANLY,NSW,2095
138 Albert Street - Lvls 9 and 10,138 Albert St,BRISBANE,QLD,4000
Genazzano FCJ College,301 Cotham Raod,Kew,VIC,3101
St Augustine's College,Federal Parade,Brookvale,NSW,2100
La Trobe College Australia,La Trobe Melbourne,BUNDOORA,VIC,3086
La Trobe University Sydney Campus,255 Elizabeth Street,Sydney,NSW,2000
St Patrick's College,45 the Strand,Townsville,QLD,4810
"Lot 3, 2 Nerang Street Southport 4215",2 Nerang St,Southport,QLD,4215
Queen Adelaide Building 90-112 Queen Street,90 Queen St,Brisbane,QLD,4000
Industrial Avenue,Unit 3 14 Industrial Ave,MOLENDINAR,QLD,4214
OLYMPIC WORKSHOP,Unit 4 21 Olympic Cct,SOUTHPORT,QLD,4215
"Southport - 51 Nerang Street, Southport",51 Nerang St,Southport,QLD,4215
TEC 72 Davenport - 72 Davenport St SOUTHPORT QLD 4215,72 Davenport Street,SOUTHPORT,QLD,4215
"Workshop - 46 Nerang Street, SOUTHPORT QLD 4215",46 Nerang St,SOUTHPORT,QLD,4215
Wights Mountain,5 Narrawa Drive,Wights Mountain,QLD,4520
Adelaide Campus,Level 2 112 Rundle Mall,Adelaide,SA,5000
Brisbane Campus,3431 Pacific Hwy,SLACKS CREEK,QLD,4127
Perth,247 James St,NORTHBRIDGE,WA,6003
Perth Campus Walters Dr,74 Walters Dr,OSBORNE PARK,WA,6017
Macquarie Grammar School (ELICOS Operations),"Level 2, 4, 8-10, 225 Clarence Street",Sydney,NSW,2000
Macquarie Grammar School (School Operations),Levels 2 & 8-10,Sydney,NSW,2000
"Holy Family Catholic Primary School, Skennars Head",40 Isabella Drive,Skennars Head,NSW,2478
"MacKillop College, Port Macquarie",Lochinvar Place,Port Macquarie,NSW,2444
"Mary Help of Christians Primary School, Toormina",Eungella Street,Toormina,NSW,2452
"McAuley Catholic College, Grafton",Lot 21 Pacific Highway,Clarenza,NSW,2460
"Mount St John Primary School, Dorrigo",Karabin Street,Dorrigo,NSW,2453
"Mount St Patrick College, Murwillumbah",Main Street,Murwillumbah,NSW,2484
"Mount St Patrick Primary School, Murwillumbah",30 Mooball Street,Murwillumbah,NSW,2484
"Newman Senior Technical College, Port Macquarie",Boundary Street,Port Macquarie,NSW,2444
"Our Lady Help of Christians Primary School, Lismore",24 Rhodes Street,Lismore,NSW,2480
"St Agnes' Primary School, Port Macquarie",Boronia Street,Port Macquarie,NSW,2444
"St Ambrose Primary School, Pottsville",Lot 3 Elizabeth Street,Pottsville,NSW,2489
"St Anthony's Primary School, Kingscliff",8 Pearl Street,Kingscliff,NSW,2487
"St Augustine's Primary School, Coffs Harbour",Gordon Street,Coffs Harbour,NSW,2450
"St Brigid's Primary School, Kyogle",Groom Street,Kyogle,NSW,2474
"St Carthage's Primary School, Lismore",3 Dawson Street,LISMORE,NSW,2480
"St Finbarr's Primary School, Byron Bay",165 Bangalow Road,Byron Bay,NSW,2481
"St Francis Xavier Primary School, Woolgoolga",39 Queen Street,Woolgoolga,NSW,2456
"St Francis Xavier's Primary School, Ballina",Swift Street,Ballina,NSW,2478
"St James' Primary School, Banora Point",Doyle Drive,Banora Point,NSW,2486
"St James' Primary School, Yamba",Lot 1 Carrs Drive,Yamba,NSW,2464
"St John Paul College, Coffs Harbour",Hogbin Drive,Coffs Harbour,NSW,2450
"St John's College, Lismore",206 Woodlawn Road,Lismore,NSW,2480
"St John's Primary School, Mullumbimby",11 Murwillumbah Road,Mullumbimby,NSW,2482
"St Joseph's College, Banora Point",Doyle Drive,Banora Point,NSW,2486
"St Joseph's Primary School, Alstonville",11 Perry Street,Alstonville,NSW,2477
"St Joseph's Primary School, Coraki",Adam Street,Coraki,NSW,2471
"St Joseph's Primary School, Laurieton",421 Ocean Drive,Laurieton,NSW,2443
"St Joseph's Primary School, Maclean",Stanley Street,Maclean,NSW,2463
"St Joseph's Primary School, Port Macquarie",Warlters Street,Port Macquarie,NSW,2444
"St Joseph's Primary School, South Grafton",Hyde Street,South Grafton,NSW,2460
"St Joseph's Primary School, Sth Murwillumbah",3 Greville Street,South Murwillumbah,NSW,2484
"St Joseph's Primary School, Tweed Heads",3-5 Frances Street,Tweed Heads,NSW,2485
"St Joseph's Primary School, Wauchope",1 King Street,Wauchope,NSW,2446
"St Joseph's Primary School, West Kempsey",36 Kemp Street,West Kempsey,NSW,2440
"St Joseph's Primary School, Woodburn",Coraki Road,Woodburn,NSW,2472
"St Joseph's Regional College, Port Macquarie",College Drive,Port Macquarie,NSW,2444
"St Mary's Catholic College, Casino",Canterbury Street,Casino,NSW,2470
"St Mary's Primary School, Bellingen",Park Street,Bellingen,NSW,2454
"St Mary's Primary School, Bowraville",Carbin Street,Bowraville,NSW,2449
"St Mary's Primary School, Casino",Centre Street,Casino,NSW,2470
"St Mary's Primary School, Grafton",171 Turf Street,Grafton,NSW,2460
"St Patrick's Primary School, Macksville",Wallace Street,Macksville,NSW,2447
"St Paul's College, West Kempsey",107 Sea Street,West Kempsey,NSW,2440
"St Peter's Primary School, Port Macquarie",Ocean Drive,Port Macquarie,NSW,2444
"Xavier Catholic College, Ballina",2 Redford Drive,Skennars Head,NSW,2478
"15 Carter Street, Homebush, NSW 2140",15 Carter Street,Homebush,NSW,2140
"Holy Cross College, Ryde",38 Renwick Street,Leichhardt,NSW,2040
Marist College Eastwood,44 Hillview Road,Eastwood,NSW,2122
"Marist Sisters' College Woolwich, Woolwich",66a Woolwich Road,Woolwich,NSW,2110
St Scholastica's College Glebe Point,4 Avenue Road,Glebe,NSW,2037
Rosebank College,1A Harris Rd,Five Dock,NSW,2046
"Catherine McAuley Catholic College, Medowie",507 Medowie Road,Medowie,NSW,2318
"Holy Spirit Primary School, Kurri Kurri",Barton Street,KURRI KURRI,NSW,2327
"San Clemente High School, Mayfield",78 Havelock Street,Mayfield,NSW,2304
"St Brigid's Primary School, Raymond Terrace",52 Irrrawang Street,Raymond Terrace,NSW,2324
"St Columban's Primary School, Mayfield",Church Street,Mayfield,NSW,2304
"St Joseph's Primary School, Charlestown",Shelton Street,Charlestown,NSW,2290
"St Mary's Catholic College, Gateshead",Pacific Highway,Gateshead,NSW,2290
INUS Australia Pty Ltd,85 Queen St,Melbourne,VIC,3000
INUS Australia Pty Ltd T/S INUS English PARKVILLE,48 Flemington Rd,PARKVILLE,VIC,3052
INUS Australia Pty Ltd T/S INUS English PYRMONT,Level 1 51-53 Murray St,PYRMONT,NSW,2009
INUS English Level 1 341 Queen St Melbourne,Level 1 341 Queen St,MELBOURNE,VIC,3000
"IIBT Sydney - Level 5, 8 Quay St HAYMARKET NSW 2000",8 Quay St,HAYMARKET,NSW,2000
"Level 2, 316 Adelaide Street, Brisbane",316 Adelaide Street,Brisbane,QLD,4000
Perth Campus - West Perth,- 610 Murray St,West Perth,WA,6005
"Victoria Park, Perth",350 Albany Hwy,"Victoria Park, Perth",WA,6100
Carlton Gardens Campus - Level 5 21 Victoria St MELBOURNE VIC 3000,"L5, 21 Victoria St",MELBOURNE,VIC,3000
St Columban's College Caboolture,100 McKean Street,Caboolture,QLD,4510
"Level 3, 233 Castlereagh Street, Sydney 2000",233 Castlereagh St,Sydney,NSW,2000
MnM Institute ULTIMO,35-39 Mountain St,ULTIMO,NSW,2007
The Quantum Terminal (Tech Central) - MnM Level 1,MnM Level 1 - 1 Eddy Ave,HAYMARKET,NSW,2000
460 Bourke Street,460 Bourke St,Melbourne,VIC,3000
Malvern Institute Pty Ltd,1291 Malvern Rd,MALVERN,VIC,3144
Burnie High School,Fidler Street,Cooee,TAS,7320
Claremont College,61 Claremont Link Road,Claremont,TAS,7011
Clarence High School,Wentworth Street,BELLERIVE,TAS,7018
Devonport High School,91 Best St,DEVONPORT,TAS,7310
Don College,Watkinson St,DEVONPORT,TAS,7310
Elizabeth College,256 Elizabeth St,HOBART,TAS,7000
Hellyer College,41-43 Mooreville Road,Burnie,TAS,7320
Hobart City High School,288 New Town Road,New Town,TAS,7008
Hobart College,Olinda Grove,Mount Nelson,TAS,7001
Kingston High School,Channel Highway,KINGSTON,TAS,7050
Launceston College,107-119 Paterson St,LAUNCESTON,TAS,7250
Newstead College,30 Cypress St,LAUNCESTON,TAS,7250
Primary School Program,c/- 77 Murray St,HOBART,TAS,7000
Prospect High School,Ralph St,PROSPECT,TAS,7250
Queechy High School,161 Penquite Rd,NORWOOD,TAS,7250
Rose Bay High School,Kaoota Rd,LINDISFARNE,TAS,7015
Rosny College,Bastick St,Rosny Park,TAS,7018
Smithton High School,Mill Road,Smithton,TAS,7330
Taroona High School,Meath Ave,TAROONA,TAS,7053
"2 Bowral Court, Mitchell Park",2 Bowral Ct,MITCHELL PARK,VIC,3355
AAPA Wagga,"138 Don Kendell Drive, Wagga Wagga Airport",Forest Hill,NSW,2615
International Screen Academy Pty Ltd (RTO Operations Young Street),242 Young St,Waterloo,NSW,2017
Galstaun College,5 Chiltern Road,INGLESIDE,NSW,2101
Unit 2110/5 Lawson Street Southport QLD,5 Lawson St,Southport,QLD,4215
106/420 Pitt Street,420 Pitt St,HAYMARKET,NSW,2000
20 Oxford Sq DARLINGHURST NSW 2010,20 Oxford Sq,DARLINGHURST,NSW,2010
Braeside Victoria - 86-88 Woodlands Dr,86-88 Woodlands Dr,Braeside,VIC,3195
Ferndale Campus,12 Karri Way,Ferndale,WA,6107
Lynwood Campus,40 Edgeware Street,Lynwood,WA,6147
Dandenong Campus,Level 3 237 Lonsdale St,Dandenong,VIC,3175
"Level 4, 259 Collins Street",259 Collins St,Melbourne,VIC,3000
157 High St THOMASTOWN VIC 3074,157 High St,THOMASTOWN,VIC,3074
35 Duncan Road Lalor VIC 3075,35 Duncan Rd,Lalor,VIC,3075
King Street Campus,479 King Street,West Melbourne,VIC,3003
Shepparton,19 Rowe St,Shepparton,VIC,3630
Burwood,29 George St,Burwood,NSW,2134
GLO,15 Hamilton St,RIVERSTONE,NSW,2765
Perth Bible College (Inc),1 College Ct,Karrinyup,WA,6018
Smithton TAS,20 King St,Smithton,TAS,7330
Australian NIT College Pty Ltd,3 Bennett St,Perth,WA,6004
Swan Institute Australia - Unit 2 440 William St PERTH,Unit 2,PERTH,WA,6000
Swan Institute Melbourne Campus - Level 3 335 Flinders Lane MELBOURNE,Level 3 335 Flinders Lane,Melbourne,VIC,3000
341 Queen Street Melbourne,341 Queen St,Melbourne,VIC,3000
ACFE - Parramatta - 37 George St PARRAMATTA NSW 2150,37 George St,PARRAMATTA,NSW,2150
KFI - Adelaide,Level 3 45 Grenfell street,ADELAIDE,SA,5000
KFI - Sydney,54 Parramatta Rd,FOREST LODGE,NSW,2037
Rocklea Dr Melbourne - ACFE,1/11 - 15 Rocklea Dr,Melbourne,VIC,3207
Trustee House,440 Flinders St,TOWNSVILLE,QLD,4810
121 Mains Road,121 Mains Rd,SUNNYBANK,QLD,4109
"Level 3, 27-29 Currie Street, Adelaide SA 5000",Level 3,Adelaide,SA,5000
"Suite 4B & 5A, Level 2, 1-17 Elsie Street, Burwood, NSW 2134",1 Elsie St,Burwood,NSW,2134
"597-599 Upper Heidelberg Rd, HEIDELBERG HEIGHTS",597 Upper Heidelberg Rd,Heidelberg Heights,VIC,3081
IHNA- Brisbane,IHNA- Brisbane,BRISBANE CITY,QLD,4000
Level 10 399 Lonsdale St MELBOURNE VIC 3000,Level 10 399 Lonsdale St,MELBOURNE,VIC,3000
Level 4 399 Lonsdale Street MELBOURNE VIC 3000,Level 4 399 Lonsdale Street,MELBOURNE,VIC,3000
"Lvl 7, 33 Argyle St, PARRAMATTA",33 Argyle St,PARRAMATTA,NSW,2150
"Lvls 2 & 4, 12 St Georges Tce, PERTH",12 St Georges Tce,Perth,WA,6000
"1 Chambers Rd, Leura NSW 2780",1 Chambers Rd,Leura,NSW,2780
"123 Gotha Street, Fortitude Valley, QLD 4006",123 Gotha St,Fortitude Valley,QLD,4006
"1-37 Foveaux Street, Surry Hills NSW 2010",1-37 Foveaux Street,Surry Hills,NSW,2010
"196 Flinders St, Melbourne 3000",196 Flinders St,Melbourne,VIC,3000
"22-40 Pulteney Street, Adelaide",22-40 Pulteney Street,Adelaide,SA,5000
"25 Victoria Street, Fitzroy,VIC 3065",25 Victoria St,Fitzroy,VIC,3065
"46-52 Mountain Street, Ultimo NSW 2007",46 Mountain St,Ultimo,NSW,2007
"82-98 Wakefield Street, Adelaide SA 5000",82 Wakefield St,Adelaide,SA,5000
"90 Bowen Terrace, Fortitude Valley QLD 4006",90 Bowen Tce,FORTITUDE VALLEY,QLD,4006
"Actors Centre Australia,21-23 Norton Street Leichhardt NSW",21-23 Norton Street,Leichhardt,NSW,2040
"Level 6, 8 Quay Street Haymarket NSW 2000","Level 6, 8 Quay Street",Haymarket,NSW,2000
Aberdeen St,18/7 Aberdeen Street,Perth,WA,6000
Nash Street,Suite 41A/10 Nash Street,Perth,WA,6000
"208 Wellington Street, Collingwood",208 Wellington Street,Collingwood,VIC,3066
"209 Brunswick Street, Fitzroy, VIC",55 Brady St,South Melbourne,VIC,3205
"67-69 Cromwell Street, Collingwood",67-69 Cromwell Street,Collingwood,VIC,3066
"Level 2, 156 George Street, Fitzroy",Level 2,Fitzroy,VIC,3065
131 Johnston Street Fitzroy,131 Johnston St,FITZROY,VIC,3065
BBI@Glebe,54 Parramatta Rd,FOREST LODGE,NSW,2037
"Suite 1, Level 1, 338-340 Pitt St, SYDNEY NSW 2000","Suite 1, Lvl 1, 338-340 Pitt St",SYDNEY,NSW,2000
TACIS Brisbane,TACIS Brisbane - Level 4 344 Queen St,BRISBANE CITY,QLD,4000
TACIS George Street Haymarket,"Level 5, 841 George St",HAYMARKET,NSW,2000
"25-27 Ellingworth Parade, Box Hill, Victoria",25 Ellingworth Pde,Box Hill,VIC,3128
29 Ellingworth Parade,29 Ellingworth Pde,BOX HILL,VIC,3128
409 - 411 King St West Melbourne,409 King St,WEST MELBOURNE,VIC,3003
Collins St. Melbourne Campus,Level 1 505 Little Collins St,MELBOURNE,VIC,3000
"TMG College Australia - City Campus - 400 Queen Street, Melbourne Victoria",400 Queen St,MELBOURNE,VIC,3000
Pal Buddhist School,14 First Avenue,Canley Vale,NSW,2166
NTCA - Level 11 190 Queen St MELBOURNE VIC 3000,190 Queen St MELBOURNE VIC 3000,MELBOURNE,VIC,3000
NTCA Kitchen Queen St MELBOURNE,Level 11 190 Queen St,MELBOURNE,VIC,3000
"Level 5, 20 Macquarie Street Parramatta",20 Macquarie St,Parramatta,NSW,2150
310 King Street,310 King St,Melbourne,VIC,3000
"Level 3, 100-104 Murray Street Perth",100 Murray St,Perth,WA,6000
Amity College Auburn Campus,26-28 Kerr Parade,AUBURN,NSW,2144
Amity College Illawarra Campus,399 Shellharbour Road,SHELLHARBOUR,NSW,2529
"Amity College, Prestons",163 Kurrajong Road,PRESTONS,NSW,2170
"53 Walker Street, Dandenong",53 Walker St,Dandenong,VIC,3175
"Level 2, 228 - 234 Lonsdale Street Dandenong",228 Lonsdale St,Dandenong,VIC,3175
"1 Wentworth Street, Parramatta, NSW","Ground floor, 1 Wentworth Street",Parramatta,NSW,2150
"Level 4,12 St George's Terrace, Perth","Level 4,12 St George's Terrace",Perth,WA,6000
North Melbourne Campus,2/187 Boundary Road,North Melbourne,VIC,3051
Level 2 - 38-52 College St DARLINGHURST NSW 2010,38 College St,Darlinghurst,NSW,2010
15-17 Blaxland Rd NSW 2138,15 Blaxland Rd,Rhodes,NSW,2138
Brisbane Campus & Workshop,110 Beatty Rd,ARCHERFIELD,QLD,4108
Gold Coast Campus,Suite 102b,SOUTHPORT,QLD,4215
Sydney Campus,Level 4,PARRAMATTA,NSW,2150
Sydney Campus (Parramatta) - Level 6 16-18 Wentworth Street,Level 6 16-18 Wentworth Street,Parramatta,NSW,2150
"Lonsdale Street Campus - Suite 1 Level 3, 398 Lonsdale St MELBOURNE VIC 3000",Lonsdale Street Campus,Melbourne,VIC,3000
"Level 11, 55 Swanston Street",55 Swanston St,MELBOURNE,VIC,3000
Walker Street North Sydney,53 Walker St,North Sydney,NSW,2060
50 Skinners Shoot Road,50 Skinners Shoot Rd,Byron Bay,NSW,2481
6 Byron Street,6 Byron St,Byron Bay,NSW,2481
Ashtanga Yoga Centre of Melbourne - 110-112 Argyle St FITZROY VIC,110 Argyle St,Fitzroy,VIC,3065
"East Perth - Level 3, 297 Hay St East Perth WA 6004","Level 3, 297 Hay St",East Perth,WA,6004
NATIONAL INSTITUTE OF TECHNOLOGY PTY. LTD.,251 Stirling St,Perth,WA,6000
Level 5 140 Elizabeth St SYDNEY NSW 2000,Level 5 140 Elizabeth St,SYDNEY,NSW,2000
Oakleigh Grammar,77  Willesden Road,Oakleigh,VIC,3166
251 Adelaide Terrace Perth,251 Adelaide Terrace,Perth,WA,6000
KCBT - Suite 1,Suite 1 - Level 3 251 Adelaide Tce,PERTH,WA,6000
Level 3 38 Currie St ADELAIDE SA 5000,38 Currie St,Adelaide,SA,5000
The Kitchen - Mallard Way CANNINGTON,Unit 11 92 Mallard Way,CANNINGTON,WA,6107
"451 Pitt Street, Sydney",451 Pitt St,SYDNEY,NSW,2000
Melbourne,213 Lonsdale St,Melbourne,VIC,3000
Petersham Training Centre - 49A New Canterbury Rd PETERSHAM,49A New Canterbury Rd,PETERSHAM,NSW,2049
SMC Melbourne Campus,Level 5 440 Elizabeth St,Melbourne,VIC,3000
"Sydney Metro College (Surry Hills) - Lvl 2, 16-22 Wentworth Avenue, SYD",16 Wentworth Ave,Surry Hills,NSW,2010
"108 Lonsdale Street, Melbourne VIC 3000",108 Lonsdale Street,Melbourne,VIC,3000
"123 Lonsdale Street, Melbourne VIC 3000",123 Lonsdale Street,Melbourne,VIC,3000
"125 Main St, Blacktown, NSW",125 Main St,Blacktown,NSW,2148
"132  146 Elizabeth St, Hobart, TAS",132 Elizabeth St,Hobart,TAS,7000
"22-36 Mount St, Ultimo, NSW",22 Mountain St,Ultimo,NSW,2007
841 George St - 841 George St HAYMARKET NSW 2000,841 George St,Haymarket,NSW,2000
"Unit 2, Level 1, 18 Mount Gravatt-Capalaba Road, Upper Mt Gravatt",18 Mount Gravatt-Capalaba Rd,Upper Mount Gravatt,QLD,4122
"Gold Coast - Cavill Avenue - Level 3, 38 Cavill Ave SURFERS PARADISE QLD 4217","Level 3, 38 Cavill Ave",Surfers Paradise,QLD,4217
"Gold Coast, 13 Nerang St Southport QLD 4215","Level 1, 13 Nerang St",Southport,QLD,4215
12-14 Annerley Rd Brisbane Campus,12-14 Annerley Rd,Woolloongabba,QLD,4102
"Levels 1 to 3, 3240 Surfers Paradise Boulevard","Levels 1 to 3, 3240 Surfers Paradise Blvd",SURFERS PARADISE,QLD,4217
Southport Central Campus - 9 Lawson St,Southport Central Campus,Southport,QLD,4215
"351 Moorabool Street, Geelong VIC",351 Moorabool St,Geelong,VIC,3220
PIA Ballarat - Unit 6 422 Sutton St DELACOMBE VIC 3356,Unit 6 422 Sutton St,DELACOMBE,VIC,3356
PIA Braybrook - Unit 2 244-246 Ballarat Rd BRAYBROOK VIC 3019,244-246 Ballarat Rd,BRAYBROOK,VIC,3019
Kensington,Unit 5 60 Stubbs St,KENSINGTON,VIC,3031
"Suite 2, Level 6, 234-250 Collins St, Melbourne","Suite 2, Level 6, 234-250 Collins St",Melbourne,VIC,3000
ATCWA NSW BANKSTOWN,47 Rickard Rd,BANKSTOWN,NSW,2200
"Grnd Flr & Lvl 1, 2-8 Francis St Perth WA",8 Francis St,Perth,WA,6000
The Wales Institute - Mary Street,Level 4 72-82 Mary St,SURRY HILLS,NSW,2010
"Level 1, 117 Lonsdale Street MELBOURNE VIC",28 Rutland Rd,Box Hill,VIC,3128
MIV Canberra Campus - 15 Moore St CANBERRA ACT,15 Moore St,CANBERRA,ACT,2601
"349 Queen Street, Brisbane",349 Queen St,Brisbane,QLD,4000
"1/220 Princess Highway, Kogerah Bay, NSW 2217",220 Princess Hwy,Kogerah Bay,NSW,2217
40-45 Mary Street Kingston Qld 4114,320 Adelaide St,BRISBANE CITY,QLD,4000
"740 Ann Street, Fortitude Valley QLD, 4006",740 Ann St,Fortitude Valley,QLD,4006
"ASMI Head Office - Office 1, Level 5, 269 Wickam St, FORTITUDE VALLEY",269 Wickham St,FORTITUDE VALLE,QLD,4006
Australian Skills Management Institute NSW,"Level 2, 222 Pitt St",SYDNEY,NSW,2000
"Level 7, 320 Adelaide Street, Brisbane",320 Adelaide St,BRISBANE CITY,QLD,4000
Office 2 Level 8 269 Wickham St FORTITUDE VALLEY,Office 2 Level 8 269 Wickham St,FORTITUDE VALLEY,QLD,4006
Office 4 Level 7 269 Wickham St FORTITUDE VALLEY,Office 4 Level 7 269 Wickham St FORTITE VALLEY,FORTITUDE VALLEY,QLD,4006
"Suite 801A, Level 8 Rhodes Waterside","Suite 801A, Level 8 Rhodes Waterside",RHODES,NSW,2138
"338 Queen Street, MELBOURNE, VIC, 3000",338 Queen St,Melbourne,VIC,3000
Level 2 337 La Trobe Street,337 La Trobe St,Melbourne,VIC,3000
Level 5 460 Church Street Parramatta NSW 2150,460 Church St,Parramatta,NSW,2150
"Level 6, 341 Queen Street Melbourne VIC 3001",341 Queen St,Melbourne,VIC,3001
"Level 6, 541 Kent St, sydney NSW 2000","Level 6, 541 Kent St",Sydney,NSW,2000
"Level 7, 541 Kent St SYDNEY NSW 2000","Suite 301, Level 7",SYDNEY,NSW,2000
"Level 8, 131 Queen St, Melbourne VIC 3000","Level 8, 131 Queen St",Melbourne,VIC,3000
Melbourne Campus,201 Fitzroy St,ST KILDA,VIC,3182
1 Star Cres DOCKLANDS VIC 3008,1 Star Crescent,DOCKLANDS,VIC,3008
International Institute (Aust) Pty Ltd,398 Lonsdale St,Melbourne,VIC,3000
"235 Ingles St, Port Melbourne",235 Ingles St,Port Melbourne,VIC,3207
Collins Street Hobart,86 Collins St,HOBART,TAS,7000
Collins Street Melbourne,420 Collins St,Melbourne,VIC,3000
"Bankstown Campus - Level 1, 457 Chapel Road Bankstown NSW 2200",457 Chapel Rd,Bankstown,NSW,2200
"City Campus - Level 1, 16-22 Wentworth Ave SURRY HILLS NSW 2010",16 Wentworth Ave,SURRY HILLS,NSW,2010
Level 1 84-86 Mary St,Level 1 84-86 Mary St,SURRY HILLS,NSW,2010
"Suite 1, Level 14, 190 Queen Street MELBOURNE VIC 3000","Suite 1, Level 14, 190 Queen Street",Melbounre,VIC,3000
382 Sturt St Townsville QLD 4810,382 Sturt St,Townsville,QLD,4810
44 Ferry St Kangaroo Point QLD 4169,44 Ferry St,KANGAROO POINT,QLD,4169
55 Leopold Street Aitkenvale QLD 4814,2994 Logan Rd,Underwood,QLD,4119
"Level 6, 271 William Street Melbourne 3000",271 William St,MELBOURNE,VIC,3000
St Kilda Rd,608 St Kilda Rd,Melbourne,VIC,3004
38 College St Darlinghurst NSW 2010,38 College St,Darlinghurst,NSW,2010
"Level 4, 338 Pitt Street, SYDNEY",338 Pitt St,Sydney,NSW,2000
"23-27 Scarborough Beach Road, Scarborough Western Australia 6019",23 Scarborough Beach Rd,Scarborough,WA,6019
30-32 South Steyne Manly NSW 2095,30 South Steyne,Manly,NSW,2095
6 Lanyana Way Noosa Heads Qld 4567,6 Lanyana Way,Noosa Heads,QLD,4567
Lexis Education Brisbane  - 288 Edward St BRISBANE QLD 4000,288 Edward St,Brisbane,QLD,4000
"Lexis Engish Byron Bay - 16-20 Ruskin Street, Byron Bay NSW 2481",16 Ruskin St,Byron Bay,NSW,2481
Lexis English Sunshine Coast - 17 Duporth Avenue Maroochydore QLD 4558,17 Duporth Ave,Maroochydore,QLD,4558
Lexis Sunshine Coast - Shop 4 26 Duporth Ave MAROOCHYDORE QLD 4558,26 Duporth Ave,MAROOCHYDORE,QLD,4558
Perth CBD Hub - 100-104 Murray St PERTH WA 6000,100 - 104 Murry Street,PERTH,WA,6000
Suite 1 Level 6 15 Adelaide St Brisbane QLD 4000,15 Adelaide St,BRISBANE CITY,QLD,4000
The Beauty House Academy,110 Sugar Rd,ALEXANDRA HEADLAND,QLD,4572
The Culinary Academy,28 Sunshine Beach Rd,NOOSA HEADS,QLD,4567
"2642 Logan Road, Eight Miles Plains QLD",2642 Logan Rd,EIGHT MILE PLAINS,QLD,4113
5 Burwood Hwy WANTIRNA VIC 3152,5 Burwood Hwy,WANTIRNA,VIC,3152
Brisbane Roncorn Campus,124 Nemies Rd,RUNCORN,QLD,4113
Canberra Campus - 76 Federal HWY WATSON ACT 2602,76 Federal Hwy,Watson,ACT,2602
"Gate 2 Randwick Road, LYNEHAM ACT",36 Randwick Rd,LYNEHAM,ACT,2602
"Level 3, 9 Blaxland Road, RHODES",9 Blaxland Rd,RHODES,NSW,2138
Parramatta Road - Lidcombe Campus,56 Parramatta Rd,Lidcombe,NSW,2141
West Ryde Campus - 937-941 Victoria Rd WEST RYDE,937-941 Victoria Rd WEST RYDE NSW 2114,WEST RYDE,NSW,2114
Tooradin Airfield - 3260 South Gippsland Hwy Tooradin Vic,3260 South Gippsland Highway,Tooradin,VIC,3980
2/54-56 Paradise Avenue Miami Qld 4220,56 Paradise Ave,MIAMI,QLD,4220
Coomera,Unit 26 75 Waterway Dr,COOMERA,QLD,4209
75 Gozzard Street Gungahlin ACT 2913,17 Oatley Ct,BELCONNEN,ACT,2617
Belconnen Churches Centre,"Suite 26, Level 2, 54 Benjamin Way",BELCONNEN,ACT,2617
"CBTC - Braddon - 100 Northbourne Ave, BRADDON ACT 2612",100 Northbourne Ave,BRADDON,ACT,2612
CBTC BRADDON,Unit 2 48 Mort St,BRADDON,ACT,2612
"CBTC Sydney - 24-32 Lexington Dr, Bella Vista NSW 2153",24-32 Lexington Dr,Bella Vista,NSW,2153
Woolloongabba,12 Annerley Rd,Woolloongabba,QLD,4102
188  Normandy Rd Southbank VIC 3006,188 Normandy Rd,Southbank,VIC,3006
"L 1/209-211 Lonsdale St, Melbourne",209 Lonsdale St,Melbourne,VIC,3000
Out of Space,Level 2 399 Lonsdale Street,MELBOURNE,VIC,3000
Macallan Brisbane Campus,151 Wellington Rd,EAST BRISBANE,QLD,4169
Macallan College Pty Ltd (Adelaide - SA),50 Grenfell St,Adelaide,SA,5000
Macallan College Pty Ltd (Harris Park - NSW),11 Parkes St,HARRIS PARK,NSW,2150
Macallan College Pty Ltd (Perth - WA),440 William St,PERTH,WA,6000
Macallan Richmond,104 Ham St,SOUTH WINDSOR,NSW,2756
Mount Gravatt East,1030 Cavendish Rd,Mount Gravatt East,QLD,4122
14 Prospect St Box Hill,14 Prospect St,Box Hill,VIC,3128
Level 3 Q2,Level 3 301 2 Queen St,MELBOURNE,VIC,3000
Turner English Queen,Suite 108,Melbourne,VIC,3000
Brisbane CBD,93 Edward St,Brisbane,QLD,4000
Kitchen Site,Shop 5 92 Commercial Rd,TENERIFFE,QLD,4005
Upper Mount Gravatt,57 Sanders St,UPPER MOUNT GRAVATT,QLD,4122
Salisbury,524 Beaudesert Rd,Salisbury,QLD,4107
Unit 9 91 Wembley Road Logan Central Qld,91 Wembley Rd,Logan Central,QLD,4114
Wickham Street Fortitude Valley,Office 5 Level 6 269 Wickham St,FORTITUDE VALLEY,QLD,4006
Coopers Plains Trade Campus - Unit 2 855 Boundary Rd COOPERS PLAINS QLD 4108,Unit 2 855 Boundary Rd,COOPERS PLAINS,QLD,4108
Queen St,488 Queen St,Brisbane,QLD,4000
"Sydney Road, Coburg",171 Sydney Rd,Coburg,VIC,3058
"Phillip St, Parramatta",55 Phillip St,Parramatta,NSW,2150
Castlereagh St Campus - Level 5 245 Castlereagh St SYDNEY NSW 2000,"Level 5, 245 Castlereagh St",Sydney,NSW,2000
"Level 13,  338-340 Pitt St SYDNEY NSW 2000",338 Pitt St,SYDNEY,NSW,2000
3 Columbia Court,3 Columbia Ct,Baulkham Hills,NSW,2153
"Level 6, 460 Church St",460 Church St,PARRAMATTA,NSW,2150
"Suite 1, Level 5, 545 Kent Street",545 Kent St,Sydney,NSW,2000
Sydney Training Institute Incorporated,1a Spire Ct,Hoxton Park,NSW,2171
Commercial Kitchen 11-17 Jeffcott St,11-17 Jeffcott St,WEST MELBOURNE,VIC,3003
Level 14/474 Flinders St,474 Flinders St,MELBOURNE,VIC,3000
4-6 Baxter St Coburg,4-6 Baxter St,Coburt,VIC,3058
Lonsdale St Melbourne,123 Lonsdale St,Melbourne,VIC,3000
Northcote,623 High St,Northcote,VIC,3071
"City Campus - Lvl3, 108 Margaret St, Brisbane",108 Margaret St,Brisbane,QLD,4000
Hobart,116 Bathurst St,Hobart,TAS,7000
Queen Street,190 Queen St,Melbourne,VIC,3000
"Level 4, 123-129 Lonsdale Street, Melbourne",123 Lonsdale St,Melbourne,VIC,3000
"Level 4, 18 Elizabeth Street, Hobart",18 Elizabeth St,Hobart,TAS,7000
Melbourne,259 Collins St,Melbourne,VIC,3000
"460-492 Beaudesert Road, Salisbury Qld 4107",460 Beaudesert Rd,Salisbury,QLD,4107
"Ground floor, 355 Spencer Street, West Melbourne",355 Spencer St,West Melbourne,VIC,3168
15 TERRENCE ROAD BRENDALE QLD 4500,15 Terrence Rd,BRENDALE,QLD,4500
"Level 3 252 Lygon St, CARLTON",252 Lygon St,CARLTON,VIC,3053
Bay 3 - 2 Locomotive St EVELEIGH NSW 2015,Bay 3 - 2 Locomotive St,EVELEIGH,NSW,2015
CBD Campus,Level 5 841 George St,HAYMARKET,NSW,2000
"G05 (Biomedical Building), 1Central Avenue, Australian Technology Park","G05 (Biomedical Building), 1 Central Avenue",Eveleigh,NSW,2015
"1836 Sydney Road, Campbellfield VIC 3061",1836 Sydney Rd,Campbellfield,VIC,3061
VIBE Brisbane CBD,288 Edward St,Brisbane,QLD,4000
MOOROOKA QLD 4105,1009 Ipswich Rd,MOOROOKA,QLD,4105
744 Queensberry St - North Melbourne Campus,744 Queensberry St,North Melbourne,VIC,3051
Leaders Institute of Training and Education - 95-97 Albert St BRUNSWICK VIC 3056,95-97 Albert St,BRUNSWICK,VIC,3056
307 Pitt Street,307 Pitt St,Sydney,NSW,2000
Melbourne Campus,Suite 2 Level 2 520 Collins St,MELBOURNE,VIC,3000
Unit 2 27 Elizabeth St Hobart TAS 7000,27 Elizabeth St,Hobart,TAS,7000
Brisbane CBD,Level 8 116 Adelaide St,Brisbane,QLD,4000
72 Bathurst Street,72 Bathurst St,Sydney,NSW,2000
"78 Liverpool Street, Sydney",78 Liverpool St,Sydney,NSW,2000
Liverpool NSW,127 Castlereagh St,Liverpool,NSW,2170
George Street Windsor,13 & 14 - 100 George Street,Windsor,NSW,2756
Sydney CBD Campus - York Street,Level 6,Sydney,NSW,2000
"Pitt Street, Sydney",338 Pitt St,SYDNEY,NSW,2000
"51 - 53 Elizabeth Street, Melbourne",51 Elizabeth St,Melbourne,VIC,3000
"Adelaide Campus - Level 2, 38 Currie Street, ADELAIDE SA 5000",38 Currie St,ADELAIDE,SA,5000
Geelong,126 Yarra St,Geelong,VIC,3220
GITTC Indiana Avenue,19 Indiana Ave,CORIO,VIC,3214
Melbourne Campus,406 Collins St,Melbourne,VIC,3000
North Geelong,8 Roseneath St,NORTH GEELONG,VIC,3215
Southport Campus - Shop 4 Ground Floor 126 Scarborough St SOUTHPORT,"Shop 4, Ground Floor, 126 Scarborough St",SOUTHPORT,QLD,4215
"106 Queen Street, Southport Qld 4215",106 Queen St,SOUTHPORT,QLD,4215
"6 Lawson Street, Southport Qld 4215",6 Lawson St,Southport,QLD,4215
Unit 3 305 Montague Rd WEST END QLD 4101,Unit 3 305 Montague Rd,WEST END,QLD,4101
Dry Creek,126 Churchill Rd N,DRY CREEK,SA,5094
"Level 5, 127 Liverpool Street, Sydney","Level 5, 127 Liverpool Street",Sydney,NSW,2000
"188 Collins Street, Hobart",188 Collins St,HOBART,TAS,7000
19 Aplin St CAIRNS,19 Aplin St,CAIRNS,QLD,4870
Adelaide Campus,18 King William St,ADELAIDE,SA,5000
"Craigslea State High School, 685 Hamilton Rd, Chermside West",685 Hamilton Rd,Chermside West,QLD,4032
"Level 4, 445 Upper Edward Street, SPRINGHILL",445 Upper Edward St,SPRING HILL,QLD,4000
"Bourke St Campus - Level 7, 628 Bourke St MELBOURNE VIC 3000",Level 7,Melbourne,VIC,3000
"TPCDE Pty Ltd - Lvls 14 & 15, 459 Little Collins St, MLB","Lvls 14 & 15, 459 Little Collins Street",Melbourne,VIC,3000
Babel International College,Unit 60 188 Newcastle St,PERTH,WA,6000
SCSB Melbourne Campus - 166-172 Exhibition St MELBOURNE VIC 3000,166-172 Exhibition St MELBOURNE VIC 3000,MELBOURNE,VIC,3000
Suite 603 Level 6 2 Meredith St BANKSTOWN NSW 2200,Suite 603 Level 6   2 Meredith St,BANKSTOWN,NSW,2200
Astley English College - 208 Clarence St SYDNEY NSW 2000,208 Clarence St,SYDNEY,NSW,2000
SOUTHPORT QLD 4215,Level 1,SOUTHPORT,QLD,4215
SYDNEY NSW 2000,"Level 1, 2 & 3",Sydney,NSW,2000
113 Burgundy Street HEIDELBERG,113 Burgundy Street,HEIDELBERG,VIC,3084
BERRIMAH Auto workshop,78 Pruen Rd,BERRIMAH,NT,828
"Geelong Auto Workshop 3-25 Goldsworthy Road, Corio, VIC 3214",3 Goldsworthy Rd,CORIO,VIC,3214
Level 2 50 Grenfell St,Level 2 50 Grenfell St,ADELAIDE,SA,5000
NSW Auto Workshop - 12 Marsh St CLYDE NSW,12 Marsh St,CLYDE,NSW,2142
Osborne Park Auto workshop,Unit 25 1 Baden St,OSBORNE PARK,WA,6017
SA - St Agnes Workshop 118 Tolley Rd ST AGNES SA,118 Tolley Road St,Agnes,SA,5097
"Unit 2, 29 Cameron St BRUNSWICK",29 Cameron St,Brunswick,VIC,3056
Unit 4 78-84 Catalano Cct CANNING VALE WA 6155,Unit 4 78-84 Catalano Cct,CANNING VALE,WA,6155
The Cairnmillar Institute (Hawthorn),391-393 Tooronga Road,Hawthorn East,VIC,3123
York St,Level 6 11-17 York St,SYDNEY,NSW,2000
"Level 1, 363 King Street, West Melbourne 3003","Level 1, 363 King Street",West Melbourne,VIC,3003
"Level 1, West, 237 Ryrie Street, Geelong Victoria 3220","Level 1, West, 237 Ryrie Street,",Geelong,VIC,3220
"Level 16, 233 Castlereagh Street","Level 16, 233 Castlereagh Street",Sydney,NSW,2000
Flynn,21 Bingle St,FLYNN,ACT,2615
"Level 2, 17 University Ave Canberra",17 University Ave,Canberra,ACT,2601
Global 7 - Level 7 140 Elizabeth St SYDNEY NSW 2000,"Global 7-Level 7, 140 Elizabeth St SYDNEY NSW 2000",SYDNEY,NSW,2000
Global Institute,229-231 Darlinghurst Rd,DARLINGHURST,NSW,2010
Level 9 313 La Trobe St MELBOURNE VIC 3000,Level 9 313 La Trobe St,MELBOURNE,VIC,3000
"Liverpool Street, Hobart",Level 4 169 Liverpool Street,Hobart,TAS,7000
Level 7 299-305 Sussex St SYDNEY NSW 2000,299 Sussex St,SYDNEY,NSW,2000
Australia Fair Shopping Centre,Shop G104-G105 Australia Fair Shopping Centre,Southport,QLD,4215
"Level 5, 119 Charlotte St Brisbane QLD 4000","Level 5, 119 Charlotte St",Brisbane,QLD,4000
Millenium Sq Level 6 119 Charlotte St Brisbane City QLD 4000,119 Charlotte St,BRISBANE CITY,QLD,4000
Braybrook,77 Ashley St,Braybrook,VIC,3019
Dandenong,62 Robinson St,Dandenong,VIC,3175
338 Pitt Street Sydney Campus,338 Pitt St,Sydney,NSW,2000
53 Murray Street,53 Murray St,Pyrmont,NSW,2009
55 Pyrmont Bridge Road,55 Pyrmont Bridge Rd,PYRMONT,NSW,2009
Petersham Campus,586-590 Parramatta Road,PETERSHAM,NSW,2049
Quay Street Campus,"Level 6, 8 Quay St",HAYMARKET,NSW,2000
Esperance Anglican Community School,5 Griffin Street,West Beach,WA,6450
Frederick Irwin Anglican School,36-66 Gordon Road,MEADOW SPRINGS,WA,6210
Georgiana Molloy Anglican School,2 Hawker Approach,Busselton,WA,6280
John Septimus Roe Anglican Community School - Beechboro,Blackboy Way,BEECHBORO,WA,6063
John Septimus Roe Anglican Community School - Mirrabooka,Cnr Mirrabooka Ave / Boyare Ave,MIRRABOOKA,WA,6061
John Wollaston Anglican Community School,Centre Road,Camillo,WA,6111
Peter Carnley Anglican Community School,386 Wellard Road,Wellard,WA,6170
Peter Moyes Anglican Community School,Elliston Parade,MINDARIE,WA,6030
St George's Anglican Grammar School,10 and 50 William Street,Perth,WA,6000
St James Anglican School,2 Graceful Boulevard,ALKIMOS,WA,6038
St Mark's Anglican Community School,St Mark's Drive,Hillarys,WA,6025
Swan Valley Anglican Community School,50 Swanleigh Parade,Aveley,WA,6069
10 Victoria Avenue,10 Victoria Ave,Perth,WA,6000
230 Railway Parade Queens Park WA,230 Railway Parade,Queens Park,WA,6107
Skills Australia Institute,50 Grenfell St,ADELAIDE,SA,5000
"Suite 2, Lvl 1, 338-340 Pitt St, Sydney 2000","Suite 2, Lvl 1, 338-340 Pitt St",Sydney,NSW,2000
YBI@Glebe - 54 Parramatta Rd FOREST LODGE,54 Parramatta Rd,FOREST LODGE,NSW,2037
Queen Street Campus,"Suite 1, Level 7, 190 Queen Street",Melbourne,VIC,3000
Adelaide,50 Grenfell St,Adelaide,SA,5000
SAY Kitchen,70 Currie St,ADELAIDE,SA,5000
"University of South Australia, City East Campus",101 Currie St,ADELAIDE,SA,5000
"59 Meron St, Southport QLD 4215",59 Meron St,Southport,QLD,4215
Barrington College Australia,9 Seabank Lane,SOUTHPORT,QLD,4215
341 Queen St Melbourne,341 Queen St,Melbourne,VIC,3000
"Level 2, 187 Thomas Street, Haymarket, Sydney, NSW 2000","Level 2, 187 Thomas Street",Haymarket,NSW,2000
"Level 7, 15 Adelaide Street, Brisbane",Level 7,BRISBANE,QLD,4000
"Levels 4, 5, 14, 90 King William St, Adelaide",90 King William St,Adelaide,SA,5000
Quay St HAYMARKET,"Ground - Level 2, Level 3",Haymarket,NSW,2000
Suite 1 Level 6 15 Adelaide St BRISBANE CITY QLD 4000,Suite 1 Level 6 15 Adelaide St,BRISBANE CITY,QLD,4000
HORNSBY NSW,25 Edgeworth David Ave,HORNSBY,NSW,2077
"20 West Thebarton Road, THEBARTON SA 5031",20 West Thebarton Rd,THEBARTON,SA,5031
"26 Ferndell Street, South Granville NSW 2142",26 Ferndell St,South Granville,NSW,2142
Franklin Street,132 Franklin St,Adelaide,SA,5000
Kilkenny Automotive Workshop,16 Humphries Tce,KILKENNY,SA,5009
"Unit 3, 53-55 Cosgrove Rd, STRATHFIELD NSW 2136","Unit 3, 53-55 Cosgrove Rd",STRATHFIELD,NSW,2136
Trinity Parramatta Campus,Level 1 43 Hunter St,PARRAMATTA,NSW,2150
Trinity Parramatta Campus 2,43 Hunter St,PARRAMATTA,NSW,2150
Trinity Sydney City Campus,Level 5,HAYMARKET,NSW,2000
Roseville College,27 Bancroft Avenue,Roseville,NSW,2069
"Level 1, 8 Short Street Southport 4215",8 Short St,SOUTHPORT,QLD,4215
Ground Floor 318 King St MELBOURNE VIC 3000,Level 2 310 King St,MELBOURNE,VIC,3000
Level 2 310 King St MELBOURNE VIC 3000,"Level 2, 310 King Street",Melbourne,VIC,3000
565 George St SYDNEY NSW 2000,565 George St,SYDNEY,NSW,2000
176 Wellington Street East Perth WA 6004,176 Wellington St,East Perth,WA,6004
Moore Street Campus,21 Moore St,East Perth,WA,6004
"Lvls 4 & 5, 14 Railway Pde Burwood NSW",14 Railway Pde,Burwood,NSW,2134
32B Williamson Road Maribyrnong,32B Williamson Rd,Maribyrnong,VIC,3032
Head Office,487 King Street,WEST MELBOURNE,VIC,3003
Level 3 17-21 Macquarie St Parramatta NSW 2150,17 Macquarie St,Parramatta,NSW,2150
"6 and 8 Thelma Street, West Perth WA 6005",6 and 8 Thelma Street,West Perth,WA,6005
"Level 5, 301 Flinders Lane, Melbourne VIC 3000","Level 5, 301 Flinders Lane",Melbourne,VIC,3000
"Level 6, 333 Adelaide Street, Brisbane","Level 6, 333 Adelaide Street",Brisbane,QLD,4000
162 Scarborough St SOUTHPORT QLD 4215,162 Scarborough St,SOUTHPORT,QLD,4215
"1A, 56 Paradise Avenue, MIAMI QLD 4220",56 Paradise Ave,MIAMI,QLD,4220
HORNSBY CAMPUS,14 Edgeworth David Ave,Hornsby,NSW,2077
NOMI COLLEGE - ADELAIDE CAMPUS,118 King William St,ADELAIDE,SA,5000
NOMI COLLEGE - MELBOURNE CAMPUS,Level 10 108 Lonsdale St,Melbourne,VIC,3000
NOMI COLLEGE - PERTH CAMPUS,268 Pier St,PERTH,WA,6000
QUEENSLAND CAMPUS,50 Sanders St,MOUNT GRAVATT QLD 4122,QLD,4122
SURRY HILLS CAMPUS,Unit 505,Surry Hills,NSW,2010
42 Marine Pde SOUTHPORT QLD 4215,42 Marine Pde,SOUTHPORT,QLD,4215
Campbelltown NSW,178 Queen St,CAMPBELLTOWN,NSW,2560
Clarence St Sydney,123 Clarence St,Sydney,NSW,2000
"Level 10, Suite 106 and 107 - 420 Pitt St HAYMARKET NSW 2000",Level 10,HAYMARKET,NSW,2000
"Suite 101, 420 Pitt St Haymarket NSW 2000","Suite 101, 420 Pitt St",Haymarket,NSW,2000
236 Union Road Ascot Vale,236 Union Rd,Ascot Vale,VIC,3032
"416-420 Collins Street, Melbourne",416 Collins St,Melbourne,VIC,3000
91-97 Islington St COLLINGWOOD VIC 3066,91-97 Islington St,COLLINGWOOD,VIC,3066
Chatswood,1 Railway St,Chatswood,NSW,2067
Level 3 396 Pitt St SYDNEY NSW 2000,398 Pitt St,SYDNEY,NSW,2000
7D / 76 Robina Town Centre Drive,1 Douglas St,KIRRA,QLD,4225
134 Burwood Road,132 Burwood Rd,Burwood,NSW,2134
Head Office - Unit 106 3 Railway Pde BURWOOD,3 Railway Pde,BURWOOD,NSW,2134
"269 Sussex Street, Sydney",269 Sussex St,Sydney,NSW,2000
Level 4 38 Cavill Ave SURFERS PARADISE QLD 4217,Level 4 38 Cavill Ave,SURFERS PARADISE,QLD,4217
Collins Street,303 Collins St,Melbourne,VIC,3000
Richmond Kitchen,178-180 Victoria St,RICHMOND,VIC,3121
Perth Campus,Unit 3 162 Colin St,WEST PERTH,WA,6005
Tasmania Campus,245 Main Rd,Derwent Park,TAS,7009
Brisbane Campus - 252 St Pauls Terrace Fortitude Valley,252 St Pauls Terrace,Fortitude Valley,QLD,4006
Melbourne City Campus 301-311 Flinders Lane MELBOURNE VIC,301-311 Flinders Lane,MELBOURNE,VIC,3000
Sydney City Campus,Level 13 338-340 Pitt St,SYDNEY,NSW,2000
243 Edward St BRISBANE CITY QLD 4000,243 Edward St,BRISBANE,QLD,4000
"Level 1, 65 York St, NSW 2000",65 York St,Sydney,NSW,2000
"Level 3, 1-59 Quay St, Haymarket, New South Wales 2000",Level 3 1-59 Quay St,Haymarket,NSW,2000
"Level 3, Rundle Mall, Adelaide SA-5000",127 Rundle Mall,Adelaide,SA,5000
Level 6 601 Bourke St MELBOURNE VIC 3000,601 Bourke St,MELBOURNE,VIC,3000
"Noble English School Campus - Level 5, 841George Street, Haymarket",841 George St,HAYMARKET,NSW,2000
"Level 1, 73-81 Murray St, Hobart",73 Murray St,Hobart,TAS,7000
Ultimo NSW,616 Harris St,Ultimo,NSW,2007
"Mindroom Innovation - Office 1, 37 Connor Street, BURLEIGH HEADS QLD",37 Connor St,BURLEIGH HEADS,QLD,4220
Mindroom Innovation - Office 2A,Office 2A - 37 Connor St,BURLEIGH HEADS,QLD,4220
South Brisbane Campus,82A Merivale St,SOUTH BRISBANE,QLD,4101
Unit 2805/ 5 Lawson Street SOUTHPORT QLD 4215,Unit 2805 5 Lawson St,SOUTHPORT,QLD,4215
"Unit 14, 44-56 Hampstead Rd, Maidstone",44 Hampstead Rd,Maidstone,VIC,3012
"187 Wellington Rd, East Brisbane",187 Wellington Rd,East Brisbane,QLD,4169
"L18, 141 Queen St, Brisbane",141 Queen St,Brisbane,QLD,4000
2-4 Kirksway Place Battery Point TAS 7004,2 Kirksway Pl,Battery Point,TAS,7004
Ann St Centre,369 Ann Street,BRISBANE,QLD,4000
NIET BTP Campus,7 Clunies Ross Ct,Eight Mile Plains,QLD,4113
INGLEBURN NSW,13 York Rd,INGLEBURN,NSW,2565
"L3, 187 Thomas St Haymarket","L3, 187 Thomas St",Haymarket,NSW,2000
STC Workshop Ingleburn,55 Stanley Rd,INGLEBURN,NSW,2565
"Suite 3, 8 Oxford Road, Ingleburn NSW 2565",Suite 3,Ingleburn,NSW,2565
79 Sunshine Rd West Footscray,79 Sunshine Rd,West Footscray,VIC,3011
"Level 9, 120 Spencer St, Melbourne",120 Spencer St,Melbourne,VIC,3000
Cambridge,115 Kennedy Dr,CAMBRIDGE,TAS,7170
"2318 Albany Highway, Gosnells, WA",2318 Albany Hwy,Gosnells,WA,6110
440 Elizabeth Building,Level 5 440 Elizabeth St,Melbourne,VIC,3000
"Level 4, 382 Lonsdale Street, Melbourne",382 Lonsdale St,Melbourne,VIC,3000
AHMI Clyde,4 Marsh St,CLYDE,NSW,2142
AHMI Fennell St,87 Fennell St,NORTH PARRAMATTA,NSW,2151
Marion St PARRAMATTA NSW 2150,41 Marion St,PARRAMATTA,NSW,2150
"Level 4, 171 La Trobe St, Melbourne",171 La Trobe St,Melbourne,VIC,3000
"Level 7, 11-31 York Street, Sydney NSW 2000",11 York St,Sydney,NSW,2000
Melbourne CBD,118 Queen St,MELBOURNE,VIC,3000
St Kilda Campus - Unit 3 201 Fitzroy St ST KILDA  VIC,Unit 3 201 Fitzroy St,ST KILDA,VIC,3182
"98 Cleveland Street, Greenslopes",98 Cleveland St,Greenslopes,QLD,4120
Level 10 190 Queen St MELBOURNE,190 Queen St,MELBOURNE,VIC,3000
Swanston Street Melbourne,55 Swanston Street,Melbourne,VIC,3000
"Level 5, 138 Albert Street, Brisbane",Level 5 138 Albert St,Brisbane,QLD,4000
Collins St Campus,Suite 2 Level 2 520 Collins St,MELBOURNE,VIC,3000
Hobart,27 Elizabeth St,Hobart,TAS,7000
Arncliffe Campus - Shop 6 106 Princes Highway Arncliffe NSW,Shop 6,Arncliffe,NSW,2205
Hindmarsh Campus - 321 Port Rd Hindmarsh SA 5007,321 Port Rd,Hindmarsh,SA,5007
"Levels 1, 2 & 4 - 95 Bathurst Street Sydney",95 Bathurst St,Sydney,NSW,2000
Suite 1 Ground Floor 97 Pirie St ADELAIDE SA 5000,97 Pirie St,ADELAIDE,SA,5000
"Lvl 6, 127 Liverpool Street, Sydney, New South Wales, 2000",127 Liverpool St,SYDNEY,NSW,2000
Thomas Street,Level 6 191-199 Thomas St,HAYMARKET,NSW,2000
364 Lonsdale St MELBOURNE VIC 3000,364 Lonsdale St,MELBOURNE,VIC,3000
"56 Caloola Drive, TWEED HEADS NSW 2485",56 Caloola Dr,Tweed Heads,NSW,2485
Kangaroo Point QLD - 310 Vulture St KANGAROO POINT QLD 4169,310 Vulture St,Kangaroo Point,QLD,4169
"Level 4, 33 Scarborough St SOUTHPORT",33 Scarborough St,SOUTHPORT,QLD,4215
Salisbury QLD - 460-492 Beaudesert Road,460 Beaudesert Rd,Salisbury,QLD,4107
"SURFERS PARADISE QLD - 64 Ferny Ave, SURFERS PARADISE QLD 4217",64 Ferny Ave,Surfers Paradise,QLD,4217
"Unit 7, 96 Wilkie Street YEERONGPILLY",96 Wilkie St,YEERONGPILLY,QLD,4103
Bourke St,271 Bourke St,Melbourne,VIC,3000
ACP Surry Hills Chalmers St Campus,Level 5,Surry Hills,NSW,2010
37 Gregory St PARAP NT 0820,37 Gregory St,PARAP,NT,820
460 Church Street Parramatta,460 Church St,Parramatta,NSW,2150
125 Main Street Blacktown,125 Main St,Blacktown,NSW,2148
"18 Mt Gravatt Capalaba Rd, Upper Mt Gravatt",18 Mt Gravatt Capalaba Rd,UPPER MOUNT GRAVATT,QLD,4122
Parkville,48 Flemington Rd,Parkville,VIC,3052
ZOI Education Murray St,Level 1 51-53 Murray St,PYRMONT,NSW,2009
"95 Bathurst Street, Sydney",95 Bathurst St,SYDNEY,NSW,2000
Sydney Campus,Level 2 95 Bathurst Street Sydney,SYDNEY,NSW,2000
Thomas Street Campus,Level 1 191-199 Thomas St,Haymarket,NSW,2000
Level 1 54-58 Brookes Street Bowen hills,Level 1 54-58 Brookes Street,Bowen hills,QLD,4006
Melbourne City,Level 10 108 Lonsdale St,MELBOURNE,VIC,3000
Parramatta RANSFORD,222 Church St,PARRAMATTA,NSW,2150
RANSFORD - Footscray,79 Paisley St,Footscray,VIC,3011
Ransford Adelaide,"LEVEL 3 , 50 GRENFELL STREET",Adelaide,SA,5000
Salisbury,460 Beaudesert Rd,Salisbury,QLD,4114
Sydney CBD,Level 1 16-22 Wentworth Ave,SURRY HILLS,NSW,2010
"Level 1, 43-51 Queen St MELBOURNE VIC 3000",43-51 Queen St,MELBOURNE,VIC,3000
Level 1 158-160 Swanston St MELBOURNE VIC 3000,158 Swanston St,MELBOURNE,VIC,3000
Level 4 470 Collins St Melbourne VIC 3000,Level 4 470 Collins Street,Melbourne,VIC,3000
17 Macquarie St Parramatta NSW,17 Macquarie St,Parramatta,NSW,2150
Adelaide Campus,Level 8 50 Grenfell St,ADELAIDE,SA,5000
Darwin Campus,"Ground Floor, 25 Cavenagh St",DARWIN CITY,NT,800
"Darwin City College, 9 Searcy St, Darwin City, NT, 0800","Unit 3, 9 Searcy Street",Darwin City,NT,800
Granville Campus,12 Good Street,Granville,NSW,2142
"Level 1, 303 Pitt St SYDNEY NSW 2000",303 Pitt St,SYDNEY,NSW,2000
Adelaide,391 Churchill Rd,KILBURN,SA,5084
Gold coast Campus - Unit 1 16 Hinde St ASHMORE,Unit 1 16 Hinde St,ASHMORE,QLD,4214
Office 7 197 Murarrie Rd MURARRIE QLD 4172,Office 7 197 Murarrie Rd,Murarrie,QLD,4172
Sunshine coast campus - Unit 2 3 Technology Dr WARANA,Unit 2 3 Technology Dr,WARANA,QLD,4575
"Levels 2 & 4, 616-620 Harris St, ULTIMO",616 Harris St,Ultimo,NSW,2007
Suite 307 451 Pitt St HAYMARKET NSW 2000,Suite 307 451 Pitt St,HAYMARKET,NSW,2000
"3946 Pacific Highway, Loganholme QLD 4129",3946 Pacific Hwy,Loganholme,QLD,4129
Spring Hill - 88 Leichhardt St SPRING HILL QLD 4000,88 Leichhardt St,SPRING HILL,QLD,4000
ACT Mid City Campus - 15 Moore St CANBERRA ACT 2601,15 Moore Street,CANBERRA,ACT,2601
Rawson Street,"Lvl 2, 91 Rawson St",Auburn,NSW,2144
28 Memorial Ave Liverpool,28 Memorial Ave,Liverpool,NSW,2170
"Australian Careers Business College - Level 1, 149-151 George St Liverpool NSW 2170","Level 1, 149-151 George St",Liverpool,NSW,2170
"247 King Street, MASCOT NSW",247 King St,Mascot,NSW,2020
AEC Darwin - 19 Kitchener Dr DARWIN NT 0800,19 Kitchener Dr,DARWIN,NT,800
Level 1 133-135 Oxford St BONDI JUNCTION NSW,133 Oxford St,BONDI JUNCTION,NSW,2022
U6 - 19 Kitchener Dr DARWIN CITY NT 0800,19 Kitchener Dr,DARWIN CITY,NT,800
Melbourne CBD Campus,- Suite 2 Level 9 190 Queen St,Melbourne,VIC,3000
Suite 3 Level 9 190 Queen St MELBOURNE VIC 3000,Suite 3 Level 9 190 Queen St,MELBOURNE,VIC,3000
"Unit 101/991 Whitehorse Road, Box Hill",101/991 Whitehorse Rd,Box Hill,VIC,3128
"Unit 102/991 Whitehorse Road, Box Hill",102/991 Whitehorse Rd,Box Hill,VIC,3128
178-180 Victoria St RICHMOND VIC,178 Victoria St,RICHMOND,VIC,3121
74 Islington St COLLINGWOOD VIC 3066,74 Islington St,COLLINGWOOD,VIC,3066
"City Campus - Level 5, 310 King Street","Level 5, 310 King St",MELBOURNE,VIC,3000
LEVEL 11  233 Castlereagh St SYDNEY,Level 11 233 Castlereagh St,SYDNEY,NSW,2000
Level 2  222 Bourke St MELBOURNE VIC 3000,Level 2 - 222 Bourke St,MELBOURNE,VIC,3000
Melbourne,500 Collins St,MELBOURNE,VIC,3000
388 Spencer St WEST MELBOURNE VIC,388 Spencer St,WEST MELBOURNE,VIC,3003
"Mezzanine, 58 Franklin St Melbourne VIC 3000",58 Franklin St,MELBOURNE,VIC,3000
Brighton College Sydney,Level 8 532-540 George Street,Sydney,NSW,2000
Brisbane Campus Level 23 and 24 - 343 Albert St BRISBANE CITY,"Level 23, 343 Albert St",Brisbane City,QLD,4000
"Melbourne Campus, Ground, Level 1 and 2","Ground, Level 1 and 2 - 255 William Street",Melbourne,VIC,3000
Tasmania Campus,73-81 Murray St,HOBART,TAS,7000
HAYMARKET - LEAD COLLEGE PTY LTD - 841 George St,841 George St,HAYMARKET,NSW,2000
Lead - Hospitality - 15B Albert St,15B Albert St,NORTH PARRAMATTA,NSW,2151
Lead - Perth - 15 Leila St CANNINGTON WA 6107,15 Leila St,Cannington,WA,6107
Lead - River Rd - Unit 4 1 River Rd W PARRAMATTA NSW 2150,Unit 4 1 River Rd,West Parramatta,NSW,2150
Parramatta Lead - 37 George St,37 George St,PARRAMATTA,NSW,2150
South Windsor - 6 Dowling Pl,6 Dowling Pl,SOUTH WINDSOR,NSW,2756
INT Dubbo Campus,Unit 3 30 Blueridge Dr,DUBBO,NSW,2830
INT Dubbo Training Centre - 12 Blueridge Dr Dubbo NSW,12 Blueridge Drive,Dubbo,NSW,2830
"Shop 5, 40 Phillip Street, St Marys NSW",40 Phillip St,St Marys,NSW,2760
MG Australia Group Pty Ltd,11 Deane St,BURWOOD,NSW,2134
Axis Institute - Parramatta Campus,Unit 5 9 Wentworth Street,PARRAMATTA,NSW,2150
"Level 6 AXIS - Level 6, 359 Queen Street, Brisbane",359 Queen St,BRISBANE,QLD,4000
"17  21 Buckhurst Street, South Melbourne VIC 3205",17 Buckhurst St,South Melbourne,VIC,3205
"946 High St, Reservoir",946 High St,Reservoir,VIC,3073
Head Office Gertrude St,142 Gertrude St,FITZROY,VIC,3065
49 Phillip Ave Watson ACT 2602,49 Phillip Ave,Watson,ACT,2602
5-7 Lithgow St CAMPBELLTOWN NSW 2560,5 Lithgow St,CAMPBELLTOWN,NSW,2560
Level 5 259 Collins St,Level 5 259 Collins St,Melbourne,VIC,3000
North Melbourne - 287 Macaulay Rd,287 Macaulay Rd,NORTH MELBOURNE,VIC,3051
"Shop 2, 746 Swanston St, Carlton","Shop 2, 746 Swanston St",Carlton,VIC,3053
Church Street,237 Church Street,Parramatta,NSW,2150
Elizabeth Street Sydney,Level 8 140 Elizabeth St,SYDNEY,NSW,2000
Melbourne City,Level 10 108 Lonsdale St,MELBOURNE,VIC,3000
Parramatta Blue Bay,89 Marsden St,PARRAMATTA,NSW,2150
"Suite 1, Level 1, 72 Nerang Street, Southport, QLD, 4215",72 Nerang St,SOUTHPORT,QLD,4215
Automotive Practical Workshop,35a Daisy St,REVESBY,NSW,2212
Burwood Campus,11 Deane St,Burwood,NSW,2134
GeSS Education Southport,40 Marine Pde,SOUTHPORT,QLD,4215
"Surry Hills Campus (Suite 403, 400-412 Elizabeth Street, Surry Hills NSW 2010)","Suite 403, 400-412 Elizabeth Street",Surry Hills,NSW,2010
"407 High St, Lalor",407 High St,Lalor,VIC,3075
Melbourne Campus,Level 4 310 King St,MELBOURNE,VIC,3000
Woolloongabba Workshop Campus,16 Lotus St,WOOLLOONGABBA,QLD,4102
"372 Chapel Road, Bankstown",372 Chapel Rd,Bankstown,NSW,2200
Level 5 16-18 Wentworth St PARRAMATTA NSW,Level 5 16-18 Wentworth St,PARRAMATTA,NSW,2150
"7 Hassall Street, Parramatta NSW 2150",7 Hassall St,Parramatta,NSW,2150
"AMBI Bathurst Campus - 86 Keppel St, Bathurst",86 Keppel St,Bathurst,NSW,2795
Level 4 770 George St HAYMARKET NSW 2000,770 George St,HAYMARKET,NSW,2000
Cowra NSW,112 Airport Rd,Cowra,NSW,2794
108 Bourke St MELBOURNE VIC 3000,108 Bourke St,MELBOURNE,VIC,3000
"Level 9, 474 Flinders St Melbourne 3000",474 Flinders St,Melbourne,VIC,3000
The Springfield Anglican College,68 Springfield Greenbank Arterial,SPRINGFIELD,QLD,4300
AC Canberra,202 City Walk,CITY,ACT,2601
AC ULTIMO - Level 3 579 Harris St ULTIMO NSW 2007,"Level 3, 579 Harris Street",ULTIMO,NSW,2007
54 Benjamin Way BELCONNEN ACT 2617,54 Benjamin Way,BELCONNEN,ACT,2617
Bankstown NSW,7 Greenfield Pde,Bankstown,NSW,2200
"Building 130, The Entertainment Quarter",Building 130,Moore Park,NSW,2021
"2b-6 Hassall Street, Parramatta NSW 2150",2b-6 Hassall Street,Parramatta,NSW,2150
Western Sydney University - Parramatta,Cnr of Victoria Rd & James Ruse Dr,Parramatta,NSW,2150
"Basement & Lvl 1, 376 Bourke Street Melbourne",376 Bourke St,Melbourne,VIC,3000
VCEA Kitchen Jeffcott,11-17 Jeffcott St,WEST MELBOURNE,VIC,3003
"Victorian College of Education Australia, Queen Street Campus","Victorian College of Education Australia, Queen St",MELBOURNE,VIC,3000
HAYMARKET NSW,770 George St,HAYMARKET NSW 2000,NSW,2000
Head Office - Campus,Level 2 601 Bourke St,Melbourne,VIC,3000
"Skilled Up Kitchen - Ground Floor, 398 Lonsdale St, MELBOURNE VIC 3000",398 Lonsdale St,MELBOURNE,VIC,3000
Le Culinaire Hospitality Institute - Harris St ULTIMO,424 Harris St,ULTIMO,NSW,2007
"207/673 La Trobe St, Docklands",673 La Trobe St,Docklands,VIC,3008
Campus 2,Shop 213 673 La Trobe Street,DOCKLANDS,VIC,3008
"PNK Campus - Shop 210, 673 La Trobe St DOCKLANDS VIC 3008",Shop 210 673 La Trobe St,DOCKLANDS,VIC,3008
"WHITE SPACE - Shop 7, 677 La Trobe St DOCKLANDS VIC 3008",Shop 7 677 La Trobe St,DOCKLANDS,VIC,3008
"YELLOW SPACE - Shop 8, 677 La Trobe St DOCKLANDS VIC 3008",Shop 8 677 La Trobe St,DOCKLANDS,VIC,3008
Educare at UTAS Sandy Bay Campus,12 French St,SANDY BAY,TAS,7005
Gold Coast Campus,10 Scarborough St,SOUTHPORT,QLD,4215
Head Office,Level 4 316 Adelaide St,BRISBANE,QLD,4000
"Level 3, Suite B, 57 Coronation DR, Milton, 4064","Level 3, Suite B, 57 Coronation DR",Milton,QLD,4064
Harris Street,616 Harris St,ULTIMO,NSW,2007
Shop 118 243 Pyrmont St PYRMONT NSW 2009,Shop 118 243 Pyrmont St,PYRMONT,NSW,2009
11 London Circuit CANBERRA ACT 2601,11 London Cct,CANBERRA,ACT,2601
Adelaide Campus,Level 3 90 King William St,ADELAIDE,SA,5000
"Medicus College - Lvl 1, 575-597 Pacific Hwy",575 Pacific Hwy,St Leonards,NSW,2065
"Medicus College - Lvl 1, 90 King William Street",90 King William St,Adelaide,SA,5000
Sydney Campus,224-238 George St,Liverpool,NSW,2170
Edgecliff Campus,Shop 2 161-177 New South Head Rd,EDGECLIFF,NSW,2027
Parramatta Campus - Shop 44 1 Macquarie St,Shop 44 1 Macquarie St,PARRAMATTA,NSW,2150
"Shop 8, 8-10 Hunter Street PARRAMATTA NSW 2150",8 Hunter St,PARRAMATTA,NSW,2150
Wollongong Campus,325-327 Crown St,WOLLONGONG,NSW,2500
"Level 1, 8 - 310 King Street, Melbourne","Level 1, 8 - 310 King St",Melbourne,VIC,3000
"Level 6, 11-17 York St, Sydney","Level 6, 11-17 York Street",Sydney,NSW,2000
3 Suter St SOUTHPORT QLD 4215,3 Suter St,SOUTHPORT,QLD,4215
4 Shepherd St DARWIN NT 0800,4 Shepherd St,Darwin,NT,800
"Darwin Campus - Unit 2, 390 Stuart Highway",390 Stuart Hwy,WINNELLIE,NT,821
Southport Campus,10 Marine Pde,SOUTHPORT,QLD,4215
Altona Automotive Workshop,Unit 4 15-17 Slough Rd,ALTONA,VIC,3018
Geelong - Unit 2 48 Gordon Ave GEELONG WEST VIC 3218,Unit 2 48 Gordon Ave,GEELONG WEST,VIC,3218
Head Office,Level 6 341 Queen St,MELBOURNE,VIC,3000
"Level 2, 206-208 Liverpool Road Ashfield",206 Liverpool Rd,Ashfield,NSW,2135
Wollongong Campus,Unit 2 67-69 Market St,WOLLONGONG,NSW,2500
McGill Institute Australia: Parramatta Campus,30 Cowper St,PARRAMATTA,NSW,2150
SEH - L5 8 Quay Street Haymarket,L5 8 Quay Street,Haymarket,NSW,2000
"Level 2, 16-22 Wentworth Ave SURRY HILLS NSW 2010",16 Wentworth Ave,SURRY HILLS,NSW,2010
UK English - Elizabeth St,140 Elizabeth St,SYDNEY,NSW,2000
UK Parramatta Campus,222 Church St,PARRAMATTA,NSW,2150
Seven Hills Campus,197 Prospect Hwy,Seven Hills,NSW,2147
Seven Hills Campus - Unit 2,Unit 2 197 Prospect Hwy,SEVEN HILLS,NSW,2147
Collins Street - Level 2 505 Little Collins St MELBOURNE VIC 3000,Level 2 505 Little Collins St,MELBOURNE,VIC,3000
"Collins Street, Hobart",Unit 1 86 Collins St,HOBART,TAS,7000
King Street,Level 10 310 King St,MELBOURNE,VIC,3000
Sydney Campus - Level 12 22 Market St SYDNEY NSW 2000,Level 12 22 Market St,SYDNEY,NSW,2000
"Consultation Room - Suite 808 Level 8, 343 Little Collins St",Consultation Room,Melbourne,VIC,3000
Level 7 - 118 King William St,Level 7 - 118 King William St,ADELAIDE,SA,5000
"Live Stream Studio - Suite 803 Level 8, 343 Little Collins St",Live Stream Studio,Melbourne,VIC,3000
"Suite 802, Level 8, 343 Little Collins Street, Melbourne",343 Little Bourke St,MELBOURNE,VIC,3000
"Suites 202, 203, 204, 206, Level 2 343 Little Collins St, Melbourne VIC 3000",343 Little Collins St,Melbourne,VIC,3000
"60 Belfast St, Broadmeadows",60 Belfast St,Broadmeadows,VIC,3047
171 Elizabeth St BRISBANE CITY QLD,171 Elizabeth St,BRISBANE CITY,QLD,4000
Level 4 84-86 Mary St SURRY HILLS NSW 2010,Level 4 84-86 Mary St,SURRY HILLS,NSW,2010
City Campus - 450 Kent Street Sydney NSW 2000,450 Kent Street,Sydney,NSW,2000
Parramatta Campus Main - Suite 107 30 Cowper St PARRAMATTA NSW 2150,Parramatta Campus Main - Suite 107 30 Cowper St,Parramatta,NSW,2150
"6 Slater Parade, East Keilor VIC 3033",6 Slater Pde,EAST KEILOR,VIC,3033
Maroochydore,Shop 2 19-21 George St,Maroochydore,QLD,4558
KII Kent Street,Level 2 545-553 Kent St,SYDNEY,NSW,2000
"Kingsford International Institute, Melbourne",Level 8 20 Queen St,MELBOURNE,VIC,3000
Wentworth Ave Campus,80 Wentworth Ave,SURRY HILLS,NSW,2010
"55 High Street, PARRAMATTA NSW 2150",55 High St,PARRAMATTA,NSW,2150
"Western Sydney College Melbourne Campus - Level 3, 20 Queen St Melbourne VIC 3000","Level 3, 20 Queen St",Melbourne,VIC,3000
Western Sydney College Sydney Campus,Level 2 - 39 Dixon St,SYDNEY,NSW,2000
ATI City Campus - Unit 28 Ground Floor 8 Victoria Ave PERTH,Unit 28 Ground Floor,Perth,WA,6000
Australian Tertiary Institute Pty Ltd,41 Commerce Ave,Armadale,WA,6112
"Unit 28/386 Wanneroo Road, Westminster WA 6061",41 Commerce Ave,Armadale,WA,6112
Clarence street site,255 Clarence St,Sydney,NSW,2000
Villanova College,24 Sixth Avenue,Coorparoo,QLD,4151
Sydney Campus,56 York St,Sydney,NSW,2000
"Level 4, 118 Walker Street,  North Sydney NSW 2060",118 Walker St,NORTH SYDNEY,NSW,2060
"135 Military Road, Avondale Heights VIC 3024",135 Military Rd,AVONDALE HEIGHTS,VIC,3034
"62 Abbotts Road, Dandenong South VIC 3175",62 Abbotts Rd,DANDENONG SOUTH,VIC,3175
"540 Elizabeth Street, Melbourne","Level 1, 540 Elizabeth St",Melbourne,VIC,3000
"Unit 1, Level 1, 12 Pirie Street, Adelaide","Unit 1, Level 1, 12 Pirie St",Adelaide,SA,5000
"Level 8, 338-340 Pitt Street Sydney NSW 2000",338 Pitt St,Sydney,NSW,2000
Automotive Workshop - Campsie,481 Canterbury Rd,CAMPSIE,NSW,2194
Burwood Campus,11-15 Deane St,BURWOOD,NSW,2134
Granville,Level 2A,Granville,NSW,2142
"Level 1, 10 Victoria Ave Perth WA 6000",10 Victoria Ave,Perth,WA,6000
"Melbourne Campus - 7 Joyce Street, SPRINGVALE VIC 3171",7 Joyce St,SPRINGVALE,VIC,3171
St Paul's College,3 Klemke Avenue,WALLA WALLA,NSW,2659
"Level 1, 112 Newquay Promenade, Docklands, VIC 3008","Level 1, 112 Newquay Promenade",Docklands,VIC,3008
"Level 4, 22 Market Street, Sydney NSW","Level 4, 22 Market Street",Sydney,NSW,2000
"Level 10, 474 Flinders St",474 Flinders St,Melbourne,VIC,3000
"17 Oatley Ct, BELCONNEN ACT 2617",17 Oatley Ct,BELCONNEN,ACT,2617
Sydney CBD Campus,"Level 6, 51-53 Druitt St",SYDNEY,NSW,2000
Unit 4 132 Haldon St LAKEMBA NSW 2195,Unit 4 132 Haldon St,LAKEMBA,NSW,2195
Wiseman & Co. Advanced Learning Institute Pty Ltd,157 Haldon St,LAKEMBA,NSW,2195
Sydney Road,601 Sydney Rd,Coburg,VIC,3058
1/149 Anderson Rd SUNSHINE,Unit 1 149 Anderson Rd,SUNSHINE,VIC,3020
"2/149 Anderson Road, Sunshine,",149 Anderson Rd,Sunshine,VIC,3020
1 Clunies Ross Ct,1 Clunies Ross Ct,EIGHT MILE PLAINS,QLD,4113
Langports - 62 Appel St Surfers Paradise QLD 4217,Langports - 62 Appel St,Surfers Paradise,QLD,4217
Darwin Campus,37 Gregory St PARAP,PARAP,NT,820
Sydney Campus - Level 3 303 Pitt St SYDNEY NSW 2000,Level 3 303 Pitt Street,SYDNEY,NSW,2000
Australian Islamic College of Sydney,33 Headcorn Street,MOUNT DRUITT,NSW,2770
Australian Islamic College of Sydney Senior School,33 Headcorn Street,MOUNT DRUITT,NSW,2770
Redeemer Lutheran College (Rochedale),745 Rochedale Road,ROCHEDALE,QLD,4123
RSB Melbourne Campus,Level 8 166-172 Exhibition St,MELBOURNE,VIC,3000
"Suite 1, Level 1, 37 George St PARRAMATTA NSW 2150","Suite 1, Level 1, 37 George Street",PARRAMATTA,NSW,2150
"Level 1, 318 King Street Melbourne VIC 3000","Level 1, 318 King Street",Melbourne,VIC,3000
Shop 2 840 Fifteenth St Mildura,Shop 2 840 Fifteenth St,MILDURA,VIC,3500
St Stephen's School - Duncraig campus,100 Doveridge Drive,DUNCRAIG,WA,6023
St Stephen's School - Padbury Campus,9 Brookmont Ramble,Padbury,WA,6025
St Stephen's School - Tapping campus,50 St Stephens Crescent,TAPPING,WA,6065
"1/47 Brookes Street, Bowen Hills, QLD",1/47 Brookes Street,Bowen Hills,QLD,4006
Ti Education and Training Pty Ltd,263 Old West Rd,BULLSBROOK,WA,6084
Level 1 239 Church St PARRAMATTA NSW 2150,Level 1 239 Church St,PARRAMATTA,NSW,2150
"Suite 1, Level 7, 234 - 250 Collins Street, Melbourne VIC 3000",234 Collins St,MELBOURNE,VIC,3000
"15 Hawker Street, Airport West",15 Hawker St,AIRPORT WEST,VIC,3042
"AOI Ultimo - Lvl 6, 579 Harris St, Ultimo","Lvl 6, 579-583 Harris Street",Ultimo,NSW,2007
Fairholme College,40 Wirra Wirra Street,EAST TOOWOOMBA,QLD,4350
4 Railway Pde Burwood,Unit 4 4 Railway Pde,BURWOOD,NSW,2134
Melbourne,271 William St,Melbourne,VIC,3000
NSW,"Suite 1B, 41 Rickard Rd",Bankstown,ACT,2200
PARRAMATTA CAMPUS - 89 Marsden St PARRAMATTA NSW 2150,89 Marsden St,PARRAMATTA,NSW,2150
"6 Fetherstone Street, Bankstown NSW 2200",6 Fetherstone Street,Bankstown,NSW,2200
"76 Park Road, Woolloongabba",76 Park Road,Woolloongabba,QLD,4102
"Level 6, 202 Pier St Perth Western Australia",202 Pier St,Perth,WA,6000
South Australia Campus,144 North Tce,ADELAIDE,SA,5000
Level 3 382 Lonsdale Street Melbourne,382 Lonsdale St,Melbourne,VIC,3000
Suite 1 Level 1 34 Macmahon St Hurtsville NSW 2220,34 Macmahon St,Hurtsville,NSW,2220
MCTS Geelong,114 Yarra St,Geelong,VIC,3220
NSMT CBD: Room 1,Room 1 - Level 6 440 Elizabeth St,MELBOURNE,VIC,3000
14-16 Grote Street,14-16 Grote Street,Adelaide,SA,5001
155-161 Boundary Road,155-161 Boundary Road,North Melbourne,VIC,3051
41 Boundary Road,41 Boundary Road,North Melbourne,VIC,3051
"530-538 Victoria Street, North Melbourne, Victoria 3051",530-538 Victoria Street,North Melbourne,VIC,3051
309-311 Spring St RESERVOIR VIC 3073,309 Spring St 215 Bell St,RESERVOIR,VIC,3073
26 Mort Street BRADDON ACT,26 Mort Street,BRADDON,ACT,2612
Adelaide TrEd,Level 7 50 Grenfell St,ADELAIDE,SA,5000
TrEd North Sydney,Level 2 1 James Place,NORTH SYDNEY,NSW,2060
"74 Sydney Street, Albion",74 Sydney St,Albion,VIC,3020
Adelaide Campus,Level 1 142 North Tce,Adelaide,SA,5000
City Campus - Little Collins St,Level 4 343 Little Collins Street,Melbourne,VIC,3000
373-375 Bridge Road Richmond VIC 3121 Australia,373 Bridge Rd,Richmond,VIC,3121
"116 Pacific Highway,North Sydney, NSW 2060",116 Pacific Highway,North Sydney,NSW,2060
"2 Woodville St, Hurstville NSW 2220",2 Woodville St,Hurstville,NSW,2220
"Level 1, Tenancy 2, 5 Fussell Lane, Gungahlin Place, Gungahlin ACT 2912","Level 1, Tenancy 2, 5 Fussell Lane",Gungahlin,ACT,2912
"Level 11,307 Pitt Street Sydney NSW 2000","Level 11, 307 Pitt Street Sydney",Sydney,NSW,2000
"Level 5, 213 Miller St, North Sydney NSW 2060","Level 5, 213 Miller St",North Sydney,NSW,2060
"Level 5,303 Pitt Street Sydney NSW 2000","Level 5, 303 Pitt Street",Sydney,NSW,2000
"Suite 1, Level 4, 40 Cameron Avenue, Belconnen ACT 2617","Suite 1, Level 4, 40 Cameron Avenue",Belconnen,ACT,2617
St Brendan's College (Yeppoon),139 Adelaide Park Road,YEPPOON,QLD,4703
97 Smith St FITZROY VIC 3065,97 Smith St,Fitzroy,VIC,3065
Melbourne Campus,85 Queen St,MELBOURNE,VIC,3000
Parrramatta Campus,Parramatta Campus,PARRAMATTA,NSW,2150
Level 3 108 King William St ADELAIDE,Level 3 108 King William St,ADELAIDE,SA,5000
Level 3 131 Queen St Melbourne,131 Queen St,MELBOURNE,VIC,3000
UE Campus Level 2 131 Queen St Melbourne,Level 2 131 Queen St,MELBOURNE,VIC,3000
"CPSU - Level 3, 191-199 Thomas St",Level 3 191-199 Thomas St,HAYMARKET,NSW,2000
Lonsdale Street Campus,- Ground Floor 123 Lonsdale St,MELBOURNE,VIC,3000
118 King William St ADELAIDE SA 5000,118 King William St,Adelaide,NSW,5000
Aspen College Footscray,79 Paisley Street,Footscray,VIC,3011
"Aspen College, Homebush - 29 The Crescent HOMEBUSH NSW 2140",29 The Crescent,HOMEBUSH,NSW,2140
"Level 6, 118 King William Road",118 King William Rd,ADELAIDE,SA,5000
Lonsdale St,Level 8 123 Lonsdale St,MELBOURNE,VIC,3000
Parramatta NSW,25-35 George St,PARRAMATTA,NSW,2150
Ground Floor 313-315 Flinders Ln Melbourne,313 Flinders Lane,Melbourne,VIC,3000
Lygon Campus - 390A Lygon St BRUNSWICK EAST VIC 3057,390A Lygon St,BRUNSWICK EAST,VIC,3057
64-70 Aerodrome Rd Maroochydore Qld 4558 Australia,20 Chester St,NEWSTEAD,QLD,4006
Brisbane Campus - 100 Brookes St FORTITUDE VALLEY QLD 4006,100 Brookes St,Fortitude Valley,QLD,4006
"Gold Coast Campus - 19 Robina Towers Centre Drive, ROBINA",19 Robina Town Centre Dr,ROBINA,QLD,4226
26 Mort Street BRADDON ACT 2612,26 Mort St,BRADDON,ACT,2612
Melbourne Campus - 364 Lonsdale St MELBOURNE VIC 3000,"Level 1, 364 Lonsdale St",Melbourne,VIC,3000
"Lvl 11, 474 Flinders St Melbourne VIC",474 Flinders St,Melbourne,VIC,3000
L2 50-53 - 2-26 Victoria Ave BROADBEACH QLD 4218,L2 50-53 - 2-26 Victoria Ave,BROADBEACH,QLD,4218
Suite G01 - Unit 1 Ground Floor 320 Harris St PYRMONT NSW 2009,Suite G01 - Unit 1 Ground Floor,PYRMONT,NSW,2009
"Level 2/40 Oxley St, Leonards NSW 2065",40 Oxley St,Leonards,NSW,2065
House of Learning,570 St Kilda Rd,MELBOURNE,VIC,3004
"Trades Training Centre, Unit 4, 13-15 Brough St SPRINGVALE VIC","Unit 4, 13-15 Brough St",SPRINGVALE,VIC,3171
"Level 6, 9 Wentworth Street, Parramatta,NSW",1 Napier Close,Deakin,ACT,2600
"6-24 Moorabool Street, GEELONG, VIC 3220",6 Moorabool St,GEELONG,VIC,3220
Training Location,11-17 Jeffcott St,WEST MELBOURNE,VIC,3003
"Level 2, 209-211 Lonsdale St, Melbourne VIC 3000","Level 2, 209-211 Lonsdale St,",Melbourne,VIC,3000
"Level 5, 127 Rundle Mall Street",Level 4,Adelaide,SA,5000
ISMT - Gosford,5 Watt St,GOSFORD,NSW,2250
ISMT - Liverpool - 269 Bigge St LIVERPOOL NSW 2170,269 Bigge St,LIVERPOOL,NSW,2170
ISMT - Parramatta,37 George St PARRAMATTA,NSW,NSW,2150
Level 1 575-597 Pacific Hwy ST LEONARDS NSW 2065 Australia,575 Pacific Hwy,LEONARDS,NSW,2065
"Rhodes Waterside, 1 Rider Boulevard Rhodes NSW 2138",1 Rider Blvd,RHODES,NSW,2138
Suite 2.02 - Level 2 222 Pitt St SYDNEY,Suite 2.02 - Level 2 222 Pitt St,Sydney,NSW,2000
Gosford,Suite 201 Level 2 40 Mann St,Gosford,NSW,2250
Wakefield International College Pty Ltd,25 Franklin St,ADELAIDE,SA,5000
Sydney Campus - Level 1 225 Clarence,Level 1 225 Clarence,SYDNEY,NSW,2000
246 Varsity Parade Varsity Lakes Qld 4227,246 Varsity Pde,Varisty Lakes,QLD,4227
"Suite 707, Level 7, Westfield Shopping Centre, 159-175 Church Street Paramatta",159 Church St,PARRAMATTA,NSW,2150
TKL English - 95-99 York St SYDNEY NSW 2000,95-99 York St,Sydney,NSW,2000
"Training for Knowledge and Livelihood - Melbourne Campus -Level 6, 20 Queen St Melbourne VIC 3000","Level 6, 20 Queen St",Melbourne,VIC,3000
"Training for Knowledge and Livelihood - Melbourne Campus -Level 7, 20 Queen St Melbourne VIC 3000","Level 7, 20 Queen St",Melbourne,VIC,3000
"Wondall Rd, Manly West",450 Wondall Rd,MANLY West,QLD,4179
"302 Manly Rd, Manly West",302 Manly Rd,MANLY WEST,QLD,4179
Melbourne Campus - 591 Sydney Rd COBURG VIC,591 Sydney Rd,COBURG,VIC,3058
"VETA Pty Ltd - 2092 Logan Rd, Upper Mt Gravatt",2092 Logan Rd,UPPER MOUNT GRAVATT,QLD,4122
BCA,Suite 1 Level 5 67 Astor Tce,SPRING HILL,QLD,4000
"Suite 1, Level 1, 345 Ann Street, Brisbane City, QLD. 4000","Suite 1, Level 1, 345 Ann Street",Brisbane City,QLD,4000
Brisbane,117 Victoria St,WEST END,QLD,4101
"Unit 11, 14 Sadgroves Crescent, Winnellie, NT. 0820",14 Sadgroves Cres,Winnellie,NT,820
"Level 2, 388 Bourke Street, Melbourne",388 Bourke St,Melbourne,VIC,3000
Level 6 388 Bourke St MELBOURNE VIC 3000,Level 6 388 Bourke St,MELBOURNE,VIC,3000
"Suite 1, Level 1, 224-238 George Street Liverpool NSW 2170",224 George St,Liverpool,NSW,2170
"Adelaide Campus - Suite 2, Ground Floor, 97 Pirie Street, ADELAIDES SA 5000",97 Pirie St,ADELAIDE,SA,5000
George Street Campus - Level 2 741 George St HAYMARKET NSW 2000,Level 2 741 George St,Haymarket,NSW,2000
"George Street Campus - Level 3, 741 George St, HAYMARKET NSW 2000",741 George St,HAYMARKET,NSW,2000
"Suite 2.2.18, Level 2, 303 Pitt Street, Sydney 2000",303 Pitt St,SYDNEY,NSW,2000
UCA Elizabeth Street Campus,Level 6 140 Elizabeth St,SYDNEY,NSW,2000
ACIS - Level 4 213 Miller St NORTH SYDNEY NSW,Level 4 213 Miller St,NORTH SYDNEY,NSW,2060
"Level 2, 57 Shenton Avenue, Joondalup WA 6027",14 Stirling Hwy,Nedlands,WA,6909
95 Sadadeen Rd SADADEEN NT 0870,95 Sadadeen Rd,SADADEEN,NT,870
Melbourne Campus,Level 14 190 Queen St,Melbourne,VIC,3000
Melbourne Campus- Level 8,Suite 2 Level 8 190 Queen St,Melbourne,VIC,3000
MMC Adelaide Campus - Grenfell Street,Suite 1 Level 4,Adelaide,SA,5000
MMC Alice Springs campus,40 Gap Rd,THE GAP,NT,870
MMC Gold Coast Campus - Nerang Street,13 Nerang St,Southport,QLD,4215
MMC Gold Coast Campus - Suite 101 Level 1 9 Bay St SOUTHPORT,Suite 101 Level 1 9 Bay St,SOUTHPORT,QLD,4215
"2/537 Kessells Road, McGregor, Queensland 4109",537 Kessels Rd,McGregor,QLD,4109
Brisbane Campus,537 Kessels Rd,MACGREGOR,QLD,4109
Gold Coast Campus,55-57 Billington St,LABRADOR,QLD,4215
Labrador Training Centre,55-57 Billington St,LABRADOR,QLD,4215
"Lost Oceans Pty Ltd, Unit 40, Southport Trade Centre, 3/15 Jackman Street Southport 4215",3 Jackman St,Southport,QLD,4215
Mt Gravatt - 17-19 Mt Gravatt-Capalaba Rd UPPER MOUNT GRAVATT QLD 4122,17-19 Mt Gravatt-Capalaba Rd,Upper Mt Gravatt,QLD,4122
"Building D, 60 Belfast St, Broadmeadows","Building D, 60 Belfast St",Broadmeadows,VIC,3047
IBM - Workshop,61 Riggall St,BROADMEADOWS,VIC,3047
IBM Kitchen,170 Victoria St,RICHMOND,VIC,3121
Melbourne City Campus - Suite 1 Level 1 190 Queen St MELBOURNE VIC 3000,Suite 1 Level 1 190 Queen St,Melbourne,VIC,3000
TVSA Pilot Training,145 Aerodrome Rd,PARWAN,VIC,3340
"Level 1, 625 Harris St. Ultimo, NSW 2007",625 Harris St,ULTIMO,NSW,2007
224 Qantas Ave ARCHERFIELD QLD 4108,224 Qantas Ave,ARCHERFIELD QLD,QLD,4108
"381 Beatty Road Archerfield Airport, Queensland",381 Beatty Road Archerfield Airport,Archerfield,QLD,2000
BLC Melbourne CBD - Level 2 158 Swanston St,Level 2 158 Swanston St,MELBOURNE,VIC,3000
BLC Nicholson Street,727 Nicholson Street,CARLTON NORTH,VIC,3054
"Level 2, 540 Elizabeth Street Melbourne VIC 3000",540 Elizabeth St,Melbourne,VIC,3000
Health Institute Australasia Unit 1 18 Rawlins St Southport,Unit 1 18 Rawlins St,SOUTHPORT,QLD,4215
432 Kent St Sydney,432 Kent St,SYDNEY,NSW,2000
"Coorparoo Secondary College - I Block, 4 Cavendish Road, Coorparoo",28 Cavendish Rd,COORPAROO,QLD,4151
10 Barrack Street,10 Barrack St,SYDNEY,NSW,2000
"Level 3, 770 George St","Level 3, 770 George St",HAYMARKET,NSW,2000
NVR Education Australia (Thomas Street) - L3,Level 3 191-199 Thomas St,HAYMARKET,NSW,2000
NVR Education Australia (Thomas Street) - L7 - Level 7 191-199 Thomas St HAYMARKET 2000,"L7 - Level 7 ,  191-199 Thomas St",Haymarket,NSW,2000
Emerald College,96 Mt Gravatt Capalaba Rd,UPPER MOUNT GRAVATT,QLD,4122
"Collins Street - Level 6, 234 - 250 Collins St, MELBOURNE VIC 3000",234 Collins St,MELBOURNE,VIC,3000
Kensington,Unit 4,Kensington,VIC,3031
"Ground Floor, 99 Queens Bridge Street",99 Queens Bridge St,SOUTHBANK,VIC,3006
Suit 10 33-37 Heatherdale Rd Ringwood Victoria 3134,33 Heatherdale Rd,Ringwood,VIC,3134
REALMONT,Level 5 119 Charlotte St,BRISBANE CITY,QLD,4000
"2/316 Adelaide Street Brisbane, QLD 4000",316 Adelaide St,Brisbane City,QLD,4000
ACMI East Perth,Level 2 150-152 Adelaide Tce,EAST PERTH,WA,6004
"Units 1 & 2, 33 Archer Street CARLISLE WA 6101 Australia",33 Archer St,CARLISLE,WA,6101
Trinity Anglican College - Albury,421 Elizabeth Mitchell Drive,THURGOONA,NSW,2640
"29 Mustang Road, Jandakot Western Australia 6164",28 Mustang Rd,JANDAKOT,WA,6164
Lindisfarne Anglican Grammar School,Mahers Lane,TERRANORA,NSW,2486
"Lindisfarne Anglican Grammar School, Junior School",Sunshine Avenue,TWEED HEADS,NSW,2486
55 Queenscroft St CHELMER QLD 4068,55 Queenscroft St,CHELMER,QLD,4068
Aligning Health Retreat & Day Spa,Lot 5 Lynch Lane Axedale,BENDIGO,VIC,3550
Brisbane Technology Park,3 Clunies Ross Ct,Eigh Mile Plains,QLD,4113
City Campus,Level 7 245 Castlereagh St,SYDNEY,NSW,2000
61 Jerrabomberra Ave NARRABUNDAH ACT 2604,61 Jerrabomberra Ave,NARRABUNDAH,ACT,2604
"56 Robinson St, Dandenong Street  VIC 3175",56 Robinson St,Dandernong,VIC,3175
Oakleigh - Campus,1A Palmerston Gr,Oakleigh,VIC,3166
Adelaide CBD,Level 4 118 King William St,ADELAIDE,SA,5000
Level 2 The Crescent Homebush NSW 2140,"Level 2, 2140 - 29 The Crescent",HOMEBUSH,NSW,2140
Melbourne CBD,Level 10 108 Lonsdale St,MELBOURNE,VIC,3000
MURARRIE,Unit 2 20 Smallwood Pl,MURARRIE,QLD,4172
Sydney CBD,16-22 Wentworth Ave,SURRY HILLS,NSW,2010
"Unit 2, 148 Brunswick, Fortitude Valley QLD 4006",148 Brunswick St,FORTITUDE VALLEY,QLD,4006
"21 Regent Street, Redfern NSW 2016",21 Regent Street,Redfern,NSW,2016
"2-3 Printers Place, Darwin City",2-3 Printers Place,Darwin,NT,800
"Level 2, 63 Oxford St, Darlinghurst NSW 2010","Level 2, 63 Oxford St",Darlinghurst,NSW,2010
"Level 5, 399 Lonsdale Street, Melbourne VIC 3000","Level 5, 399 Lonsdale Street",Melbourne,VIC,3000
Elizabeth Street,"Level 8, 140 Elizabeth St",Sydney,NSW,2000
"73 Scarborough Street Southport, Queensland 4215",73 Scarborough St,Southport,QLD,4215
"Level 1, 1 Short Street, Southport, Queensland 4215",1 Short St,Southport,QLD,4215
St Maroun's College,194 Wardell Road,Dulwich Hill,NSW,2203
Building C - 60 Belfast St BROADMEADOWS VIC 3047,Building C - 60 Belfast St,BROADMEADOWS,VIC,3047
"Ground Floor, 62 Astor Tce Spring Hill QLD 4000","Ground Floor, 62 Astor Tce",SPRING HILL,QLD,4000
"Suite 1, Tenancy C8 - 61 Riggall St Broadmeadows VIC 3047","Suite 1, Tenancy C8 - 61 Riggall St",Broadmeadows,VIC,3047
"Suite 2/61 Riggal St, Broadmeadows",Suite 2/61 Riggal St,Broadmeadows,VIC,3047
Workshop,61 Riggall St,BROADMEADOWS,VIC,3047
"Innovations House, 50 Mawson Lakes Blvd, Mawson Lakes SA 5095",50 Mawson Lakes Blvd,Mawson Lakes,SA,5095
"Factory 11, 20 Duerdin Street, Clayton Victoria 3168",20 Duerdin St,CLAYTON,VIC,3168
"Level 2, 382 Lonsdale Street Melbourne Victoria 3000",382 Lonsdale St,MELBOURNE,VIC,3000
1 Nerang St SOUTHPORT QLD 4215,1 Nerang Street,Southport,QLD,4215
Brisbane City - Level 4 102 Adelaide St BRISBANE CITY QLD 4000,Level 4 102 Adelaide St,BRISBANE,QLD,4000
"Brisbane City 2 - Level 5, 316 Adelaide Street, Brisbane City","Level 5, 316 Adelaide Street",Brisbane,QLD,4000
CB at UTAS Sandy Bay Campus - 12 French St SANDY BAY TAS 7005,12 French St,Sandy Bay,TAS,7005
"Kaplan Building - Level 4, 369 Ann Street, Brisbane City","Kaplan Building - Level 4, 369 Ann Street",Brisbane,QLD,4000
"Mezzanine 406 Collins Street, Melbourne",313 Flinders Lane,MELBOURNE,VIC,3000
"196E Forest Rd. Hurstville, NSW 2220",196E Forest Rd,HURSTVILLE,NSW,2220
Sussex Street Campus,269 Sussex St,SYDNEY,NSW,2000
York St Campus,56-58 York St,SYDNEY,NSW,2000
"Surry Hills - Lvl 3, 84-86 Mary Street","Lvl 3, 84-86 Mary Street",Surry Hills,NSW,2010
TBS Head Office-Campsie,Suite 4 59-63 Evaline St,CAMPSIE,NSW,2194
Unit 3 Level 3 191-199 Thomas St HAYMARKET NSW,Level 3 191-199 Thomas St,HAYMARKET,NSW,2000
Cambridge English College - 9 Montgomery St KOGARAH NSW 2217,9 Montgomery St,KOGARAH,NSW,2217
Manly NSW - 17 Sydney Rd MANLY NSW 2095,17 Sydney Road,MANLY,NSW,2095
Hobart Campus - Murray St,73-81 Murray St,Hobart,TAS,7000
Melbourne Campus - Elizabeth St,Level 5/ 440 Elizabeth St,MELBOURNE,VIC,3000
Melbourne Campus - Lonsdale St,213 Lonsdale St,Melbourne,VIC,3000
Church St,"Suit 202, Level 2 - 118 Church St",PARRAMATTA,NSW,2150
Surry Hills Campus,Unit 403 410 Elizabeth St,SURRY HILLS,NSW,2010
Melbourne Campus - Level 1 341 Queen St MELBOURNE VIC 3000,Level 1 341 Queen St,MELBOURNE,VIC,3000
"Shop 1, 15-17 Blaxland Road, Rhodes NSW 2138","Shop 1, 15-17 Blaxland Rd",Rhodes,NSW,2138
Sydney City Campus - 48 Oxford St DARLINGHURST NSW 2010,48 Oxford St DARLINGHURST NSW,DARLINGHURST,NSW,2010
AURECON,15 Barry Drive,TURNER,ACT,2612
Melbourne Campus - Level 3 341 Queen St MELBOURNE VIC 3000,Level 3 341 Queen St,MELBOURNE,VIC,3000
94-96 Foster Street Dandenong VIC 3175,94-96 Foster Street,Dandenong,VIC,3175
"Level 14, 233 Castlereagh Street",Level 14/233 Castlereagh Street,Sydney,NSW,2000
"Levels 3 and 4, 11-13 Aird Street, Parramatta NSW 2150","Level 3 and 4, 11-13 Aird Street",Parramatta,NSW,2150
1C Grand Avenue Camellia NSW 2142,1C Grand Ave,CAMELLIA,NSW,2142
Level 7 Parramatta,Level 7 16-18 Wentworth St,PARRAMATTA,NSW,2150
Level 8 85 Queen St MELBOURNE VIC 3000,Level 8 85 Queen S,MELBOURNE,VIC,3000
Levels 1 & 2 16-18 Wentworth Street PARRAMATTA NSW 2150,16 Wentworth St,PARRAMATTA,NSW,2150
Tasmania Campus - 116 Bathurst St HOBART TAS 7000,116 Bathurst St,Hobart,TAS,7000
"Unit 2 17 Brennan Way BELMONT, Western Australa 6104",17 Brennan Way,BELMONT,WA,6104
Campbell Institute - Parramatta Campus - 43-45 Marion St,43-45 Marion St,PARRAMATTA,NSW,2150
CAMPBELL INSTITUTE GRANVILLE - 16 Good St,16 Good St,GRANVILLE,NSW,2142
107 Miles Platting Rd EIGHT MILE PLAINS QLD 4113,107 Miles Platting Rd,EIGHT MILE PLAINS,QLD,4113
"Suite 1, Level 4, 28-36 Foveaux Street Surry Hills 2010",Suite 1 Level 4 28-36 Foveaux Street,Surry Hills,NSW,2010
"Suite 1, Level 4, 28-36 Foveaux Street Surry Hills, NSW 2010","Suite 1, Level 4, 28-36 Foveaux Street",Surry Hills,NSW,2010
"3431 Pacific Hwy, Slacks Creek QLD 4127",3431 Pacific Hwy,Slacks Creek,QLD,4127
"74 Walters Drive, Osborne Park, WA 6017",74 Walters Drive,Osborne Park,WA,6017
"Levels 1, 2, 5 451 Pitt Street, Haymarket, Sydney 2000",451 Pitt Street,Sydney,NSW,2000
"Tenancy 2, Level 5, 440 Elizabeth Street, Melbourne, VIC 3000",Tenancy 2,Melbourne,VIC,3000
"Level 1, 399 Lonsdale St, Melbourne VIC 3000","Level 1, 399 Lonsdale Street",Melbourne,VIC,3000
Sydney Metropolitan English Institute - 432 Kent St,432 Kent St,SYDNEY,NSW,2000
"Level 9, 140 Elizabeth Street, Sydney NSW 2000","Level 9, 140 Elizabeth Street",Sydney,NSW,2000
Levels 3 and 4/131 Queen Street,Levels 3 and 4/131 Queen Street,Melbourne,VIC,3000
Reddam House Bondi Campus,56 Mitchell Street,North Bondi,NSW,2026
Reddam House Woollahra,70-78 Edgecliff Road,Woollahra,NSW,2025
Level 1 67 Jeffcott St WEST MELBOURNE VIC 3003,Level 1 67 Jeffcott St,WEST MELBOURNE,VIC,3000
"Level 3, 220 Albert Road, South Melbourne 3205",Unit 1 39 Cromwell Street,GLENROY,VIC,3046
"Site 701, Aerodrome Road, Camden Airport, Cobbitty, New South Wales, 2570",160 Virgil Ave,CHESTER HILL,NSW,2162
Liverpool Street,"Level 5, 127 Liverpool Street, Sydney",SYDNEY,NSW,2000
5 Burwood Highway,5 Burwood Highway,Wantirna,VIC,3152
Worldview Centre for Intercultural Studies - 41 Station Rd ST LEONARDS TAS 7250 Australia,41 Station Rd Street,LEONARDS,TAS,7250
"Level 1, 126 Charles Street Launceston Tasmania 7250",126 Charles Street,LAUNCESTON,TAS,7250
Level 5 234-250 Collins St MELBOURNE VIC 3000,Level 5 234-250 Collins St,MELBOURNE,VIC,3000
"Glenhill College - Level 5, 136 Chalmers St Surry Hills NSW 2010","Level 5, 136 Chalmers St",Surry Hills,NSW,2010
Unit 15 334-354 Albany Highway Victoria Park WA 6100,Unit 15 334-354 Albany Highway,Victoria Park,WA,6100
Footscray,Shop 1 79 Paisley St,FOOTSCRAY,VIC,3011
Level 6 90 King William Street Adelaide SA 5000,Level 6 90 King William Street,Adelaide,SA,5000
The Crescent,Level 1 29 The Crescent,Homebush,NSW,2140
Astral Parramatta Campus,Unit 513 175 Church St,PARRAMATTA,NSW,2150
Burwood Campus,7 Deane St,BURWOOD,NSW,2134
Kogarah Campus and kitchen,11 O'Keefes Lane,KOGARAH,NSW,2217
"Level 6 138 Queen Street, CAMPBELLTOWN,NSW 2560",Level 6 138 Queen Street,CAMPBELLTOWN,NSW,2560
Parramatta Campus,Level 9 79 George St,PARRAMATTA,NSW,2150
8 Chandler Street,8 Chandler Street,BELCONNEN,ACT,2617
"Lvl 6, 8-24 Kippax St SURRY HILLS NSW 2010",8-24 Kippax Street,SURRY HILLS,NSW,2010
Offsite Kitchen - Training Facility - 8 Greenfield Pde BANKSTOWN NSW 2200,8 Greenfield Pde,BANKSTOWN,NSW,2200
Sydney Campus - Level 6 128 Chalmers St SURRY HILLS NSW 2010,8 Greenfield Pde,BANKSTOWN,NSW,2200
Hills International College (Jimboomba),105-111 Johanna Street,JIMBOOMBA,QLD,4280
258 Richmond Hill Rd Richmond Hill 2480,258 Richmond Hill Rd,Richmond Hill 2480,VIC,2480
"Suite 2 Level 7, 56 Railway Parade Burwood 2134",71 Jillian Road,Diamond Valley,QLD,4553
City Campus - Level 5 162-166 Goulburn St SURRY HILLS NSW 2010,Level 5 162-166 Goulburn St,SURRY HILLS,NSW,2010
Toowoomba Campus,40A Neil St,TOOWOOMBA CITY,QLD,4350
Unit 3C Level 3 40 Raymond St BANKSTOWN NSW 2200,Unit 3C Level 3 40 Raymond Street,BANKSTOWN,NSW,2200
Burwood Campus - 14 Railway Pde BURWOOD NSW 2134,14 Railway Pde,BURWOOD,NSW,2134
Homebush,"Level 2, 29 The Crescent",Homebush,NSW,2140
"Level 4, 1-3 Fitzwilliam Street, Parramatta, NSW 2150",Level 2 55-59 Regent Street,Chippendale,NSW,2008
"Level 7, 399 Lonsdale Street, Melbourne, VIC 3000",Level 2 55-59 Regent Street,Chippendale,NSW,2008
"Level 3, 695-699 George Street, Haymarket NSW 2000","Level 3, 695-699",Haymarket,NSW,2000
"Level 7, 75 King Street - Sydney","Level 7, 75 King Street",Sydney,NSW,2000
CSB Parramatta Campus,Level 4 79 George St,PARRAMATTA,NSW,2150
Mount Alvernia College,82 Cremorne Road,KEDRON,QLD,4031
"76-86 North Rd, AVONDALE HEIGHTS VIC 3034",76-86 North Rd,AVONDALE HEIGHTS,VIC,3034
Level 10 474 Flinders St MELBOURNE VIC 3000,Level 10 474 Flinders St,MELBOURNE,VIC,3000
108 JOHNSTON ST CAMPUS,Unit 1 108 Johnston St,Collingwood,VIC,3066
46-48 Islington st,46-48 Islington St,COLLINGWOOD,VIC,3066
84-86 Mary St SURRY HILLS NSW 2010,Level 8 80 George Street,Parramatta,NSW,2150
Oxford Creative Academy Pty Ltd - 38 Oxford St DARLINGHURST NSW 2010,38 Oxford St,DARLINGHURST,NSW,2010
Level 3 220 Albert Road South Melbourne VIC 3205,Level 3 220 Albert Rd,SOUTH MELBOURNE,VIC,3205
Sydney - 224-238 George St LIVERPOOL NSW,224-238 George St,Liverpool,NSW,2170
Acacia Broadmeadows,80 Blair St,BROADMEADOWS,VIC,3047
Acacia Perth,Level 4 3-5 Bennett St,EAST PERTH,WA,6004
Acacia South Melbourne,Level 1 220 Albert Rd,SOUTH MELBOURNE,VIC,3205
FAL Sydney,Suite 1901,Sydney,NSW,2000
Head Office,"Level 3, 252 Lygon St",CARLTON,VIC,3053
"Level 11, 190 Queen Street, Melbourne, VIC 3000",Level 11 190 Queen St,MELBOURNE,VIC,3000
"15 Moore Street, Canberra ACT 2601",15 Moore St,CANBERRA,ACT,2601
"Level 8, 474 Flinders Street","Level 8, 474 Flinders Street",MELBOURNE,VIC,3000
"338 Queen Street Ground Floor and Levels 1, 2 & 3","338 Queen Street Ground Floor and Levels 1, 2 & 3",Melbourne,VIC,3000
Sydney Campus,55 Pyrmont Bridge Rd,PYRMONT,NSW,2009
Unit 1 Level 2 15 Barry Dr TURNER ACT,Unit 1 Level 2 15 Barry Dr,TURNER,ACT,2612
"Level 4, 213 Lonsdale St Melbourne VIC 3000",Level 4 213 Lonsdale St,MELBOURNE,VIC,3000
"Suite 2, L13 190 Queen Street, Melbourne 3000",Suite 2 Level 13 190 Queen St,MELBOURNE,VIC,3000
"Ground Floor, Unit 1 and 2 - 19 Watt St GOSFORD NSW 2250","Ground Floor, Unit 1 and 2 - 19 Watt St",GOSFORD,NSW,2250
"Level 1, 507 Princes Highway Rockdale NSW 2216","Level 1, 507 Princes Highway",ROCKDALE,NSW,2216
"Shop 5, 131-137 - Unit 5 135 Henry Parry Dr GOSFORD","Shop 5, 131-137 - Unit 5 135 Henry Parry Dr",GOSFORD,NSW,2250
Suite 3 633 Princes Hwy ROCKDALE NSW 2216,Suite 3 633 Princes Hwy,ROCKDALE,NSW,2216
Brisbane,Ground Floor,Brisbane City,QLD,4000
Gold Coast,62 Appel Street,Surfers Paradise,QLD,4217
45 Grenfell St ADELAIDE SA 5000 Australia,45 Grenfell St,ADELAIDE,SA,5000
STC Ann Street Brisbane,Suite 1 Level 1 345 Ann St,Brsbane,QLD,4000
"322 Liverpool Street, West Hobart TAS 7000",46 Edward St,SUMMER HILL,NSW,2130
"46 Edward Street, Summer Hill, NSW 2130",46 Edward St,SUMMER HILL,NSW,2130
CIC Melbourne CBD - Level 1 158 Swanston St MELBOURNE VIC 3000,Level 1 158 Swanston St,MELBOURNE,VIC,3000
Darwin Campus,Level 3,Darwin City,NT,800
Darwin Campus - 25 Cavenagh St DARWIN CITY NT 0800,25 Cavenagh St,Darwin City,NT,800
"Suite 1, Level 2 17-21 Macquarie Street, Parramatta NSW 2150 Australia",Suite 1 Level 2 17-21 Macquarie St,PARRAMATTA,NSW,2150
"227 Bell Street, Preston, Vic 3072",300 Argyle Street,North Hobart,TAS,7000
Mervic - VIC,229 Broadway,RESERVOIR,VIC,3073
Suite 506 7 Jeffcott Street West Melbourne Victoria,7 Jeffcott St,WEST MELBOURNE,VIC,3003
53 Dryburgh Street WEST MELBOURNE VIC,53 Dryburgh St,WEST MELBOURNE,VIC,3003
69 Osborne Ave SPRINGVALE VIC 3171,69 Osborne Ave,SPRINGVALE,VIC,3171
"Kitchen 6, Ground Floor/ 372 Spencer Street, West Melbourne Vic 3003","Kitchen 6, Ground Floor/ 372 Spencer Street",West Melbourne,VIC,3003
"Suite 5.03 Level 5, 440 Elizabeth Street, MELBOURNE, 3000","Suite 5.03 Level 5, 440 Elizabeth Street",MELBOURNE,VIC,3000
City Language Institute Pty Ltd,Suite 303 Level 3 343 Little Collins St,Melbourne,VIC,3000
CLC Adelaide,Level 7 118 King William St,ADELAIDE,SA,5000
"Level 3, 440 Elizabeth Street Melbourne 3000",Level 3 - 440 Elizabeth Street,Melbourne,VIC,3000
"Level1 3/66-68 Main Street, Pakenham, Victoria, 3810",Level 1,Pakenham,VIC,3810
Level 3 377 Little Lonsdale Street MELBOURNE VIC 3000,Level 3 377,Little Lonsdale,VIC,3000
"Ground Floor, 191-195 Ryrie St, GEELONG VIC 3220","Ground Floor, 191-195 Ryrie St, GEELONG VIC 3220",GEELONG,VIC,3220
"Level 5, 102 Adelaide Street","Level 5, 102 Adelaide Street",Brisbane,QLD,4000
"Level 1, 35 The Seven Ways, Rockdale","Level 1, 35 The Seven Ways",Rockdale,NSW,2216
MELBOURNE - Level 11 343 Little Collins St,Level 11 343 Little Collins St,Melbourne,VIC,3000
Suite 2 - SMI - Level 3 251 Adelaide Tce PERTH WA 6000,Level 3 251 Adelaide Tce,Perth,WA,6000
Level 1 303 Pitt Street SYDNEY NSW 2000,Level 1 303 Pitt Street,SYDNEY,NSW,2000
11 Truganina Road MALAGA,15B Cabell Street,YOKINE,WA,6060
66 Canning Hwy VICTORIA PARK WA 6100,15B Cabell Street,YOKINE,WA,6060
"99-101 Corio Street, GEELONG VIC 3220",Level 1 140 Moorabool Street,GEELONG,VIC,3220
Gordon St Classroom,"Suite 4, 149 Gordon St,",Port Macquarie,NSW,2444
Hobart Campus - 132-146 Elizabeth St HOBART TAS 7000,132-146 Elizabeth Street,HOBART,TAS,7000
Melbourne Campus,Level 1 620 Bourke St,MELBOURNE,VIC,3000
"Reach Sydney Campus - Level 2, 8 Quay St, HAYMARKET NSW 2000",Level 2,HAYMARKET,NSW,2000
Carlton Campus,252 Lygon St,CARLTON,VIC,3053
Suite 2 Level 6 190 Queen Street MELBOURNE VIC 3000,Suite 2 Level 6 190 Queen Street,MELBOURNE,VIC,3000
"432 - 434 Kent Street, Sydney, NSW 2000",Suite 301303,Sydney,NSW,2000
212A Liverpool Street HOBART TASMANIA 7000,212A Liverpool Street,HOBART,TAS,7000
Commercial Kitchen - 101 Wilmot Road HUONVILLE TAS 7109 Australia,101 Wilmot Road,HUONVILLE,TAS,7109
Melbourne Campus,Suite 1 Level 10 601 Bourke St,MELBOURNE,VIC,3000
"Level 6, 191 Thomas Street Haymarket",Level 6,Haymarket,NSW,2000
"Level 1, 62 Robinson Street","Level 1, 62 Robinson Street",Dandenong,VIC,3175
234 Pier Street,234 Pier Street,PERTH,WA,6000
"11 Darnick Street, Underwood QLD 4119",11 Darnick Street,Underwood,QLD,4119
195 Champion Road Williamstown North VIC 3016,195 Champion Road,Williamstown North,VIC,3016
BENDIGO,13 York St,EAGLEHAWK,VIC,3556
DANDENONG,33 Cheltenham Rd,DANDENONG,VIC,3175
TOTTENHAM,Unit 2 100 Olympia St,TOTTENHAM,VIC,3012
Unit 4 19-23 Paramount Rd WEST FOOTSCRAY VIC 3012,Unit 4 19-23 Paramount Road,WEST FOOTSCRAY,VIC,3012
18-24 Northern Ave MOORABBIN AIRPORT VIC 3194,18-24 Northern Avenue,MOORABBIN AIRPORT,VIC,3194
Suite 2 Level 7 190 Queen St MELBOURNE VIC 3000,Suite 2 Level 7 190 Queen Street,Melbourne,VIC,3000
Swanston Street Campus - Level 4 55 Swanston St Melbourne Vic,Level 4,Melbourne,VIC,3000
22 St Kilda Road,22 St Kilda Road,ST KILDA,VIC,3182
"13 Nerang Street, Southport  QLD  4215",13 Nerang Street,Southport,QLD,4215
"46 Thorn Street, Kangaroo Point  QLD  4169",46 Thorn Street,Kangaroo Point,QLD,4169
"Gold Coast Shafston - 72 Nerang Street, Southport QLD 4215",Gold Coast Shafston,SOUTHPORT,QLD,4215
Shafston Gold Coast,13-15 Short St,SOUTHPORT,QLD,4215
"Shafston Sydney Campus - Level 24, 233 Castlereagh St Sydney NSW 2000","Level 24, 233 Castlereagh St",Sydney,NSW,2000
Melbourne Campus,Level 1 55 Swanston St,MELBOURNE,VIC,3000
"Suite 2, Level 6, 68 Grenfell Street ADELAIDE SA 5000","Suite 1, Level 6, 68 Grenfell Street",ADELAIDE,SA,5000
Old Nakara Shopping Centre,8 Nakara Place,Nakara,NT,810
"Engineering Workshop - Factory 12, 14-16 Hogan Ct Pakenham VIC 3810",Factory 12,Pakenham,VIC,3810
Factory 16 14-16 Hogan Ct PAKENHAM VIC 3810,Factory 16 14-16 Hogan Ct,PAKENHAM,VIC,3810
Factory 16 14-16 Hogan Ct PAKENHAM VIC 3810,Factory 16 14-16 Hogan Ct,PAKENHAM,VIC,3810
North Melbourne Campus - 15-17 Racecourse Rd NORTH MELBOURNE VIC 3051,15-17 Racecourse Rd,NORTH MELBOURNE,VIC,3051
"Unit 4, 70 Main Street PAKENHAM VIC 3810","Unit 4, 70 Main Street",PAKENHAM,VIC,3810
Unit 1 25 Randall St SLACKS CREEK,Unit 1 25 Randall Street,Slacks Creek,QLD,4127
Head Office,Suite 2 170 Wellington St,EAST PERTH,WA,6004
"66 Townshend Street, PHILLIP ACT 2606",66 Townshend Street,PHILLIP,ACT,2606
Sydney Campus - Elizabeth ST. - Level 6 140 Elizabeth St SYDNEY NSW 2000,Level 6 140 Elizabeth,SYDNEY,NSW,2000
Units 14 & 15 Norton Street,"Units 14 & 15, 23 Norton Street",LEICHHARDT,NSW,2040
Cairns City Centre Campus - Grafton St,41-43 Grafton St,Cairns City,QLD,4870
Fitness First - 20 Bond St SYDNEY NSW,20 Bond St,SYDNEY,NSW,2000
GFC Parramatta - 93 Fennell St NORTH PARRAMATTA NSW,93 Fennell St,NORTH PARRAMATTA,NSW,2151
"Gold Coast Southport Campus  Uni Fitness, The Link (G07) Griffith University Southport QLD 4222",Gold Coast Southport Campus,Southport,QLD,4222
Goodlife - 111 Cecil St SOUTH MELBOURNE VIC,111 Cecil St,SOUTH MELBOURNE,VIC,3205
Goodlife - 16 Graham Rd CARSELDINE QLD,16 Graham Rd,CARSELDINE,QLD,4034
HOBART AQUATIC - 2 Davies Ave HOBART TAS,2 Davies Ave,HOBART,TAS,7000
Maroochydore - Shop 8 102 Wises Road Buderim QLD 4556,8 102 Wises Road,Maroochydore,QLD,4558
Level 3 251 Adelaide Tce PERTH WA 6000,Level 3 251 Adelaide Tce,PERTH,WA,6000
"T35, First Floor, North Adelaide Shopping Centre, 61-83 O'Connell Street NORTH ADELAIDE","T35, First Floor, North Adelaide Shopping Centre",NORTH ADELAIDE,SA,5006
38 Woods St Darwin,38 Woods St,Darwin,NT,800
GTNT,38 Woods St,DARWIN,NT,800
Loreto Normanhurst,91-93 Pennant Hills Road,Normanhurst,NSW,2076
"269 Wickham Street, Fortitude Valley QLD 4006",269 Wickham Street,Fortitude Valley,QLD,4006
"Parramatta campus, Level 4, 1-3 Fitzwilliam Street","Level 4, 1-3 Fitzwilliam Street",Parramatta,NSW,2150
Level 2 379 Hay Street Perth,Level 2 379 Hay Street,Perth,WA,6000
Level 3 379 Hay St PERTH WA 6000,Level 3 379 Hay St,Perth,WA,6000
42B Synnot Street,42B Synnot Street,Werribee,VIC,3030
Melbourne city campus,Suite 2 Level 1 333 Queen St,MELBOURNE,VIC,3000
Outer Northern Trade Training Centre (ONTTC),405 High St,LALOR,VIC,3075
Level 1 & 2 Little Collins Street Melbourne,Level 1 & 2 Little Collins Street,Melbourne,VIC,3000
"460 - 492 Beaudesert Road, SALISBURY QLD 4107",460 - 492 Beaudesert Road,Sailsbury,QLD,4107
Southport Campus,15 Bay St,SOUTHPORT,QLD,4215
"591 Sydney Rd, Coburg, Vic",591 Sydney Rd,Coburg,VIC,3058
Canberra Campus,"Office 4, 15 Moore Street",Canberra,ACT,2601
Camellia Campus,Level 1 1C Grand Ave,CAMELLIA,NSW,2142
406 Collins St MELBOURNE VIC 3000 Australia,Level 4 406 Collins St,Melbourne,VIC,3000
Lonsdale Street Campus,Suite 2 Level 3 398 Lonsdale St,MELBOURNE,VIC,3000
"Level 1, 12-14 Wentworth Street, PARRAMATTA NSW 2150","Level 1, 12-14 Wentworth Street",PARRAMATTA,NSW,2150
Sydney Campus - Ground floor 12-14 Wentworth St PARRAMATTA NSW 2150,12-14 Wentworth St,PARRAMATTA,NSW,2150
Pakenham Campus - Unit 2 66-68 Main St PAKENHAM VIC 3810,Unit 2 66-68 Main Street,PAKENHAM,VIC,3810
34 Old Cleveland Rd STONES CORNER QLD 4120,34 Old Cleveland Rd,STONES CORNER,QLD,4120
Level 1 Dowie House,Level 1 Dowie House,Adelaide,SA,5000
Cairns Campus -58-70 Lake St CAIRNS CITY QLD 4870,58-70 Lake St,Cairns City,QLD,4870
"City Campus - Level 1, 175 Liverpool St Sydney NSW 2000","Level 1, 175 Liverpool St",Sydney,NSW,2000
"Level 3, 20-22 Macquarie Street, PARRAMATTA NSW 2150","Level 3, 20-22 Macquarie Street",PARRAMATTA,NSW,2150
Wollongong Campus,Level 5 325 Crown Street,Wollongong,NSW,2500
Unit 2 19 Kent Way MALAGA WA 6090,Unit 2 19 Kent Way,MALAGA,WA,6090
Level 3 123 Lonsdale Street MELBOURNE VIC 3000,Level 3 123 Lonsdale Street,MELBOURNE,VIC,3000
11/204 Beaudesert Road MOOROOKA QLD4105,11/204 Beaudesert Road,MOOROOKA,QLD,4105
Melbourne,Level 4 20 Queen St,MELBOURNE,VIC,3000
Pakenham - 29 James St PAKENHAM VIC 3810 Australia,29 James Street,PAKENHAM,VIC,3810
Gladstone St South Melbourne,176 Gladstone St,South Melbourne,VIC,3205
Miller St,120 Miller St,WEST MELBOURNE,VIC,3003
Unit 19 2-14 Station Pl,Unit 19 2-14 Station Pl,Werribee,VIC,3030
Burwood Campus,14 Railway Pde,BURWOOD,NSW,2134
King Street,263 King St,MASCOT,NSW,2020
Adelaide Campus,62 Gawler Pl,ADELAIDE,SA,5000
Burwood Campus,14 Railway Pde,BURWOOD,NSW,2134
Young St. Campus,19 Young Street,ADELAIDE,SA,5000
EQUINIM COLLEGE BRISBANE,266 Brunswick Street,Fortitude Valley,QLD,4006
EQUINIM COLLEGE NORTH SYDNEY,Level 2,North Sydney,NSW,2060
EQUINIM COLLEGE NORTHBRIDGE PERTH,102 James Street,Northbridge,WA,6003
"St Josephs College, 33 Barina Downs Road NORWEST NSW 2153",1584-1600 Canterbury Road,PUNCHBOWL,NSW,2196
ILLOURA College - 113 Wharf St CANNINGTON WA 6107,113 Wharf St,CANNINGTON,WA,6107
"Unit 131, 131 Harold Street HIGHGATE WA 6003","Unit 131, 131 Harold Street",HIGHGATE,WA,6003
31/70-74 Phillip St PARRAMATTA NSW 2150,70-74 Phillip Street,PARRAMATTA,NSW,2150
AHHI PARRAMATTA,87 Fennell St,NORTH PARRAMATTA,NSW,2151
SCA -MULGRAVE,168 Mulgrave Rd,MULGRAVE,NSW,2765
Adelaide Tce,Level 3 251 Adelaide Tce,Perth,WA,6000
Wisdom Sydney - Level 1 133-135 Oxford St BONDI JUNCTION NSW 2022,Level 1 133-135 Oxford Street,BONDI JUNCTION,NSW,2022
"Auto Care Centre - 230 Railway Parade, Cannington WA 6107",Auto Care Centre - 230 Railway Parade,Cannington,WA,6107
Level 1 150-152 Adelaide Tce,Level 1 150-152 Adelaide Tce,East Perth,WA,6004
Level 6 245 Castlereagh Street SYDNEY NSW 2000,Level 6 245 Castlereagh Street,SYDNEY,NSW,2000
"Shop 9, 283-285 Windsor St Richmond","Shop 9, 283-285 Windsor St",Richmond,NSW,2753
Suite 2 Level 15 190 Queen St MELBOURNE VIC 3000,Suite 2 Level 15 190 Queen St,MELBOURNE,VIC,3000
9 Bay St SOUTHPORT QLD,9 Bay St,SOUTHPORT,QLD,4215
"Sydney Campus - Level 4, 1 Fitzwilliam St","Level 4, 1 Fitzwilliam St",PARRAMATTA,NSW,2150
Sydney Campus - Level 6 16-18 Wentworth St,Level 6 16-18 Wentworth St,PARRAMATTA,NSW,2150
Murry St Hobart,73-81 Murray St,Hobart,TAS,7000
NSW campus,99 Wattle St,PUNCHBOWL,NSW,2196
Level 8 118 Queens St,Level 8 500 Collins St,Melbourne,VIC,3000
Level 1 382 Lonsdale Street MELBOURNE VIC 3000,Level 1 382 Lonsdale Street,MELBOURNE,VIC,3000
Spencer Street Campus,372 Spencer St,WEST MELBOURNE,VIC,3003
Level 4 20 Queen St MELBOURNE VIC 3000,Level 4 20 Queen St,MELBOURNE,VIC,3000
Level 1 - 269 Church St PARRAMATTA NSW 2150,269 Church St,PARRAMATTA,NSW,2150
Surry Hills Campus - 10 Wentworth Ave Surry Hills NSW 2010,10 Wentworth Ave,Surry Hills,NSW,2010
Gosford Campus - Mann Street,Unit 5 153 Mann Street,Gosford,NSW,2250
Unit 310 22-36 Mountain Street ULTIMO NSW 2007,Unit 310 22-36 Mountain Street,ULTIMO,NSW,2007
"Apex Higher Education, Office 5, 2 Sorrell Street",Apex Higher Education,Parramatta,NSW,2150
"Level 7, 123 Lonsdale St, Melbourne VIC 3000","Level 7, 123 Lonsdale St",Melbourne,VIC,3000
Brunswick Campus - 103-105 Evans St Brunswick VIC 3056,103-105 Evans St,Brunswick,VIC,3056
Collingwood Campus,147 Islington Street,COLLINGWOOD,VIC,3066
Victoria Street,367 Victoria Street,Abbotsford,VIC,3067
Pirie Street Campus,Suite 2 Level 5,ADELAIDE,SA,5000
Harris Street Ultimo,Level 6 579 Harris St,Ultimo,NSW,2007
Level 1 12 Butler Rd HURSTVILLE NSW,Level 1 12 Butler Rd,HURSTVILLE,NSW,2220
Level 1 56-58 York Street,Level 1 56-58 York Street,Sydney,NSW,2000
"17-19 Lexington Dr, Bella Vista, NSW, 2153",17-19 Lexington Dr,Bella Vista,NSW,2153
"Level 2, 73-81 Murray St, Hobart TAS",73 - 81 Murray Street,Hobart,TAS,7000
40 Grey St CLARENCE TOWN NSW 2321,40 Grey Street,Clarence Town,NSW,2321
Newcastle Campus,580 Hunter St,NEWCASTLE WEST,NSW,2302
"Unit 211 111 Overton Road, WILLIAMS LANDING VIC 3027",Unit 211 111 Overton Road,WILLIAMS LANDING,VIC,3027
54-58 Brookes St BOWEN HILLS QLD,54-58 Brookes St,BOWEN HILLS,QLD,4006
"78 Currie St, Adelaide SA 5000",78 Currie St,Adelaide,SA,5000
"Level 10 WEST, 50 Grenfell St, Adelaide SA 5000","Level 10 WEST, 50 Grenfell St",Adelaide,SA,5000
11-17 Jeffcott Street WEST MELBOURNE VIC 3003,11-17 Jeffcott Street,WEST MELBOURNE,VIC,3003
Footscray Campus,138 Nicholson St,FOOTSCRAY,VIC,3011
Adelaide Campus - Unit 11 Level 4 117 King William St ADELAIDE SA 5000,Unit 11 Level 4 117 King William St,Adelaide,SA,5000
Cairns Campus - 58-70 Lake St CAIRNS CITY QLD 4870,58-70 Lake St,CAIRNS CITY,QLD,4870
"Level 2 160 Edward Street, Brisbane QLD 4000",Level 3 160 Edward Street,Brisbane,QLD,4000
500 Spencer Street WEST MELBOURNE VIC 3003,500 Spencer St,WEST MELBOURNE,VIC,3003
"Unit 16D Level 1 77-79 Ashley Street, BRAYBROOK VIC",Unit 16D Level 1 77-79 Ashley Street,BAYBROOK,VIC,3019
Elizabeth Street,"Level 7, 440 Elizabeth Street",Melbourne,VIC,3000
CBD Campus,"Shop 4 & 5, 108 Bourke St",Melbourne,VIC,3000
"Office 9 Level 1 100 Overton Rd, Williams Landing VIC",Office 9 Level 1 100 Overton Rd,Williams Landing,VIC,3027
SIT main,19 Radnor Dr,DEER PARK,VIC,3023
"33 Barina Downs Rd, NORWEST NSW",33 Barina Downs Rd,Norwest,NSW,2153
AICSE - Elizabeth St,140 Elizabeth St,SYDNEY,NSW,2000
AICSE International - Room 2 269 Bigge St LIVERPOOL NSW 2170,"Room 2, 269 Bigge Street",LIVERPOOL,NSW,2170
33 Mountain St NSW,33 Mountain St,Ultimo,NSW,2007
49 Phillip Ave ACT,Canberra Technology Park,Watson,ACT,2602
73 Sarton Rd CLAYTON VIC 3168,73 Sarton Rd,CLAYTON,VIC,3168
Level 2 66 Spit Rd MOSMAN NSW 2088,Level 2 66 Spit Rd,MOSMAN,NSW,2088
VIC Adelaide,Unit 2 Level 2 117 King William St,ADELAIDE,SA,5000
VIC Brisbane Campus - Ground Floor 433 Boundary St SPRING HILL QLD 4000,Ground Floor 433 Boundary St,Spring Hill,QLD,4000
VIC Gold Coast,13 Nerang St,SOUTHPORT,QLD,4215
"Level 4, 180 Bourke St, Melbourne","Level 4, 180 Bourke St",Melbourne,VIC,3000
"89A Scarborough St, Southport",89A Scarborough St,Southport,QLD,4215
Perth Site - 7 Fairbrother St BELMONT WA 6104,7 Fairbrother St,BELMONT,WA,6104
L2 12-14 Wentworth St PARRAMATTA NSW 2150,12-14 Wentworth St,PARRAMATTA,NSW,2150
"63-65 Walker St, Dandenong, VIC 3175",63-65 Walker St,Dandenong,VIC,3175
Rhodes - Shop 1 15-17 Blaxland Rd RHODES NSW 2138,Shop 1 15-17 Blaxland Rd,Rhodes,NSW,2138
Raymond Campus - Ground Floor 341 Queen St MELBOURNE VIC 3000,Ground Floor 341 Queen St,Melbourne,VIC,3000
"Level 6, 8 Quay Street","Level 6, 8 Quay Street",Haymarket,NSW,2000
16-18 Aberdeen St PERTH WA 6000,16-18 Aberdeen St,Perth,WA,6000
Suite 2 Level 6 68 Grenfell St ADELAIDE 5000,Suite 2 Level 6 68 Grenfell St,Adelaide,SA,5000
235 Church St PARRAMATTA,235 Church St,PARRAMATTA,NSW,2150
Level 6 245 Castlereagh St SYDNEY NSW 2000,Level 6 245 Castlereagh St,Sydney,NSW,2000
Unit 281 398-408 Pitt St HAYMARKET NSW 2000,Unit 281 398-408 Pitt St,Haymarket,NSW,2000
Level 4 382 Lonsdale St MELBOURNE VIC 3000,Level 4 382 Lonsdale St,Melbourne,VIC,3000
"70-72 Bathurst Street, Sydney",43-45 Marion St,PARRAMATTA,NSW,2150
87 Fennell Street North Parramatta,43-45 Marion St,PARRAMATTA,NSW,2150
Innovative Clyde,4 Marsh Street,Clyde,NSW,2142
Level 7 50 Grenfell St ADELAIDE SA 5000,Level 7 50 Grenfell St,Adelaide,SA,5000
St Joseph's Baulkham Hills,33 Barina Downs Road,Norwest,NSW,7386
"Brisbane CBD Campus, Level 1 231 George St",Suite 1 Level 1 231 George St,BRISBANE CITY,QLD,4000
Level 1 252 St Pauls Tce FORTITUDE VALLEY QLD 4006,Level 1 252 St Pauls Tce,Fortitude Valley,QLD,4006
Level 6 231 George St Brisbane CBD Campus,Level 6 231 George St,BRISBANE CITY,QLD,4000
69 Mclennan St MOOROOPNA VIC 3629,69 Mclennan St,MOOROOPNA,VIC,3629
Melbourne Campus,Level 1 389 Lonsdale St,MELBOURNE,VIC,3000
Melbourne Campus L2 - Level 2 389 Lonsdale St MELBOURNE VIC 3000,Level 2 389 Lonsdale St,MELBOURNE,VIC,3000
Melbourne CBD,Level 5 18-38D Siddeley St,DOCKLANDS,VIC,3008
"Level 4, 136 Chalmers Street, Surry Hills, NSW 2010","Level 4, 136 Chalmers Street",Surry Hills,NSW,2010
Ground Floor,Ground Floor 433 Boundary Street,SPRING HILL,QLD,4000
Level 1 433 Boundary St SPRING HILL QLD 4000,Level 1 433 Boundary St,SPRING HILL,QLD,4000
Level 3 220 Albert Road SOUTH MELBOURNE VIC 3205,Level 3 220 Albert Rd,SOUTH MELBOURNE,VIC,3205
"Level 8, 120 Spencer Street, Melbourne VIC 3000",47 Translink Dr,KEILOR PARK,VIC,3042
Melbourne CBD Campus - Level 8 406 Collins St MELBOURNE,Level 8 406 Collins St,Melbourne,VIC,3000
"Level 23 & 24, 343 Albert St, Brisbane",Level 23 and 24,Brisbane,QLD,4000
"Level 8, 540 George St, Sydney, NSW 2000","Level 8, 540 George St",Sydney,NSW,2000
L5 259 Collins Street - MELBOURNE VIC 3000,Level 5 259 Collins St,MELBOURNE,VIC,3000
L6 234-250 Collins Street - MELBOURNE VIC 3000,Level 6 234-250 Collins St,Melbourne,VIC,3000
Level 8 90 King William St ADELAIDE SA 5000,Level 8 90 King William St,Adelaide,SA,5000
"Suites 1.09 & 1.10 425 Docklands Drive, Docklands",Suite 109 Level 1 425 Docklands Dr,DOCKLANDS,VIC,3008
Suite 85 Level 8 8-24 Kippax St,Suite 85 Level 8 8-24 Kippax St,Surry Hills,NSW,2010
"150 High Street, Preston",150 High Street,Preston,VIC,3072
Level 5 110 Eagle Street BRISBANE QLD 4000,Level 5 110 Eagle Street,Brisbane,QLD,4000
12 Sun Cres SUNSHINE VIC 3020,12 Sun Cres,Sunshine,VIC,3020
Werribee Campus - Unit 7 2-14 Station Pl WERRIBEE VIC 3030,"Unit 7, 2-14 Station Pl",Werribee,VIC,3030
48 Gap Rd ALICE SPRINGS NT 0870,48 Gap Rd,Alice Springs,NT,870
95 Sadadeen Road ALICE SPRINGS NT 0871,95 Sadadeen Road,Alice Springs,NT,871
Burwood Site,7 Deane St,BURWOOD,NSW,2134
Unit 1 3 Glenville Dr MELTON VIC 3337,Unit 1 3 Glenville Dr,Melton,VIC,3337
Level 9 50 Grenfell St ADELAIDE SA 5000,Level 9 50 Grenfell St,Adelaide,SA,5000
Shop 1 Ground Floor 108 King William St ADELAIDE SA 5000,Shop 1 Ground Floor 108 King William St,ADELAIDE,SA,5000
Level 8 50 Grenfell St ADELAIDE SA 5000,Level 8 50 Grenfell St,Adelaide,SA,5000
83 Boundary Rd NORTH MELBOURNE VIC 3051,83 Boundary Rd,North Melbourne,VIC,3051
Sydney Campus,Level 5 56-58 York St,SYDNEY,NSW,2000
263 King Street MASCOT NSW 2020,263 King St,Mascot,NSW,2020
13 Tarkin Ct BELL PARK VIC 3215,13 Tarkin Ct,Bell Park,VIC,3215
Suite 2 - 17 David St BRUNSWICK VIC,Suite 2 - 17 David St,BRUNSWICK,VIC,3056
Ground Floor 301-311 Flinders Lane MELBOURNE,Ground Floor 301-311 Flinders Lane,MELBOURNE,VIC,3000
8-10 Russell St TOOWOOMBA CITY QLD 4350,8-10 Russell St,Toowoomba,QLD,4350
Yeerongpilly Campus,"Unit 1, 44 Station Rd",Yeerongpilly,QLD,4105
95 Currie St ADELAIDE SA 5000,95 Currie St,Adelaide,SA,5000
"Unit 116 & 117, 12 Salonika St PARAP NT 0820",Unit 116 12 Salonika St,Parap,NT,804
"10 Quay St, BUNDABERG CENTRAL QLD 4670",10 Quay St,Bundaberg Central,QLD,4670
125 Main St BLACKTOWN NSW 2148,125 Main St,BLACKTOWN,NSW,2148
132-146 Elizabeth St HOBART TAS 7000,132-146 Elizabeth St,Hobart,TAS,7000
Burwood Campus - 7 Deane Street Burwood NSW 2134,7 Deane Street,Burwood,NSW,2134
Suite 19 650 George St SYDNEY NSW 2000,Suite 19 650 George St,Sydney,NSW,2000
80 Wentworth Ave SURRY HILLS NSW,80 Wentworth St,Surry Hills,NSW,2010
KAA - Melbourne,Level 8 20 Queen Street,MELBOURNE,VIC,3000
KAA Surry Hills Campus - Level 3 16-22 Wentworth Ave SURRY HILLS NSW 2010,Level 3,SURRY HILLS,NSW,2010
Level 2 545 Kent Street SYDNEY NSW 2000,Level 2 545 Kent St,Sydney,NSW,2000
263 King St MASCOT NSW 2020,263 King St,Mascot,NSW,2020
163 Batten Rd ARMSTRONG CREEK VIC 3217,9 Prevelly Cct,Armstrong Creek,VIC,3217
37-61 Vines Rd HAMLYN HEIGHTS VIC 3215,9 Prevelly Cct,Armstrong Creek,VIC,3217
46-70 Central Bvd ARMSTRONG CREEK VIC 3217,9 Prevelly Cct,Armstrong Creek,VIC,3217
"Level 4, Sir Llew Edwards Building","Level 4, Sir Llew Edwards Building",St Lucia,QLD,4072
Melbourne Campus - 93 Queens Bridge St SOUTHBANK VIC,93 Queens Bridge St,SOUTHBANK,VIC,3006
Level 2 12-14 Wentworth St PARRAMATTA NSW 2150,Level 2 12-14 Wentworth St,PARRAMATTA,NSW,2150
Parramatta - Level 3 1 Fitzwilliam St,Level 3 1 Fitzwilliam St,PARRAMATTA,NSW,2150
Collins Street Campus,Level 5 259 Collins St,Melbourne,VIC,3000
North Melbourne - 287 Macaulay Rd NORTH MELBOURNE VIC 3051,287 Macaulay Rd,North Melbourne,VIC,3051
Franklin Street,"Level 4, 31 Franklin St",ADELAIDE,SA,5000
Melbourne City Campus 301-311 Flinders Lane MELBOURNE VIC,301-311 Flinders Lane,MELBOURNE,VIC,3000
Level 3 47 Waymouth St,Level 3 47 Waymouth St,Adelaide,SA,5000
Mallard Way,Unit 11 92 Mallard Way,CANNINGTON,WA,6107
The BALCATTA Kitchen - Unit 2 2 Cressall Rd BALCATTA WA,Unit 2 2 Cressall Rd,Balcatta,WA,6021
Wellington Street,Unit 16 200 Wellington St,EAST PERTH,WA,6004
King William,"Level 5, 117 King William Street",ADELAIDE,SA,5000
Sydney CBD,Level 5 565 George St,SYDNEY,NSW,2000
IOMT City - T2 L1,T2 L1 - 154-160 Nicholson St,FOOTSCRAY,VIC,3011
T29 - 4 Cardinia Rd OFFICER VIC 3809,T29 - 4 Cardinia Rd,Officer,VIC,3809
Suite 2 Level 2 243 Edward St BRISBANE QLD 4000,Suite 2 Level 2 243 Edward St,Brisbane,QLD,4000
"350 Victoria St, Darlinghurst, NSW 2010",350 Victoria St,Darlinghurst,NSW,2010
"389 New South Head Rd, DOUBLE BAY NSW 2028",389 New South Head Rd,DOUBLE BAY,NSW,2028
"51 Rigali Way, WA 6065",51 Rigali Way,Wangara,WA,6065
"59 Ellen St, FREMANTLE WA 6160",59 Ellen St,FREMANTLE,WA,6160
"816 Beaufort St, INGLEWOOD, WA 6052",816 Beaufort St,INGLEWOOD,WA,6052
Head Office - 51 Forsyth St OCONNOR WA 6163,51 Forsyth St,OCONNOR,WA,6163
"Rowley Road, FORRESTDALE WA 6112",Rowley Road,FORRESTDALE,WA,6112
Perth - 60-62 Stirling St PERTH WA 6000,60-62 Stirling St,PERTH,WA,6000
Unit 5 200 Turner Street PORT MELBOURNE VIC 3207,Unit 5 200 Turner St,PORT MELBOURNE,VIC,3207
Level 6 190 Queen St MELBOURNE VIC 3000,Level 6 190 Queen St,MELBOURNE,VIC,3000
SLACKS CREEK - Unit 5 5-11 Noel Street,Unit 5 5-11 Noel Street,SLACKS CREEK,QLD,4127
6 Doepel Way DOCKLANDS VIC 3008,6 Doepel Way,Docklands,VIC,3008
Level 2 55 Swanston St MELBOURNE VIC 3000,Level 2 55 Swanston St,Melbourne,VIC,3000
"Level 10, 601 Bourke Street","Level 10, 601 Bourke St",Melbourne,VIC,3000
Greenwood Academy Sydney CBD Campus,Greenwood Academy Sydney CBD Campus - Level 1 175,SYDNEY,NSW,2000
Bondi Campus - Suite 9 95-97 Grafton St BONDI JUNCTION NSW 2022,Suite 9 95-97 Grafton St,BONDI JUNCTION,NSW,2022
Melbourne Lonsdale Campus,Level 7 108 Lonsdale Street,MELBOURNE,VIC,3000
Level 6 55 Swanston St MELBOURNE VIC 3000,Level 6 55 Swanston St,Melbourne,VIC,3000
Ming-De International School Toowoomba (Westbrook),48 Althaus Road,Westbrook,QLD,4350
58 Newlands Road Reservoir VIC 3073,58 Newlands Road,Reservoir,VIC,3073
St Leonards - Level 1 575-597 Pacific Hwy ST LEONARDS NSW 2065,Level 1 575-597 Pacific Hwy,St Leonards,NSW,2065
Suite 1 Level 10 601 Bourke St MELBOURNE VIC 3000,Suite 1 Level 10 601 Bourke St,Melbourne,VIC,3000
Unit 7 63 Boundary Rd NORTH MELBOURNE VIC 3051,Suite 1 Level 10 601 Bourke St,Melbourne,VIC,3000
219-221 Sydney Rd,"219-221, Sydney Rd",Coburg,VIC,3058
150 King St NEWCASTLE NSW 2300,150 King St,Newcastle,NSW,2300
Sydney City Boston Campus - Level 4 60-62 York St,Level 4 60-62 York St,SYDNEY,NSW,2000
222 Baylis St WAGGA WAGGA NSW 2650,222 Baylis St,Wagga Wagga,NSW,2650
Level 5 307 Pitt St SYDNEY NSW 2000,Level 5 307 Pitt St,Sydney,NSW,2000
162 Abbotsford Rd BOWEN HILLS QLD 4006,162 Abbotsford Rd,Bowen Hills,QLD,4006
Shop 7 Level 1/52 Davenport St SOUTHPORT QLD 4215,"Shop 7 Level 1, 52 Davenport St",Southport,QLD,4215
"Sydney Campus - Level 1, 175 Liverpool St Sydney NSW 2000","Level 1, 175 Liverpool St",Sydney,NSW,2000
Unit 4 5-11 Noel St SLACKS CREEK QLD 4127,Unit 4 5-11 Noel St,Slacks Creek,QLD,4127
35 Daisy Street REVESBY NSW 2212,35 Daisy St,Revesby,NSW,2212
City Campus,410 Elizabeth Street,SURRY HILLS,NSW,2010
Commercial kitchen - Unit 19 30-32 Beaconsfield St ALEXANDRIA NSW 2015,"Unit 19, 30-32 Beaconsfield St",Alexandria,NSW,2015
60 Belfast St BROADMEADOWS VIC 3047,60 Belfast St,Broadmeadows,VIC,3047
Brisbane Campus,28 Old Cleveland Rd,STONES CORNER,QLD,4120
480 Avalon Rd AVALON VIC 3212,480 Avalon Rd,Avalon,VIC,3212
"73 Ashley St, Braybrook VIC 3019",73 Ashley St,Braybrook,VIC,3019
"37 George Street, PARRAMATTA NSW 2150",37 George Street,Paramatta,NSW,2150
"Level 2, 1 - 3 Fitzwilliam Street","Level 2, 1 - 3 Fitzwilliam Street",Parramatta,NSW,2150
118 Walker St NORTH SYDNEY NSW 2060,118 Walker St,North Sydney,NSW,2060
"11-17 Jeffcott Street, West Melbourne VIC 3003",11-17 Jeffcott Street,West Melbourne,VIC,3003
412/101 Overton Rd WILLIAMS LANDING VIC 3027,412/101 Overton Rd,Williams Landing,VIC,3027
Unit 8 92-100 Champion Rd NEWPORT VIC 3015,Unit 8 92-100 Champion Rd,Newport,VIC,3015
"13 Elizabeth St. Richmond, Victoria",13 Elizabeth Street,Richmond,VIC,3121
Level 1/16-18 Wentworth Street,Level 1/16-18 Wentworth Street,Parramatta,NSW,2150
418A Elizabeth St Surry Hills NSW 2010,Level 3 541 Kent St,Sydney,NSW,2000
Level 3 541 Kent St SYDNEY NSW 2000,Level 3 541 Kent St,Sydney,NSW,2000
Concordia College - St Peters Campus Blackwood,71 Cumming Street,Blackwood,SA,5051
153 Mann Street Gosford  NSW,"Unit 5, 153 Mann Street",Gosford,NSW,2250
KIVS Granville Campus,133 Parramatta Rd,GRANVILLE,NSW,2142
Oban NSW campus,Suite 2 11 Parkes St,HARRIS PARK,NSW,2150
"Ground Floor, 1-5 Railway Street",Ground Floor 1-5 Railway St,CHATSWOOD,NSW,2067
80 canterbury Rd CANTERBURY VIC 3126,80 canterbury Rd,Canterbury,VIC,3126
Level 1 90 King William St ADELAIDE SA 5000,Level 1 90 King William St,ADELAIDE,SA,5000
Shop 9 3360 Pacific Hwy,Shop 9 3360 Pacific Hwy,SPRINGWOOD,QLD,4127
Tenancy C8,Tenancy C8 - 61 Riggall St,BROADMEADOWS,VIC,3047
Unit2 Mount Gravatt Site,Unit 2 - 57 Sanders St,UPPER MOUNT GRAVATT,QLD,4122
"Levels 3 and 4, 191 Thomas St","Level 4, 191 Thomas St",Haymarket,NSW,2000
AUSTRALIAN SCHOOL OF BUSINESS & TRADE PTY LTD,Level 12 190 Queen St,MELBOURNE,VIC,3000
"Office 2B, 25-60 Victor Cresent, Narre Warren Vic 3805",Office 2B 58-60 Victor Cres,NARRE WARREN,VIC,3805
Head Office - 581-583 Plenty Rd,581-583 Plenty Rd,PRESTON,VIC,3072
Ground Floor 51-53 Murray St PYRMONT NSW 2009,Ground Floor 51-53 Murray St,Pyrmont,NSW,2009
"170 Wellington Street, East Perth",170 Wellington Street,West Perth,WA,6004
"Level 8, 474 Flinders St","Level 8, 474 Flinders Street",Melbourne,VIC,3000
Quay Street,Level 2 8 Quay St,HAYMARKET,NSW,2000
South Melbourne,51 Brady St,SOUTH MELBOURNE,VIC,3205
"Level 2, 191 Thomas St, Sydney 2000","Level 2, 191 Thomas St",Sydney,NSW,2000
"Level 8, 175 Liverpool St, Sydney NSW 2000","Level 8, 175 Liverpool St",Sydney,NSW,2000
"Suite 1 Level 5, 398 Lonsdale St Melbourne VIC 3000",Suite 1 Level 5 398 Lonsdale St,Melbourne,VIC,3000
Unit 29 23 Norton St LEICHHARDT NSW 2040 Australia,Unit 29 23 Norton St,LEICHHARDT,NSW,2040
Kent Street,Suite 502 Level 5 545-553 Kent Street,Sydney,NSW,2000
41- 45 Commerce Ave ARMADALE WA 6112,41- 45 Commerce Ave,Armadale,WA,6112
"Tenancy 2, Level 11, 59 Cameron Ave BELCONNEN ACT","Tenancy 2, Level 11 - 59 Cameron Ave",BELCONNEN,ACT,2617
"Level 3, 251 Adelaide Terrace, Perth 6000","Level 3, 251 Adelaide Terrace",Perth,WA,6000
Grenfell Institute of Technology Australia,Suite 1 Level 17 45 Grenfell St,ADELAIDE,SA,5000
"Centurion - La Trobe Campus - level 4, 260 La Trobe St, Melbourne VIC 3000","Level 4, 260 La Trobe St",Melbourne,VIC,3000
"Unit 1, 94-96 Foster Street DANDENONG VIC 3175","Unit 1, 94-96 Foster Street",DANDENONG,VIC,3175
Far North Training & Consultancy,11 Johnston Road,Mossman,QLD,4873
States College Australia,"Suite 301, Level 3, 620 Bourke St.",Melbourne,VIC,3000
Atlas Education,Level 2 366 King William St,Adelaide,SA,5000
International Institute of Vocational Studies,"Suite 46, Level 4, 8-24 Kippax Street",Surry Hills,NSW,2010
Wentworthville Campus,12 Pritchard St,WENTWORTHVILLE,NSW,2145
Level 6 440 Elizabeth St,Level 6 440 Elizabeth St,MELBOURNE,VIC,3000
43-45 Marion St,2 Totness Ct,CASTLE HILL,NSW,2154
Pitt Street - 18 Pitt St Parramatta NSW 2150,18 Pitt St,Parramatta,NSW,2150
Universal Training Institute,31/70-74 Philip Street,Parramatta,NSW,2150
Elizabeth Institute of Australia,170 Queen St,ST MARYS,NSW,2760
Silverline College,Suite 701 Level 7 280-282 Pitt St,Sydney,NSW,2000
Skyline Institute of Technology,Level 8 310 King St,Melbourne,VIC,3000
"18 Lens Street, Coburg North VIC 3058",18 Lens Street,Coburg North,VIC,3058
"Location 6, 190 Queen Street, Melbourne Vic","Level 6, 190 Queen Street",Melbourne,VIC,3000
"Level 5, 540 George Street, Sydney NSW 2000","Level 5, 540 George Street",Sydney,NSW,2000
Ardor College,133 Boundary Street Railway Estate,Townsville,QLD,4810
Ardor Townsville,Ardor Townsville,AITKENVALE,QLD,4814
Parramatta,Unit 1 30 Cowper Street,Parramatta,NSW,2150
Australian Management College Pty Ltd,"Level 1, 126 Margaret St.",Brisbane,QLD,4000
19 Radnor Dr DEER PARK VIC 3023,19 Radnor Dr,DEER PARK,VIC,3023
"KIC Main - level 6, 440 Elizabeth St Melbourne VIC 3000","Level 6, 440 Elizabeth St",Melbourne,VIC,3000
210 Anketell St,210 Anketell St,GREENWAY,ACT,2900
"Level 8, 277 William Street","Level 8, 277 William Street",Melbourne,VIC,3000
Austin Institute of Trades,242 Lygon Street,Carlton,VIC,3053
Get My RSA,13 Nerang Street,Southport,QLD,4215
Bondi Campus,Bondi Campus,BONDI JUNCTION,NSW,2022
"Unit 5, 9 Montgomery St, KOGARAH NSW 2217 Australia",Shop 1 38-44 Mountain St,ULTIMO,NSW,2007
"Level 6, 8 Quay St",Level 6 8 Quay St,HAYMARKET,NSW,2000
Rural Medical Education Australia Clinical Training Centre - 190 Hume St EAST TOOWOOMBA QLD 4350,190 Hume St,East Toowoomba,QLD,4350
Suite 1 Level 4 50 Grenfell St ADELAIDE SA 5000 Australia,Suite 4 Level 4 50 Grenfell St,ADELAIDE,SA,5000
47 Rickard Rd BANKSTOWN NSW 2200 Australia,Unit 4 44-46 Keeler St,CARLINGFORD,NSW,2118
New Age Professionals Training Academy,1/287a Spring Street,Reservoir,VIC,3073
Automotive International College,"Suite 5, Level 6/68 Grenfell Street",Adelaide,SA,5000
"Level 2, 16-18 Wentworth St PARRAMATTA NSW 2150","Level 2, 16-18 Wentworth St",PARRAMATTA,NSW,2150
"Marriott Academy,  168 Exhibition Street Level 8, Tenancy 1","168 Exhibition Street Level 8, Tenancy 1",Melbourne,VIC,3000
"Tenancy 2, Level 8, 168 Exhibition Street Melbourne","Tenancy 2, Level 8, 168 Exhibition Street",Melbourne,VIC,3000
Sydney College of Professional Education,Unit 1 133 Parramatta Rd,GRANVILLE,NSW,2142
Melbourne Campus,Level 5 271 William St,MELBOURNE,VIC,3000
VIITE,"Shop 41, 15- 23 Langhorne St",Dandenong,VIC,3175
Wellington Fair Campus,Unit 15 200 Wellington Street,EAST PERTH,WA,6004
Australia Institute of Healthcare,"Unit 306, 19 Kitchener Drive",Darwin City,NT,800
Contruction Training Australia,Unit 4 5-7 Macaulay Street,WILLIAMSTOWN NORTH,VIC,3016
InterCare International College,14 Enterprise Ave,HAMPTON PARK,VIC,3976
"Lot (72 & 73) 14 Enterprise Avenue, Hampton Park VIC 3976",Lot (72 & 73),Hampton Park,VIC,3976
Advance Australia International College,Unit 2 5 Watt St,Gosford,NSW,2250
"Level 1, 175 Liverpool Street, Sydney NSW 2000","Level 1, 175 Liverpool Street",Sydney,NSW,2000
Platinum College of Technology and Business,"Office 3, 15 Moore St",Canberra,ACT,2601
Burwood Campus - GM Tower Level 2 - 11-15 Deane St BURWOOD NSW 2134,GM Tower level 2,Burwood,NSW,2134
Global College of Management,Level 1 505 Little Collins Street,MELBOURNE,VIC,3000
Sydney Campus - 410 Elizabeth St SURRY HILLS NSW 2010,410 Elizabeth St,Surry Hills,NSW,2010
Berry International College,60 Belfast Street,Broadmeadows,VIC,3047
CBD Campus,Level 1 190 Queen St,MELBOURNE,VIC,3000
City Campus - SURRY HILLS,Unit 102 410 Elizabeth St,SURRY HILLS,NSW,2010
Commercial Kitchen,118 Church St,PARRAMATTA,NSW,2150
Pacific College Sydney,"Suite 102, 410 Elizabeth St",Surry Hills,NSW,2010
Allman College,282 Great North Rd,WAREEMBA,NSW,2046
Level 6 43-51 Queen St MELBOURNE VIC 3000,Level 6 43-51 Queen St,MELBOURNE,VIC,3000
Infinity Business College Pty Ltd,101 Power St,Doonside,NSW,2767
Australia International Construction College,Unit 4 67-75 Smith St,Summer Hill,NSW,2130
QTN Pty Ltd,1009 Ipswich Road,MOOROOKA,QLD,4105
Insight Institute of Further Studies,Unit 25 797 Plenty Rd,South Morang,VIC,3752
Melbourne Campus,Level 6 341 Queen St,MELBOURNE,VIC,3000
NORWEST CAMPUS,Suite 402 2-8 Brookhollow Ave,NORWEST,NSW,2153
Hopkins International College,Suite 2 170 Wellington St,East Perth,WA,6004
Australis Vocational College,43 Marion Street,Parramatta,NSW,2150
Tradecraft Academy,151 Mt Alexander Rd,FLEMINGTON,VIC,3031
Lotus College,Unit 2 206-208 Liverpool Rd,ASHFIELD,NSW,2131
United International College,33 Barina Downs Rd,NORWEST,NSW,2153
Management Institute Australia Pty Ltd,80 Firmins Lane,Hazelwood North,VIC,3840
Hannan IT Pty Ltd,400 Queen Street,Melbourne,VIC,3000
ACBT Education,154-160 Nicholson Street,Footscray,VIC,3011
T29 Suite B,T29 Suite B - 4 Cardinia Rd,OFFICER,VIC,3809
Adelaide,Suite 1 Level 4 68 Grenfell St,ADELAIDE,SA,5000
"Level 3, 68 Grenfell Street, Adelaide","Level 3, 68 Grenfell Street",Adelaide,SA,5000
Applied Education Training Center,"Level 1, 100-104 Murray Street",Perth,WA,6000
Falcon Institute Pty Ltd,Level 10 492 St Kilda Rd,MELBOURNE,VIC,3004
"47 Rickard Rd BANKSTOWN, NSW 2200",47 Rickard Rd,BANKSTOWN,NSW,2200
"376 Victoria St, North Melbourne, VIC 3051",376 Victoria Street,North Melbourne,VIC,3051
Cornzal Workforce Development,"Unit 1, 137 George Street",BEENLEIGH,QLD,4207
Omni Futures,"Level 7, 440 Elizabeth Street",Melbourne,VIC,3000
Dynamite Management Australia,Unit 31/3 Dalton Street,Upper Coomera,QLD,4209
Fortitude Valley,1374 Logan Road,Mount Gravatt,QLD,4122
Brisbane Campus,433 Boundary St,SPRING HILL,QLD,4000
Gold Coast Campus,89A Scarborough St,SOUTHPORT,QLD,4215
252 Lygon St CARLTON VIC 3053,252 Lygon St,CARLTON,VIC,3053
14 Railway Pde BURWOOD NSW 2134,14 Railway Pde,Burwood,NSW,2134
Ausford College,Suite 1 Level 1 224-238 George St,LIVERPOOL,NSW,2170
Suite 2 Level 14 190 Queen St,Suite 2 Level 14 190 Queen St,MELBOURNE,VIC,3000
Level 6 440 Elizabeth St MELBOURNE VIC 3000,Level 6 440 Elizabeth Street,MELBOURNE,VIC,3000
"363 King St, West Melbourne, VIC 3003","Level 2, 363 King St",West Melbourne,VIC,3003
28 Memorial Ave LIVERPOOL NSW 2170,28 Memorial Av,LIVERPOOL,NSW,2170
OSH@Glebe,54 Parramatta Rd,Forest lodge,NSW,2037
Unified WA,"Lvl 4, 440 Elizabeth St,",Melbourne,VIC,3000
9/123 Queen St MELBOURNE VIC 3000,327-329 Police Rd,MULGRAVE,VIC,3170
Clarence Valley Anglican School,74 Centenary Drive,Clarenza,NSW,2460
Level 3 115 Queen St,Level 3 115 Queen St,BRISBANE,QLD,4000
Mt Druitt Hubb,9 Ayres Grove,Mount Druitt,NSW,2770
Suite 2 Level 5 16-18 Wentworth St PARRAMATTA NSW 2150,Suite 2 Level 5 16-18 Wentworth St,PARRAMATTA,NSW,2150
107 Quay St BRISBANE CITY QLD 4000,107 Quay St,BRISBANE,QLD,4000
11 Cordelia St SOUTH BRISBANE QLD 4101,11 Cordelia St,SOUTH  BRISBANE,QLD,4101
"Level 9, 50 Grenfell Street","Level 9, 50 Grenfell Street",Adelaide,SA,5000
"21 Link Rd, Bankstown Aerodrome NSW 2200",21 Link Rd,BANKSTOWN AERODROME,NSW,2200
"Suite 2, Level 3 10 Queens Road MELBOURNE VIC 3004",Suite 1 Level 2 10 Queens Rd,MELBOURNE,VIC,3004
L1 St. Kilda Campus,Level 1 608E St Kilda Rd,MELBOURNE,VIC,3004
"Level 2, 608E St Kilda Road, Melbourne VIC 3004",Level 2 608E St Kilda Rd,MELBOURNE,VIC,3004
1030 Cavendish Rd MOUNT GRAVATT EAST QLD 4122,1030 Cavendish Rd,MOUNT GRAVATT EAST,QLD,4122
"Unit 2 1A Palmerston Grove, Oakleigh VIC 3166",Unit 2 1A Palmerston Gr,OAKLEIGH,VIC,3166
"91 Prospect Rd, Prospect SA 5082",91 Prospect Rd,PROSPECT,SA,5082
8 Newquay Prom DOCKLANDS VIC 3008,8 Newquay Prom,DOCKLANDS,VIC,3008
178-180 Victoria St RICHMOND,47 Paisley St,FOOTSCRAY,VIC,3011
"Suite 44/45, 138 Nicholson Street, Footscray VIC 3011",47 Paisley St,FOOTSCRAY,VIC,3011
Factory 2 35 Lock Ave WERRIBEE VIC 3030,Factory 2 35 Lock Ave,WERRIBEE,VIC,3030
14 Railway Pde BURWOOD NSW 2134,14 Railway Pde,BURWOOD,NSW,2134
Melbourne City Campus,Suite 706 Level 7 343 Little Collins St,MELBOURNE,VIC,3000
"Level 1, 191 Thomas St","Level 1, 191 Thomas St",Haymarket,NSW,2000
12 Sun Cres SUNSHINE,Suite 1 12 Sun Crescent,SUNSHINE,VIC,3020
Level 8 138 Albert St,Level 8 138 Albert St,BRISBANE,QLD,4000
Level 3 136 Chalmers St SURRY HILLS,Level 3 136 Chalmers St,SURRY HILLS,NSW,2010
"Suite 102, 420 Pitt St Haymarket NSW 2000","Suite 102, 420 Pitt St",Haymarket,NSW,2000
Unit 2 33 Archer St CARLISLE WA 6101,Unit 2 33 Archer St,CARLISLE,WA,6101
18 Flinders Pde NORTH LAKES QLD 4509,18 Flinders Pde,NORTH LAKES,QLD,4509
"Unit 14, 65 Mark St NORTH MELBOURNE VIC 3041","Unit 14, 65 Mark St",NORTH MELBOURNE,VIC,3041
"15 Hawker Street  Airport West, VIC 3042",15 Hawker Street,Airport West,VIC,3042
Unit 21 334-354 Albany Hwy VICTORIA PARK WA 6100,Unit 21 334-354 Albany Hwy,VICTORIA PARK,WA,6100
"Suite 9, Wellington Business Centre 2 Portrush Rd PAYNEHAM SA 5070","Suite 9, Wellington Business Centre 2 Portrush Rd",PAYNEHAM,SA,5070
"Level 3, 136 Chalmers Street","Level 3, 136 Chalmers Street",Surry Hills,NSW,2010
"Rydges Hotel Newcastle - Wharf Road and Mereweather Street, NEWCASTLE NSW 2300",Wharf Road and Mereweather Street,NEWCASTLE,NSW,2300
218 Station St NORLANE VIC 3214,218 Station St,NORLANE,VIC,3214
Unit 3 1 Watton St WERRIBEE VIC 3030,Unit 3 1 Watton St,WERRIBEE,VIC,3030
1009 Ipswich Road,1009 Ipswich Road,Moorooka,QLD,4105
"Level 2, 127 Rundle Mall","Level 2, 127 Rundle Mall",ADELAIDE,SA,5000
Melbourne Queen St Campus  Level 13 190 Queen St Melbourne VIC,Level 13 190 Queen St,Melbourne,VIC,3000
Level 1 190 Queen St MELBOURNE VIC 3000,Level 1 190 Queen St,MELBOURNE,VIC,3000
"65 Mark Street, North Melbourne VIC 3051",65 Mark Street,NORTH MELBOURNE,VIC,3051
"68-70 Gwelo Street, Tottenham VIC 3012",68-70 Gwelo St,TOTTENHAM,VIC,3012
"Suite 203, Level 2, 288 Forest Rd, Hurstville NSW 2220",288 Forest Rd,HURSTVILLE,NSW,2220
"3 Focal Way. Bayswater, WA, 6053",4 Riseley St,APPLECROSS,WA,6153
"Unit 8/11 Logandowns Dr, Meadowbrook QLD 4131",Unit 8/11 Logandowns Dr,Meadowbrook,QLD,4131
Kingswood Institute Pty Ltd,Suite 2 Level 2 43 Hunter St,PARRAMATTA,NSW,2150
"Level 6, 1 Queens Rd Melbourne VIC 3004",Level 6 1 Queens Rd,MELBOURNE,VIC,3004
"Level 4, 579 Harris Street, Ultimo, NSW 2007",Level 4 579 Harris St,ULTIMO,NSW,2007
137 Days Road Regency Park,137 Days Rd,Regency Park,SA,5010
Level 5 21 Victoria St MELBOURNE VIC 3000,Level 5 21 Victoria St,MELBOURNE,VIC,3000
"Level 3, 16-18 Wentworth St","Level 3, 16-18 Wentworth St",Parramatta,NSW,2150
"80 Firmins Lane, Hazelwood, Victoria 3840",Unit 1 62 Marklin St,CRANBOURNE,VIC,3977
"337 Logan Road, Stones Corner, QLD 4120",337 Logan Road,Stones Corner,QLD,4120
Level 2 East Perth - Level 2 150-152 Adelaide Tce,Level 2 150-152 Adelaide Tce,East Perth,WA,6004
Level 5/21 Victoria Street Melbourne VIC 3000,Level 5 21 Victoria St,MELBOURNE,VIC,3000
Gifford Academy Southport - 89A Scarborough St Southport QLD 4215,89A Scarborough St,Southport,QLD,4215
Playschool Early Learning Centre - 12 Cirrus Way COOMERA QLD 4209 Australia,48 Seventh Ave,PALM BEACH,QLD,4221
Shop 5 31 Argyle Pde DARRA QLD 4076,Shop 5 31 Argyle Pde,DARRA,QLD,4076
137-161 Days Rd REGENCY PARK SA 5010,137-161 Days Rd,REGENCY PARK,SA,5010
118 Lysaght St MITCHELL ACT 2911,118 Lysaght St,MITCHELL,ACT,2911
"St John Paul II College, 1021 Gunghalin Drive, Nichols ACT 2913","St John Paul II College, 1021 Gunghalin Drive",NICHOLS,ACT,2913
118 Church St PARRAMATTA NSW 2150,118 Church St,PARRAMATTA,NSW,2150
"U 9B 1-13 The Gateway, Broadmeadows, VIC 3047",309-311 Spring St,RESERVOIR,VIC,3073
Melbourne Campus,"Level 3, 28 Elizabeth Street",Melbourne,VIC,3000
"120 Pacific Hwy, North Sydney NSW 2060",120 Pacific Hwy,NORTH SYDNEY,NSW,2060
"Warehouse 5, 2 Scholar Drive, Bundoora VIC","Warehouse 5, 2 Scholar Dr",BUNDOORA,VIC,3083
"325 Port Rd, HINDMARSH SA 5007",325 Port Rd,HINDMARSH,SA,5007
"Unit 1 60 South St, Granville NSW 2142",Unit 1 60 South St,GRANVILLE,NSW,2142
"Unit 404, 101 Overton Rd WILLIAMS LANDING VIC 3027","Unit 404, 101 Overton Rd",WILLIAMS LANDING,VIC,3027
3-7 Danks St WATERLOO NSW 2017,"Suite 805, 100 Walker St",NORTH SYDNEY,NSW,2060
"Adelaide University, Adelaide City Campus",230 North Terrace,Adelaide,SA,5005
"Adelaide University, Magill Campus",St Bernards Road,Magill,SA,5072
"Adelaide University, Mawson Lakes Campus",Mawson Lakes Boulevard,Mawson Lakes,SA,5095
"Adelaide University, Mount Gambier Campus",Wireless Road,Mount Gambier,SA,5290
"Adelaide University, Roseworthy Campus",Philip Drive via Mudla Wirra Road,Wasleys,SA,5371
"Adelaide University, Waite Campus",Waite Road,Urrbrae,SA,5064
"Adelaide University, Whyalla Campus",111 Nicolson Avenue,Whyalla Norrie,SA,5608
Flight Training Adelaide,Hangar 54 Kittyhawk Lane,Parafield Airport,SA,5106
Rising Sun Pictures,180-200 Pulteney Street and 190 Flinders Street,Adelaide,SA,5000
Suite 1 Level 12 190 Queen St MELBOURNE VIC 3000,Suite 1 Level 12 190 Queen St,MELBOURNE,VIC,3000
427 Docklands Dr DOCKLANDS VIC 3008,427 Docklands Dr,DOCKLANDS,VIC,3008
"59-61 Curzon St, North Melbourne, VIC 3051",59-61 Curzon St,NORTH MELBOURNE,VIC,3051
"Level 10 474 Flinders St, MELBOURNE VIC 3000",178-180 Victoria St,RICHMOND,VIC,3121
Level 3 10 Queens Rd MELBOURNE,Level 3 10 Queens Rd,MELBOURNE,VIC,3004
"101 Wilmot Road, Huonville TAS 7109",101 Wilmot Road,HUONVILLE,TAS,7109
"L 2, 86 Collins Street, Hobart TAS 7000","L 2, 86 Collins Street",HOBART,TAS,7000
"Shop 13 & 14, Upper Bourke Street Level, The Paramount Centre, 108 Bourke Street, Melbourne VIC 3000",Suite 13 Level 1 108 Bourke St,MELBOURNE,VIC,3000
"Unit 1 30 Cowper St, PARRAMATTA NSW 2050",Unit 1 30 Cowper St,PARRAMATTA,NSW,2150
Melvic College Australia Pty Ltd,"Shop 43, 15-23 Langhorne Street",DANDENONG,VIC,3175
"Level 6 416-420 Collins St, MELBOURNE VIC 3000",Level 6 416-420 Collins St,MELBOURNE,VIC,3000
Western Star Academy Pty Ltd,46 Edward Street,SUMMER HILL,NSW,2130
"Level 3, 76 Waymouth Street, ADELAIDE SA 5000",Level 3 76 Waymouth St,ADELAIDE,SA,5000
"Level 1/2/3 266 Brunswick Street, FORTITUDE VALLEY QLD 4006",Level 1/2/3 266 Brunswick Street,FORTITUDE VALLEY,QLD,4006
33 Barina Downs Rd NORWEST NSW 2153,33 Barina Downs Rd,NORWEST,NSW,2153
