job_name,job_openings,salary,job_growth,job_satisfaction,review_num,job_field
Yardperson,281,$65K,,3.9,Based on 12 reviews,Trades & Services
Yard Assistant,100,$53K,,,,Trades & Services
Workshop Supervisor,"1,375",$120K,,4,Based on 19 reviews,Trades & Services
Workshop Manager,"2,522",$115K,,4.3,Based on 15 reviews,Trades & Services
Works Officer,"1,081",$75K,,,,Trades & Services
Windscreen Fitter,100,$60K,0.40%,5,Based on 1 review,Trades & Services
Wheel Alignment Technician,100,$63K,,3.6,Based on 5 reviews,Trades & Services
Welder,"5,816",$80K,3.20%,4,Based on 45 reviews,Trades & Services
Vehicle Technician,"4,130",$80K,,3.5,Based on 2 reviews,Trades & Services
Vehicle Mechanic,"3,030",$78K,-0.70%,4,Based on 1 review,Trades & Services
Vehicle Body Builder,"4,095",$75K,6.10%,4.2,Based on 6 reviews,Trades & Services
Tyre Technician,304,$80K,,3.4,Based on 18 reviews,Trades & Services
Tyre Fitter,"1,224",$105K,0.40%,4,Based on 19 reviews,Trades & Services
Truck Mechanic,"2,228",$95K,-0.70%,4.7,Based on 6 reviews,Trades & Services
Traffic Controller,"2,300",$70K,11.00%,3.5,Based on 183 reviews,Trades & Services
Tradesperson,"2,877",$85K,,3.5,Based on 6 reviews,Trades & Services
Trades Assistant,"5,203",$73K,6.10%,3.9,Based on 142 reviews,Trades & Services
Toolmaker,513,$83K,,3.7,Based on 7 reviews,Trades & Services
Tool Technician,,,,,,Trades & Services
Tinter,30,$63K,,,,Trades & Services
Tiler,617,$80K,-3.40%,3.4,Based on 19 reviews,Trades & Services
Testing Technician,130,$78K,,4.3,Based on 3 reviews,Trades & Services
Test Technician,135,$75K,,,,Trades & Services
Telecommunications Technician,"1,613",$85K,17.20%,3.7,Based on 9 reviews,Trades & Services
Technician,"12,639",$75K,,3.8,Based on 76 reviews,Trades & Services
Tailor,"10,098",$68K,9.50%,4,Based on 2 reviews,Trades & Services
TIG Welder,"1,636",$73K,2.10%,4,Based on 6 reviews,Trades & Services
Systems Technician,202,$95K,,,,Trades & Services
Swimming Pool Technician,149,$63K,,,,Trades & Services
Stylist,"5,891",$65K,28.40%,4.1,Based on 25 reviews,Trades & Services
Stonemason,98,$73K,2.00%,3.9,Based on 19 reviews,Trades & Services
Steelfixer,160,$85K,2.10%,4.3,Based on 20 reviews,Trades & Services
Spraypainter,872,$90K,1.60%,4,Based on 48 reviews,Trades & Services
Spa Manager,135,$78K,,4.3,Based on 4 reviews,Trades & Services
Solid Plasterer,109,$85K,,3.8,Based on 4 reviews,Trades & Services
Signwriter,716,$68K,,3.6,Based on 5 reviews,Trades & Services
Signmaker,100,$65K,0.90%,3.5,Based on 2 reviews,Trades & Services
Shipwright,100,$73K,0.10%,4.4,Based on 5 reviews,Trades & Services
Sheetmetal Worker,471,$78K,,3.3,Based on 10 reviews,Trades & Services
Service and Installation Technician,"1,470",$75K,,4,Based on 1 review,Trades & Services
Service Technician,"5,742",$80K,6.10%,3.7,Based on 94 reviews,Trades & Services
Service Supervisor,740,$105K,,4.1,Based on 10 reviews,Trades & Services
Service Specialist,"3,212",$85K,,4.7,Based on 6 reviews,Trades & Services
Service Representative,974,$75K,,3.5,Based on 2 reviews,Trades & Services
Service Operator,552,$65K,,5,Based on 1 review,Trades & Services
Service Manager,"9,472",$115K,4.40%,4,Based on 89 reviews,Trades & Services
Service Desk Consultant,158,$70K,,5,Based on 1 review,Trades & Services
Service Controller,100,$78K,,,,Trades & Services
Service Adviser,"1,575",$73K,,3.3,Based on 80 reviews,Trades & Services
Security Technician,"1,019",$98K,,3.6,Based on 7 reviews,Trades & Services
Security System Technician,226,$88K,,,,Trades & Services
Security Supervisor,668,$85K,,4.1,Based on 12 reviews,Trades & Services
Security Specialist,294,$140K,,,,Trades & Services
Security Officer,"1,663",,4.90%,3.6,Based on 141 reviews,Trades & Services
Security Manager,"1,225",$95K,,4.3,Based on 8 reviews,Trades & Services
Security Guard,"1,531",$70K,4.90%,3.6,Based on 143 reviews,Trades & Services
Screenprinter,100,$60K,0.20%,2.8,Based on 5 reviews,Trades & Services
Scaffolder,"1,651",$83K,-6.90%,4.2,Based on 58 reviews,Trades & Services
Sandblaster,294,$80K,,3.8,Based on 5 reviews,Trades & Services
Salon Manager,445,$73K,,4.5,Based on 6 reviews,Trades & Services
Rope Access Technician,139,$90K,,4.1,Based on 23 reviews,Trades & Services
Roofing Plumber,327,$90K,,,,Trades & Services
Roofer,"1,217",$90K,,3.3,Based on 6 reviews,Trades & Services
Roof Plumber,893,$90K,8.60%,3.9,Based on 24 reviews,Trades & Services
Rigger,"3,696",$105K,-6.90%,4.1,Based on 49 reviews,Trades & Services
Restoration Technician,101,$70K,,3.4,Based on 8 reviews,Trades & Services
Repair Technician,531,$65K,,4.3,Based on 6 reviews,Trades & Services
Removalist,"1,457",$65K,,4.3,Based on 9 reviews,Trades & Services
Refrigeration Technician,757,$100K,,4.1,Based on 7 reviews,Trades & Services
Refrigeration Mechanic,"1,059",$100K,4.00%,3.7,Based on 30 reviews,Trades & Services
Pump Technician,122,$88K,,4,Based on 2 reviews,Trades & Services
Printer,"2,250",$63K,,3.6,Based on 10 reviews,Trades & Services
Print Operator,100,$65K,,4.5,Based on 2 reviews,Trades & Services
Prepress Operator,100,$70K,,4.5,Based on 6 reviews,Trades & Services
Pool and Spa Technician,100,$63K,,,,Trades & Services
Pool Technician,157,$70K,,4,Based on 9 reviews,Trades & Services
Polisher,100,$65K,,2,Based on 1 review,Trades & Services
Plumber,"6,502",$85K,8.60%,3.9,Based on 64 reviews,Trades & Services
Plasterer,983,$70K,-4.00%,3.9,Based on 27 reviews,Trades & Services
Plant Technician,123,$103K,,3.7,Based on 3 reviews,Trades & Services
Plant Mechanic,"3,082",$120K,2.20%,4,Based on 27 reviews,Trades & Services
Pipelayer,275,$90K,,2.5,Based on 4 reviews,Trades & Services
Picture Framer,100,,-11.00%,4,Based on 6 reviews,Trades & Services
Pest Technician,126,$73K,,3.3,Based on 3 reviews,Trades & Services
Pastry Chef,"2,068",$73K,2.90%,4,Based on 64 reviews,Trades & Services
Parts Supervisor,465,$90K,,5,Based on 1 review,Trades & Services
Parts Manager,"2,468",$90K,,4,Based on 12 reviews,Trades & Services
Parts Interpreter,"3,613",$68K,0.40%,3.7,Based on 90 reviews,Trades & Services
Parts Adviser,117,$68K,,4.5,Based on 2 reviews,Trades & Services
Panelbeater,434,$95K,10.60%,3.7,Based on 29 reviews,Trades & Services
Painter,"3,223",$75K,2.90%,4.1,Based on 58 reviews,Trades & Services
Operations Technician,653,$95K,,4.5,Based on 2 reviews,Trades & Services
Nanny,100,$63K,5.90%,4.6,Based on 18 reviews,Trades & Services
Nail Technician,572,,12.20%,4.1,Based on 18 reviews,Trades & Services
Mower Operator,169,$63K,,3,Based on 2 reviews,Trades & Services
Motorcycle Technician,100,$70K,,4,Based on 1 review,Trades & Services
Motor Trimmer,100,,0.40%,4,Based on 1 review,Trades & Services
Motor Technician,100,$50K,,4,Based on 2 reviews,Trades & Services
Motor Mechanic,"3,618",$75K,-0.70%,3.7,Based on 44 reviews,Trades & Services
Metering Technician,100,$120K,,5,Based on 1 review,Trades & Services
Meter Technician,100,$93K,,4,Based on 1 review,Trades & Services
Meter Reader,341,$58K,,3.4,Based on 9 reviews,Trades & Services
Metalworker,187,$70K,,2,Based on 1 review,Trades & Services
Mechanical Technician,"2,279",$95K,10.80%,4,Based on 47 reviews,Trades & Services
Mechanical Fitter,"8,895",$105K,2.20%,4,Based on 135 reviews,Trades & Services
Mechanic,"10,997",$80K,3.10%,3.5,Based on 95 reviews,Trades & Services
Meat Manager,229,$70K,,3.8,Based on 5 reviews,Trades & Services
Master Technician,100,$80K,,4,Based on 1 review,Trades & Services
Makeup Artist,912,,12.20%,4.2,Based on 14 reviews,Trades & Services
Maintenance Technician,"1,848",$90K,6.10%,4.1,Based on 22 reviews,Trades & Services
Maintenance Team Leader,"5,965",$90K,,4,Based on 2 reviews,Trades & Services
Maintenance Supervisor,"4,935",$130K,,4,Based on 59 reviews,Trades & Services
Maintenance Person,839,$68K,,5,Based on 2 reviews,Trades & Services
Maintenance Officer,"6,453",$73K,10.90%,4,Based on 54 reviews,Trades & Services
Maintenance Manager,"8,162",$130K,,4,Based on 66 reviews,Trades & Services
Maintenance Fitter,"7,438",$95K,2.20%,4.1,Based on 99 reviews,Trades & Services
Maintenance Electrician,"6,706",$110K,10.20%,3.8,Based on 51 reviews,Trades & Services
Maintenance Coordinator,"1,643",$90K,,4,Based on 10 reviews,Trades & Services
Maintenance Controller,100,$85K,,3.5,Based on 2 reviews,Trades & Services
Maintenance Carpenter,"1,863",$83K,-0.60%,3.9,Based on 19 reviews,Trades & Services
Machinist,"3,007",$75K,,4.1,Based on 24 reviews,Trades & Services
Machine Technician,122,$78K,,4,Based on 3 reviews,Trades & Services
Mac Operator,,,,,,Trades & Services
Locksmith,72,$65K,3.20%,4,Based on 11 reviews,Trades & Services
Linesperson,"3,559",,,4.7,Based on 3 reviews,Trades & Services
Light Vehicle Mechanic,"2,625",$85K,-0.70%,3.7,Based on 20 reviews,Trades & Services
Layer,380,$80K,,,,Trades & Services
Landscaper,"5,468",$65K,13.50%,4,Based on 37 reviews,Trades & Services
Landscape Supervisor,296,$90K,,5,Based on 2 reviews,Trades & Services
Labourer,"28,120",$63K,6.90%,3.7,Based on 233 reviews,Trades & Services
Joiner,995,$80K,,4.7,Based on 6 reviews,Trades & Services
Jeweller,293,$83K,-2.30%,4.5,Based on 6 reviews,Trades & Services
Interpreter,"2,277",$70K,18.90%,4,Based on 20 reviews,Trades & Services
Instrumentation Technician,626,$85K,,4.4,Based on 10 reviews,Trades & Services
Installer,"10,684",$73K,8.50%,4.2,Based on 32 reviews,Trades & Services
Installation Technician,258,$85K,,5,Based on 1 review,Trades & Services
Infrastructure Worker,,,,,,Trades & Services
Industrial Spraypainter,155,$80K,,4,Based on 4 reviews,Trades & Services
Industrial Electrician,"4,146",$105K,10.20%,4.1,Based on 33 reviews,Trades & Services
Hydraulic Technician,177,$100K,,4,Based on 2 reviews,Trades & Services
Horticulturist,960,$70K,,4.1,Based on 22 reviews,Trades & Services
Heavy Vehicle Mechanic,"2,451",$93K,-0.70%,3.8,Based on 23 reviews,Trades & Services
Heavy Diesel Mechanic,"2,627",$105K,-0.70%,4.1,Based on 55 reviews,Trades & Services
Heavy Diesel Fitter,"1,355",$185K,0.40%,3.8,Based on 26 reviews,Trades & Services
"Heating, Ventilation and Air Conditioning Technician",359,$100K,,3.8,Based on 8 reviews,Trades & Services
Handyperson,"3,591",$75K,4.90%,4.4,Based on 46 reviews,Trades & Services
Hairstylist,510,$63K,9.60%,3.8,Based on 9 reviews,Trades & Services
Hairdresser,866,$45K,9.60%,3.7,Based on 96 reviews,Trades & Services
Guard,361,,,2,Based on 3 reviews,Trades & Services
Groundskeeper,"1,102",$65K,7.20%,4.1,Based on 55 reviews,Trades & Services
Greenkeeper,352,$68K,,4.1,Based on 9 reviews,Trades & Services
Glazier,688,$78K,1.00%,3.4,Based on 15 reviews,Trades & Services
General Labourer,"3,341",$68K,8.70%,4,Based on 37 reviews,Trades & Services
General Hand,"2,095",$65K,,3.9,Based on 31 reviews,Trades & Services
Gasfitter,288,$90K,8.60%,4,Based on 27 reviews,Trades & Services
Gardener,"4,018",$65K,13.50%,4,Based on 85 reviews,Trades & Services
Formworker,494,$88K,,4.3,Based on 6 reviews,Trades & Services
Formwork Carpenter,"1,012",$83K,-0.60%,4,Based on 39 reviews,Trades & Services
Forklift Technician,"4,052",,,4,Based on 1 review,Trades & Services
Folder Operator,65,,,4,Based on 2 reviews,Trades & Services
Florist,304,$65K,,4.2,Based on 29 reviews,Trades & Services
Flagship Manager,,,,,,Trades & Services
Fitter and Turner,"5,015",$88K,2.20%,4.2,Based on 58 reviews,Trades & Services
Fitter,"12,082",$85K,2.20%,4,Based on 45 reviews,Trades & Services
Fire Technician,555,$93K,,4.4,Based on 9 reviews,Trades & Services
Fire Suppression Technician,100,$90K,,4,Based on 1 review,Trades & Services
Field Service Technician,"4,962",$90K,6.10%,4.4,Based on 45 reviews,Trades & Services
Field Representative,100,$68K,,4.5,Based on 2 reviews,Trades & Services
Facilities Supervisor,259,$85K,,1,Based on 2 reviews,Trades & Services
Fabricator,"1,652",$83K,3.20%,4,Based on 29 reviews,Trades & Services
Engineering Team Leader,"5,889",$135K,,4,Based on 2 reviews,Trades & Services
Electronics Technician,"3,125",$85K,,3.9,Based on 19 reviews,Trades & Services
Electrician,"18,828",$100K,10.20%,3.8,Based on 185 reviews,Trades & Services
Electrical Technician,"2,940",$110K,,4.1,Based on 18 reviews,Trades & Services
Electrical Project Manager,"3,078",$150K,10.20%,4.2,Based on 5 reviews,Trades & Services
Drainer,763,$88K,,,,Trades & Services
Dismantler,245,$73K,,5,Based on 1 review,Trades & Services
Diesel Technician,225,$85K,,3.3,Based on 4 reviews,Trades & Services
Diesel Mechanic,"6,053",$90K,-0.70%,4,Based on 92 reviews,Trades & Services
Diesel Fitter,"4,345",$150K,2.20%,4.1,Based on 57 reviews,Trades & Services
Diagnostic Technician,100,$75K,,3,Based on 4 reviews,Trades & Services
Detailer,608,$65K,,3.7,Based on 15 reviews,Trades & Services
Dermal Therapist,755,$70K,12.20%,3.5,Based on 2 reviews,Trades & Services
Decorator,100,,5.20%,4.5,Based on 11 reviews,Trades & Services
Crowd Controller,388,,,4,Based on 8 reviews,Trades & Services
Crew Supervisor,"1,546",$160K,,,,Trades & Services
Crew Member,"1,502",$63K,,3.2,Based on 242 reviews,Trades & Services
Crane Technician,100,$155K,,,,Trades & Services
Coordination Manager,316,$105K,,,,Trades & Services
Controls Technician,204,$120K,,,,Trades & Services
Control Operator,,,,,,Trades & Services
Construction Labourer,"6,448",$65K,4.70%,4,Based on 101 reviews,Trades & Services
Concreter,"2,693",$85K,1.70%,3.7,Based on 22 reviews,Trades & Services
Communications Technician,628,$105K,,4.3,Based on 4 reviews,Trades & Services
Commissioning Technician,114,$103K,,4,Based on 4 reviews,Trades & Services
Colourist,,,,,,Trades & Services
Clinic Manager,457,$90K,,4.5,Based on 4 reviews,Trades & Services
Cleaning Supervisor,"1,253",$70K,,3.9,Based on 11 reviews,Trades & Services
Cleaner,"12,999",$60K,6.30%,3.9,Based on 597 reviews,Trades & Services
Civil Labourer,"4,167",$73K,,4.3,Based on 38 reviews,Trades & Services
Civil Construction Worker,"3,314",$63K,,3.1,Based on 7 reviews,Trades & Services
Chiller Technician,101,,,5,Based on 1 review,Trades & Services
Carpenter,"8,347",$80K,-0.60%,4,Based on 103 reviews,Trades & Services
Careworker,"2,755",$80K,21.80%,4.6,Based on 37 reviews,Trades & Services
Caretaker,161,$68K,,4.4,Based on 9 reviews,Trades & Services
Car Detailer,907,$55K,6.00%,4,Based on 34 reviews,Trades & Services
Calibration Technician,100,$78K,,4,Based on 1 review,Trades & Services
Cake Decorator,100,$63K,2.90%,4.2,Based on 13 reviews,Trades & Services
Cable Jointer,249,$90K,,5,Based on 2 reviews,Trades & Services
Cabinet Maker,"3,988",$70K,4.70%,3.6,Based on 75 reviews,Trades & Services
Butcher Manager,284,$80K,,4,Based on 2 reviews,Trades & Services
Butcher,570,$75K,11.20%,3.7,Based on 50 reviews,Trades & Services
Builder,"5,112",$115K,1.60%,4.1,Based on 19 reviews,Trades & Services
Bricklayer,853,$65K,2.00%,3.6,Based on 62 reviews,Trades & Services
Boner,258,$68K,,3,Based on 2 reviews,Trades & Services
Boilermaker,"6,102",$115K,3.20%,3.8,Based on 226 reviews,Trades & Services
Beauty Therapist,"4,336",$70K,12.20%,3.9,Based on 91 reviews,Trades & Services
Barber,568,$70K,9.60%,3.9,Based on 21 reviews,Trades & Services
Baker,"1,122",$70K,2.90%,3.3,Based on 75 reviews,Trades & Services
Automotive Technician,"4,928",$78K,-0.70%,3.8,Based on 61 reviews,Trades & Services
Automotive Mechanic,"2,405",$80K,-0.70%,3.9,Based on 37 reviews,Trades & Services
Automotive Electrician,"1,434",$135K,-0.70%,4.3,Based on 90 reviews,Trades & Services
Audio Visual Technician,176,$80K,,4.2,Based on 11 reviews,Trades & Services
Assembler,"4,689",$60K,,3.9,Based on 22 reviews,Trades & Services
Arborist,209,$75K,,4.1,Based on 9 reviews,Trades & Services
Appliance Technician,241,$80K,,3,Based on 1 review,Trades & Services
Air Conditioning and Refrigeration Technician,419,$98K,4.00%,4.5,Based on 2 reviews,Trades & Services
Air Conditioning Technician,935,$98K,,3.9,Based on 12 reviews,Trades & Services
Air Conditioning Mechanic,385,$70K,,,,Trades & Services
Aftersales Manager,100,$105K,,,,Trades & Services
Access Coordinator,100,$95K,,4,Based on 1 review,Trades & Services
Swimming Instructor,872,,9.80%,4.3,Based on 73 reviews,Sport & Recreation
Studio Manager,153,$80K,7.30%,3.6,Based on 5 reviews,Sport & Recreation
Pilates Instructor,,,,,,Sport & Recreation
Personal Trainer,"15,617",$88K,9.80%,4.4,Based on 73 reviews,Sport & Recreation
Participation Officer,100,$80K,,,,Sport & Recreation
Participation Manager,100,$135K,,,,Sport & Recreation
Lifeguard,"1,058",$58K,2.70%,4.1,Based on 63 reviews,Sport & Recreation
Group Leader,948,$145K,,3.8,Based on 5 reviews,Sport & Recreation
Fitness Instructor,"7,997",,9.80%,4.3,Based on 11 reviews,Sport & Recreation
Coach,"12,938",$80K,9.80%,4.1,Based on 48 reviews,Sport & Recreation
Club Manager,863,$78K,1.10%,4,Based on 29 reviews,Sport & Recreation
Activities Officer,297,$73K,,4,Based on 2 reviews,Sport & Recreation
Driving Instructor,"32,190",$75K,8.70%,4.4,Based on 31 reviews,Self Employment
Zoologist,100,$105K,3.40%,4,Based on 1 review,Science & Technology
Technologist,247,,,3.5,Based on 4 reviews,Science & Technology
Technical Officer,436,$88K,,3.7,Based on 56 reviews,Science & Technology
Technical Assistant,105,$73K,,3.3,Based on 11 reviews,Science & Technology
Statistician,119,$100K,11.00%,4.3,Based on 3 reviews,Science & Technology
Research Scientist,"1,696",$100K,3.40%,4.7,Based on 6 reviews,Science & Technology
Regulatory Manager,142,$150K,,,,Science & Technology
Modeller,"10,095",$120K,11.00%,,,Science & Technology
Microbiologist,275,$80K,3.40%,3.9,Based on 17 reviews,Science & Technology
Meteorologist,100,$90K,2.70%,4.5,Based on 2 reviews,Science & Technology
Mathematician,"1,047",$95K,11.00%,,,Science & Technology
Marine Biologist,100,,3.40%,,,Science & Technology
Laboratory Technician,"2,297",$75K,6.80%,3.6,Based on 115 reviews,Science & Technology
Laboratory Supervisor,110,$110K,,3.5,Based on 6 reviews,Science & Technology
Laboratory Scientist,974,$73K,,5,Based on 1 review,Science & Technology
Laboratory Assistant,849,$63K,,3.7,Based on 55 reviews,Science & Technology
Laboratory Analyst,100,$75K,,3.6,Based on 5 reviews,Science & Technology
Geographic Information System Officer,100,$85K,,5,Based on 2 reviews,Science & Technology
Game Designer,571,,13.70%,3,Based on 1 review,Science & Technology
Forester,327,$88K,1.80%,5,Based on 1 review,Science & Technology
Forensic Scientist,100,,3.50%,,,Science & Technology
Food Technologist,312,$80K,0.40%,3.6,Based on 5 reviews,Science & Technology
Environmental Scientist,"1,390",$90K,-2.10%,3.8,Based on 6 reviews,Science & Technology
Environmental Officer,733,$93K,,4.3,Based on 7 reviews,Science & Technology
Environmental Consultant,742,$95K,,4.7,Based on 3 reviews,Science & Technology
Embryologist,100,$90K,5.60%,4.5,Based on 2 reviews,Science & Technology
Ecologist,348,$100K,-2.10%,3.5,Based on 4 reviews,Science & Technology
Data Scientist,"3,235",$125K,11.00%,4.1,Based on 23 reviews,Science & Technology
Control Supervisor,,,,,,Science & Technology
Chemist,"2,226",$75K,0.40%,3.9,Based on 27 reviews,Science & Technology
Certification Officer,100,$65K,,,,Science & Technology
Building Information Modelling Manager,226,$130K,,4.7,Based on 3 reviews,Science & Technology
Archaeologist,100,$85K,18.90%,3.3,Based on 7 reviews,Science & Technology
Aquaculture Technician,100,$65K,-4.90%,3.1,Based on 7 reviews,Science & Technology
Animal Technician,100,$63K,-4.90%,3.9,Based on 11 reviews,Science & Technology
Trader,"20,187",$100K,,4,Based on 5 reviews,Sales
Territory Manager,"8,778",$95K,4.40%,4.2,Based on 51 reviews,Sales
Tender Manager,225,$130K,,5,Based on 1 review,Sales
Success Manager,775,$93K,,5,Based on 1 review,Sales
State Manager,"2,370",$135K,,3.9,Based on 11 reviews,Sales
Specification Representative,48,$83K,,,,Sales
Specification Manager,135,$115K,,,,Sales
Specification Consultant,,,,,,Sales
Specialist Representative,,,,,,Sales
Solutions Specialist,643,$110K,,3.5,Based on 2 reviews,Sales
Solutions Associate,,,,,,Sales
Showroom Consultant,"1,409",$65K,,4,Based on 3 reviews,Sales
Segment Manager,,,,,,Sales
Salesperson,"5,162",$68K,1.60%,3.4,Based on 58 reviews,Sales
Sales and Service Manager,"9,782",$90K,,,,Sales
Sales and Marketing Manager,"6,511",$105K,,3.2,Based on 18 reviews,Sales
Sales and Business Development Manager,"7,196",$105K,5.40%,4.6,Based on 5 reviews,Sales
Sales Team Leader,"11,141",$90K,,4,Based on 8 reviews,Sales
Sales Support Specialist,"1,125",$78K,,3,Based on 1 review,Sales
Sales Supervisor,100,$90K,,2.8,Based on 8 reviews,Sales
Sales Specialist,593,$90K,,4.5,Based on 2 reviews,Sales
Sales Representative,"18,583",$78K,4.90%,3.9,Based on 116 reviews,Sales
Sales Professional,"3,416",$75K,,3.5,Based on 13 reviews,Sales
Sales Officer,157,$70K,,2,Based on 2 reviews,Sales
Sales Manager,"20,686",$120K,5.40%,4.1,Based on 126 reviews,Sales
Sales Executive,"4,670",$83K,5.40%,3.9,Based on 58 reviews,Sales
Sales Engineer,"3,729",$105K,,4.3,Based on 22 reviews,Sales
Sales Director,922,$160K,5.40%,3.8,Based on 4 reviews,Sales
Sales Development Representative,"1,147",$78K,,4,Based on 3 reviews,Sales
Sales Coordinator,"1,671",$70K,,4.1,Based on 24 reviews,Sales
Sales Consultant,"7,159",$75K,4.90%,3.7,Based on 185 reviews,Sales
Sales Analyst,423,$90K,,1,Based on 1 review,Sales
Sales Adviser,100,$65K,,4.1,Based on 8 reviews,Sales
Sales Account Manager,"7,071",$90K,,3.8,Based on 31 reviews,Sales
Retention Officer,100,$70K,,4,Based on 2 reviews,Sales
Retention Coordinator,100,$70K,,,,Sales
Retail Executive,196,$100K,,,,Sales
Reservations Specialist,,,,,,Sales
Relationship Manager,"16,065",$105K,,4.1,Based on 42 reviews,Sales
Relationship Adviser,100,$85K,,3,Based on 1 review,Sales
Proposal Manager,130,$150K,,4,Based on 1 review,Sales
Promotions Manager,109,$95K,,3,Based on 1 review,Sales
Pricing Specialist,100,$100K,5.40%,5,Based on 1 review,Sales
Pricing Officer,100,$75K,5.40%,,,Sales
Presales Consultant,242,$150K,5.40%,3,Based on 1 review,Sales
Partnerships Manager,538,$110K,,3.8,Based on 14 reviews,Sales
Partnerships Executive,100,$78K,,,,Sales
Partnerships Coordinator,100,$80K,,3.5,Based on 2 reviews,Sales
Partner Manager,"18,381",$120K,,,,Sales
Mergers and Acquisitions Manager,520,$160K,,4,Based on 1 review,Sales
Membership Consultant,"44,307",$60K,5.40%,3.3,Based on 7 reviews,Sales
Marketing Representative,100,,11.40%,,,Sales
Management Executive,814,,,5,Based on 1 review,Sales
Licensing Specialist,,,,,,Sales
Key Account Manager,"10,659",$110K,,4,Based on 35 reviews,Sales
Investment Specialist,100,$130K,,,,Sales
Insurance Consultant,270,$80K,,4.6,Based on 5 reviews,Sales
Inside Sales Representative,214,$75K,,3.5,Based on 2 reviews,Sales
Finance Specialist,271,$90K,,2.5,Based on 2 reviews,Sales
Finance Consultant,100,$125K,,3.5,Based on 2 reviews,Sales
Development Executive,411,$88K,,,,Sales
Delivery Coordinator,435,$73K,,3.7,Based on 7 reviews,Sales
Customer Value Specialist,894,,0.70%,,,Sales
Customer Success Manager,"58,804",$95K,,3.6,Based on 7 reviews,Sales
Customer Relationship Management Developer,180,$150K,,,,Sales
Client Relationship Manager,"13,989",$90K,,4.1,Based on 16 reviews,Sales
Client Manager,"8,215",$120K,,3.5,Based on 19 reviews,Sales
Channel Manager,250,$130K,,3.7,Based on 3 reviews,Sales
Campaign Executive,100,$68K,11.40%,,,Sales
Business Executive,866,$100K,,,,Sales
Business Development Specialist,"1,641",$90K,5.40%,,,Sales
Business Development Representative,"9,912",$83K,5.40%,3.5,Based on 2 reviews,Sales
Business Development Manager,"20,314",$105K,4.40%,4.2,Based on 152 reviews,Sales
Business Development Executive,"10,005",$85K,5.40%,4.3,Based on 9 reviews,Sales
Business Consultant,720,$130K,32.20%,4.3,Based on 63 reviews,Sales
Business Adviser,105,$110K,,4.7,Based on 3 reviews,Sales
Business Activity Statement Agent,100,,,5,Based on 1 review,Sales
Brand Ambassador,"1,775",$70K,,4,Based on 42 reviews,Sales
Bid Manager,262,$145K,,4,Based on 5 reviews,Sales
Analytics Manager,398,$145K,17.70%,5,Based on 1 review,Sales
Account Specialist,172,$95K,,5,Based on 1 review,Sales
Account Manager,"21,800",$90K,5.40%,3.9,Based on 145 reviews,Sales
Account Executive,"9,886",$95K,11.40%,3.6,Based on 25 reviews,Sales
Account Director,774,$120K,5.40%,4,Based on 1 review,Sales
Account Development Manager,"2,188",$135K,,3,Based on 1 review,Sales
Account Coordinator,142,$68K,,4.5,Based on 4 reviews,Sales
Account Consultant,,,,,,Sales
Visual Merchandiser,"2,908",$65K,-1.20%,4,Based on 55 reviews,Retail & Consumer Products
Style Consultant,,,,,,Retail & Consumer Products
Store Supervisor,258,$75K,,3.4,Based on 14 reviews,Retail & Consumer Products
Store Leader,"1,904",$70K,,4.5,Based on 2 reviews,Retail & Consumer Products
Storage Consultant,100,$53K,,3,Based on 4 reviews,Retail & Consumer Products
Stock Coordinator,100,$65K,,3,Based on 1 review,Retail & Consumer Products
Sprinklerfitter,100,$110K,,4.3,Based on 4 reviews,Retail & Consumer Products
Showroom Manager,204,$78K,-3.70%,3.6,Based on 10 reviews,Retail & Consumer Products
Service Team Member,"28,971",$63K,,3.2,Based on 9 reviews,Retail & Consumer Products
Sales Assistant,"12,025",$60K,1.60%,3.5,Based on 288 reviews,Retail & Consumer Products
Retail Team Leader,"2,663",$83K,,3.8,Based on 5 reviews,Retail & Consumer Products
Retail Store Manager,"5,346",$70K,0.30%,3.7,Based on 336 reviews,Retail & Consumer Products
Retail Sales Associate,"10,636",$65K,,3.7,Based on 60 reviews,Retail & Consumer Products
Retail Sales Assistant,"11,251",$58K,1.60%,3.5,Based on 633 reviews,Retail & Consumer Products
Retail Coordinator,153,$70K,,4,Based on 1 review,Retail & Consumer Products
Retail Buyer,838,$80K,0.40%,,,Retail & Consumer Products
Resourcer,235,$68K,,,,Retail & Consumer Products
Regional Manager,"4,133",$125K,,4.1,Based on 45 reviews,Retail & Consumer Products
Product Coordinator,224,$70K,22.30%,4.5,Based on 2 reviews,Retail & Consumer Products
Produce Manager,100,$65K,,3.5,Based on 6 reviews,Retail & Consumer Products
Prison Officer,133,$83K,,2.9,Based on 10 reviews,Retail & Consumer Products
Planning Assistant,134,$70K,,,,Retail & Consumer Products
Planning Analyst,111,$95K,,3.8,Based on 4 reviews,Retail & Consumer Products
Optical Dispenser,368,$63K,5.20%,3.9,Based on 71 reviews,Retail & Consumer Products
Operations Clerk,100,$63K,,4,Based on 2 reviews,Retail & Consumer Products
Merchandiser,"9,626",$65K,-1.20%,3.9,Based on 109 reviews,Retail & Consumer Products
Merchandise Coordinator,100,$68K,,,,Retail & Consumer Products
Fulfilment Specialist,100,$60K,,,,Retail & Consumer Products
Dogperson,"1,164",$110K,,4.8,Based on 6 reviews,Retail & Consumer Products
Design Specialist,330,$105K,,4.3,Based on 3 reviews,Retail & Consumer Products
Design Consultant,655,$70K,,4,Based on 2 reviews,Retail & Consumer Products
Department Manager,"1,864",$75K,,3.6,Based on 31 reviews,Retail & Consumer Products
Customer Service and Sales Consultant,"5,449",$65K,,3.7,Based on 15 reviews,Retail & Consumer Products
Customer Service Assistant,"6,596",$63K,0.70%,3.4,Based on 91 reviews,Retail & Consumer Products
Customer Manager,"2,487",$115K,,5,Based on 1 review,Retail & Consumer Products
Criminologist,112,,18.90%,,,Retail & Consumer Products
Counter Manager,108,$65K,,3.8,Based on 4 reviews,Retail & Consumer Products
Contact Representative,,,,,,Retail & Consumer Products
Concession Manager,100,$60K,,4.3,Based on 4 reviews,Retail & Consumer Products
Cluster Manager,254,$78K,4.40%,4.7,Based on 3 reviews,Retail & Consumer Products
Checkout Operator,350,,5.80%,3.4,Based on 43 reviews,Retail & Consumer Products
Category Manager,"1,384",,,3.8,Based on 10 reviews,Retail & Consumer Products
Cashier,385,$55K,5.80%,3.7,Based on 162 reviews,Retail & Consumer Products
Buyer,"2,944",$100K,,3.8,Based on 11 reviews,Retail & Consumer Products
Boutique Manager,316,$73K,,,,Retail & Consumer Products
Beauty Adviser,771,,,3.6,Based on 11 reviews,Retail & Consumer Products
Bakery Assistant,352,$58K,2.90%,3.8,Based on 47 reviews,Retail & Consumer Products
Assistant Store Manager,"2,848",$65K,-3.70%,3.6,Based on 123 reviews,Retail & Consumer Products
Area Manager,"11,794",$105K,9.20%,4,Based on 69 reviews,Retail & Consumer Products
Allocator,"1,286",$80K,,3.3,Based on 6 reviews,Retail & Consumer Products
Allocation Analyst,100,$65K,,4,Based on 2 reviews,Retail & Consumer Products
Workplace Manager,184,$95K,,4,Based on 2 reviews,Real Estate & Property
Village Manager,178,$113K,,4,Based on 6 reviews,Real Estate & Property
Valuer,664,$93K,,4,Based on 2 reviews,Real Estate & Property
Trust Accountant,"2,534",$88K,9.20%,4.9,Based on 8 reviews,Real Estate & Property
Transaction Manager,100,$130K,,,,Real Estate & Property
Tenancy Manager,100,$95K,,2.7,Based on 3 reviews,Real Estate & Property
Tenancy Coordinator,,,,,,Real Estate & Property
Strata Manager,"2,105",$95K,,3,Based on 13 reviews,Real Estate & Property
Sales Associate,"1,455",$65K,,3.6,Based on 50 reviews,Real Estate & Property
Sales Agent,"2,215",$65K,,3.7,Based on 7 reviews,Real Estate & Property
Sales Administrator,"1,537",$70K,,4.2,Based on 33 reviews,Real Estate & Property
Research Analyst,245,$90K,11.00%,4.1,Based on 8 reviews,Real Estate & Property
Real Estate Agent,"3,128",$70K,9.50%,3.5,Based on 34 reviews,Real Estate & Property
Property Valuer,409,$90K,12.20%,2.6,Based on 7 reviews,Real Estate & Property
Property Specialist,159,$90K,,,,Real Estate & Property
Property Officer,"3,110",$70K,,3.3,Based on 3 reviews,Real Estate & Property
Property Manager,"4,199",$78K,9.50%,3.6,Based on 197 reviews,Real Estate & Property
Property Developer,"1,413",$95K,12.20%,,,Real Estate & Property
Property Consultant,188,$70K,10.70%,2,Based on 2 reviews,Real Estate & Property
Property Adviser,100,$115K,,,,Real Estate & Property
Property Administrator,149,$75K,,3,Based on 1 review,Real Estate & Property
Management Associate,646,$85K,,,,Real Estate & Property
Leasing Officer,110,$68K,,4,Based on 4 reviews,Real Estate & Property
Leasing Manager,434,$100K,,3.3,Based on 3 reviews,Real Estate & Property
Leasing Executive,139,$85K,,5,Based on 1 review,Real Estate & Property
Leasing Coordinator,100,$85K,,,,Real Estate & Property
Leasing Consultant,"3,135",$65K,-0.30%,3.9,Based on 15 reviews,Real Estate & Property
Leasing Agent,262,$68K,,5,Based on 1 review,Real Estate & Property
Lease Administrator,233,$78K,,1,Based on 1 review,Real Estate & Property
Investment Analyst,738,$125K,,5,Based on 2 reviews,Real Estate & Property
Inspection Officer,100,$63K,,5,Based on 2 reviews,Real Estate & Property
Housing Manager,507,$115K,,,,Real Estate & Property
Fund Analyst,100,$135K,,,,Real Estate & Property
Facilities Manager,"6,105",$115K,4.20%,4.1,Based on 53 reviews,Real Estate & Property
Facilities Coordinator,"2,518",$80K,,3.9,Based on 9 reviews,Real Estate & Property
Experience Coordinator,"1,304",$80K,,,,Real Estate & Property
Estate Manager,235,$110K,,5,Based on 1 review,Real Estate & Property
Development Manager,"58,076",$155K,,4,Based on 15 reviews,Real Estate & Property
Development Director,"5,646",$265K,,4,Based on 1 review,Real Estate & Property
Development Associate,282,$155K,,,,Real Estate & Property
Commercial Property Manager,"1,629",$95K,9.50%,3.7,Based on 9 reviews,Real Estate & Property
Building Manager,"2,797",$88K,,4.1,Based on 9 reviews,Real Estate & Property
Assistant Property Manager,"1,891",$65K,,3.4,Based on 31 reviews,Real Estate & Property
Asset Manager,"1,317",$130K,,4.1,Based on 7 reviews,Real Estate & Property
Area Director,,,,,,Real Estate & Property
Agent,"2,959",$65K,,3.4,Based on 9 reviews,Real Estate & Property
Water Cart Operator,271,$135K,,4.3,Based on 14 reviews,"Mining, Resources & Energy"
Trading Analyst,,,,,,"Mining, Resources & Energy"
Survey Technician,230,$90K,11.90%,4,Based on 2 reviews,"Mining, Resources & Energy"
Shotfirer,136,$140K,14.90%,4.2,Based on 21 reviews,"Mining, Resources & Energy"
Shift Technician,100,$110K,,2,Based on 1 review,"Mining, Resources & Energy"
Shift Operator,396,$85K,,2,Based on 1 review,"Mining, Resources & Energy"
Serviceperson,"2,765",$130K,,4.2,Based on 24 reviews,"Mining, Resources & Energy"
Scraper Operator,100,$103K,,5,Based on 1 review,"Mining, Resources & Energy"
Safety Specialist,242,$125K,,3,Based on 2 reviews,"Mining, Resources & Energy"
Response Coordinator,100,$95K,,,,"Mining, Resources & Energy"
Reliability Engineer,"1,577",$145K,,4.2,Based on 9 reviews,"Mining, Resources & Energy"
Quarry Operator,339,$100K,,2.3,Based on 3 reviews,"Mining, Resources & Energy"
Project Technician,206,$90K,,,,"Mining, Resources & Energy"
Project Advisor,224,$108K,,5,Based on 1 review,"Mining, Resources & Energy"
Production Engineer,"1,654",$120K,,4,Based on 10 reviews,"Mining, Resources & Energy"
Procurement Adviser,100,$110K,,5,Based on 1 review,"Mining, Resources & Energy"
Processing Supervisor,159,$150K,,3.9,Based on 7 reviews,"Mining, Resources & Energy"
Processing Manager,700,$195K,,,,"Mining, Resources & Energy"
Process Technician,591,$110K,,3.4,Based on 18 reviews,"Mining, Resources & Energy"
Process Plant Operator,838,$90K,,3.3,Based on 3 reviews,"Mining, Resources & Energy"
Process Operator,"1,880",$110K,,3.8,Based on 30 reviews,"Mining, Resources & Energy"
Process Manager,"1,169",$125K,,4,Based on 1 review,"Mining, Resources & Energy"
Planning Supervisor,127,$115K,,,,"Mining, Resources & Energy"
Planning Engineer,"2,213",$150K,,4.5,Based on 8 reviews,"Mining, Resources & Energy"
Performance Engineer,340,$140K,,,,"Mining, Resources & Energy"
Optimisation Specialist,100,$125K,,,,"Mining, Resources & Energy"
Operator Technician,100,,,3.5,Based on 2 reviews,"Mining, Resources & Energy"
Operations Adviser,100,$100K,,,,"Mining, Resources & Energy"
Nipper,464,$103K,,,,"Mining, Resources & Energy"
Mining Supervisor,562,$195K,,3,Based on 3 reviews,"Mining, Resources & Energy"
Mining Engineer,"1,730",$160K,17.10%,4.2,Based on 37 reviews,"Mining, Resources & Energy"
Miner,397,$135K,14.90%,4.1,Based on 9 reviews,"Mining, Resources & Energy"
Metallurgist,329,$110K,3.50%,4.4,Based on 14 reviews,"Mining, Resources & Energy"
Market Analyst,134,$110K,22.30%,4,Based on 1 review,"Mining, Resources & Energy"
Marine Surveyor,100,$110K,18.10%,3.7,Based on 9 reviews,"Mining, Resources & Energy"
Management Specialist,787,$105K,12.10%,4,Based on 2 reviews,"Mining, Resources & Energy"
Management Adviser,100,$95K,,,,"Mining, Resources & Energy"
Maintainer,140,$85K,,,,"Mining, Resources & Energy"
Loader Operator,"3,568",$135K,,4,Based on 23 reviews,"Mining, Resources & Energy"
Jumbo Operator,296,$200K,14.90%,3.4,Based on 7 reviews,"Mining, Resources & Energy"
Instrumentation Engineer,468,$100K,,4,Based on 2 reviews,"Mining, Resources & Energy"
In House Lawyer,"1,478",$155K,20.00%,3.3,Based on 4 reviews,"Mining, Resources & Energy"
Improvement Engineer,294,,8.40%,,,"Mining, Resources & Energy"
Hydrologist,100,$120K,,,,"Mining, Resources & Energy"
Health and Safety Manager,"8,993",$160K,,4.3,Based on 3 reviews,"Mining, Resources & Energy"
Health and Safety Adviser,"1,364",$125K,,4,Based on 5 reviews,"Mining, Resources & Energy"
Health Specialist,"1,349",$130K,,,,"Mining, Resources & Energy"
Grader Operator,"2,575",$75K,,4.6,Based on 13 reviews,"Mining, Resources & Energy"
Geotechnical Engineer,494,$135K,,3.8,Based on 12 reviews,"Mining, Resources & Energy"
Geophysicist,100,$95K,-8.20%,3.7,Based on 3 reviews,"Mining, Resources & Energy"
Geologist,544,$125K,-8.20%,4,Based on 27 reviews,"Mining, Resources & Energy"
Field Assistant,687,$93K,,3.9,Based on 8 reviews,"Mining, Resources & Energy"
Equipment Operator,159,$75K,,3.3,Based on 3 reviews,"Mining, Resources & Energy"
Environmental Specialist,448,$130K,,4.3,Based on 4 reviews,"Mining, Resources & Energy"
Environmental Coordinator,198,$120K,,,,"Mining, Resources & Energy"
Environment Advisor,181,$118K,,4.5,Based on 2 reviews,"Mining, Resources & Energy"
Energy Analyst,165,$115K,,5,Based on 2 reviews,"Mining, Resources & Energy"
Earthworks Supervisor,,,,,,"Mining, Resources & Energy"
Dump Truck Operator,"3,864",$125K,1.60%,3.8,Based on 126 reviews,"Mining, Resources & Energy"
Drillers Assistant,418,$105K,14.90%,4.8,Based on 4 reviews,"Mining, Resources & Energy"
Driller,"1,679",$135K,14.90%,4,Based on 21 reviews,"Mining, Resources & Energy"
Dozer Operator,"1,838",$143K,,4.5,Based on 19 reviews,"Mining, Resources & Energy"
Dewatering Technician,100,$140K,,3,Based on 3 reviews,"Mining, Resources & Energy"
Counsel,"7,474",$150K,,,,"Mining, Resources & Energy"
Controls Analyst,100,$110K,,,,"Mining, Resources & Energy"
Control Manager,390,$160K,,4,Based on 1 review,"Mining, Resources & Energy"
Contracts Adviser,113,$120K,,,,"Mining, Resources & Energy"
Compliance Adviser,100,$105K,,,,"Mining, Resources & Energy"
Community Officer,427,$90K,,4,Based on 1 review,"Mining, Resources & Energy"
Commercial Associate,164,$125K,11.40%,,,"Mining, Resources & Energy"
Charge Up Operator,76,$140K,,5,Based on 2 reviews,"Mining, Resources & Energy"
Bogger Operator,129,$150K,,4.8,Based on 5 reviews,"Mining, Resources & Energy"
Belt Splicer,100,$95K,,4.2,Based on 6 reviews,"Mining, Resources & Energy"
Assurance Engineer,123,$100K,,,,"Mining, Resources & Energy"
Approvals Officer,100,$105K,,,,"Mining, Resources & Energy"
Analysis Manager,231,$145K,,5,Based on 1 review,"Mining, Resources & Energy"
All Rounder Operator,217,$170K,,4.3,Based on 12 reviews,"Mining, Resources & Energy"
eCommerce Marketing Manager,202,$110K,,,,Marketing & Communications
eCommerce Manager,487,$110K,,3.8,Based on 6 reviews,Marketing & Communications
Strategy Director,244,$170K,,3.5,Based on 2 reviews,Marketing & Communications
Social Media Manager,"2,213",$90K,11.40%,4.1,Based on 28 reviews,Marketing & Communications
Social Media Coordinator,869,$70K,11.40%,4,Based on 1 review,Marketing & Communications
Search Specialist,92,,11.40%,,,Marketing & Communications
Search Engine Optimisation Specialist,100,$85K,11.40%,3.7,Based on 3 reviews,Marketing & Communications
Search Engine Optimisation Manager,100,$105K,4.40%,,,Marketing & Communications
Search Engine Marketing Specialist,100,$95K,11.40%,,,Marketing & Communications
Search Engine Marketing Manager,100,$108K,4.40%,,,Marketing & Communications
Research Specialist,124,$103K,,,,Marketing & Communications
Research Consultant,100,$110K,11.40%,5,Based on 2 reviews,Marketing & Communications
Relations Specialist,298,$95K,,,,Marketing & Communications
Publicist,100,$80K,,5,Based on 1 review,Marketing & Communications
Public Relations Specialist,127,$90K,,,,Marketing & Communications
Public Relations Officer,170,$85K,-2.60%,4.6,Based on 8 reviews,Marketing & Communications
Public Relations Manager,"1,199",$130K,4.40%,4.3,Based on 3 reviews,Marketing & Communications
Public Relations Account Manager,168,$83K,,,,Marketing & Communications
Product Marketing Manager,"2,794",$125K,11.40%,4.2,Based on 5 reviews,Marketing & Communications
Product Manager,"3,010",$130K,22.30%,4,Based on 90 reviews,Marketing & Communications
Product Analyst,210,$100K,22.30%,4,Based on 1 review,Marketing & Communications
Portfolio Specialist,100,$145K,,,,Marketing & Communications
Platform Specialist,137,$125K,,,,Marketing & Communications
Performance Specialist,146,,11.40%,,,Marketing & Communications
Performance Manager,"1,206",$130K,,4,Based on 1 review,Marketing & Communications
Performance Executive,141,$70K,4.40%,,,Marketing & Communications
Pay Per Click Specialist,122,$78K,,,,Marketing & Communications
Partnerships Officer,100,$88K,,3,Based on 1 review,Marketing & Communications
Paid Search Manager,,,,,,Marketing & Communications
Mystery Shopper,137,,,4.5,Based on 4 reviews,Marketing & Communications
Media Specialist,123,$90K,,,,Marketing & Communications
Media Officer,158,$80K,,4.5,Based on 2 reviews,Marketing & Communications
Media Manager,457,$135K,,3,Based on 2 reviews,Marketing & Communications
Media Director,100,$150K,,4,Based on 1 review,Marketing & Communications
Media Coordinator,164,$70K,,4,Based on 2 reviews,Marketing & Communications
Media Analyst,,,,,,Marketing & Communications
Media Adviser,244,$103K,,4,Based on 1 review,Marketing & Communications
Marketing and Social Media Manager,"1,171",$83K,4.40%,5,Based on 1 review,Marketing & Communications
Marketing and Communications Manager,"7,719",$120K,11.40%,4.5,Based on 2 reviews,Marketing & Communications
Marketing and Communications Coordinator,"1,426",$78K,11.40%,4,Based on 1 review,Marketing & Communications
Marketing Team Leader,"5,513",$100K,4.40%,3,Based on 2 reviews,Marketing & Communications
Marketing Strategist,"7,504",$78K,,1,Based on 1 review,Marketing & Communications
Marketing Specialist,"2,457",$88K,11.40%,3.8,Based on 13 reviews,Marketing & Communications
Marketing Officer,975,$75K,11.40%,3.5,Based on 17 reviews,Marketing & Communications
Marketing Manager,"5,164",$110K,4.40%,3.9,Based on 95 reviews,Marketing & Communications
Marketing Executive,"2,395",$83K,4.40%,4.1,Based on 20 reviews,Marketing & Communications
Marketing Director,520,$155K,4.40%,4.1,Based on 8 reviews,Marketing & Communications
Marketing Data Analyst,"2,162",$110K,11.40%,,,Marketing & Communications
Marketing Coordinator,"2,931",$75K,11.40%,3.7,Based on 86 reviews,Marketing & Communications
Marketing Consultant,132,$75K,11.40%,4.5,Based on 4 reviews,Marketing & Communications
Marketing Communications Specialist,586,$88K,11.40%,5,Based on 2 reviews,Marketing & Communications
Marketing Communications Manager,"1,671",$115K,11.40%,3.7,Based on 3 reviews,Marketing & Communications
Marketing Associate,117,$73K,11.40%,3,Based on 1 review,Marketing & Communications
Marketing Assistant,"3,701",$65K,11.40%,3.8,Based on 30 reviews,Marketing & Communications
Marketing Analyst,209,$105K,,,,Marketing & Communications
Marketing Adviser,100,$90K,11.40%,5,Based on 2 reviews,Marketing & Communications
Marketer,"26,518",$95K,11.40%,4,Based on 1 review,Marketing & Communications
Market Researcher,"2,937",,11.40%,3.7,Based on 6 reviews,Marketing & Communications
Market Research Analyst,183,$120K,11.40%,4,Based on 1 review,Marketing & Communications
Loyalty Manager,100,$120K,11.40%,,,Marketing & Communications
Insights Specialist,100,$115K,22.30%,,,Marketing & Communications
Insights Manager,540,$135K,17.70%,4,Based on 1 review,Marketing & Communications
Insights Consultant,100,$98K,,,,Marketing & Communications
Innovation Officer,,,,,,Marketing & Communications
Innovation Manager,168,$135K,,4.5,Based on 2 reviews,Marketing & Communications
Head of Product,"2,348",$205K,,4.5,Based on 2 reviews,Marketing & Communications
Head of Marketing,"2,173",$160K,4.40%,3.3,Based on 7 reviews,Marketing & Communications
Growth Manager,"1,255",$130K,5.40%,4,Based on 1 review,Marketing & Communications
Experience Executive,"1,161",$73K,,,,Marketing & Communications
Events Planner,"6,222",$75K,10.70%,4.5,Based on 2 reviews,Marketing & Communications
Events Manager,"1,536",$90K,10.70%,4.1,Based on 66 reviews,Marketing & Communications
Events Coordinator,"1,231",$73K,10.70%,4,Based on 66 reviews,Marketing & Communications
Engagement Specialist,139,$105K,,3,Based on 1 review,Marketing & Communications
Engagement Manager,557,$120K,,4,Based on 3 reviews,Marketing & Communications
Engagement Coordinator,184,$83K,,3,Based on 1 review,Marketing & Communications
Engagement Adviser,100,$90K,,,,Marketing & Communications
Digital Strategist,"3,308",$90K,,,,Marketing & Communications
Digital Marketing Specialist,"1,324",$88K,11.40%,4.4,Based on 19 reviews,Marketing & Communications
Digital Marketing Manager,"2,015",$110K,11.40%,4.3,Based on 27 reviews,Marketing & Communications
Digital Marketer,"3,444",$75K,11.40%,4.6,Based on 5 reviews,Marketing & Communications
Digital Executive,100,$73K,4.40%,4,Based on 1 review,Marketing & Communications
Customer Insights Manager,722,,11.40%,,,Marketing & Communications
Creative Manager,175,$115K,0.80%,5,Based on 1 review,Marketing & Communications
Corporate Communications Manager,520,$145K,5.40%,3.8,Based on 5 reviews,Marketing & Communications
Copywriter,"1,012",$75K,7.10%,4.3,Based on 37 reviews,Marketing & Communications
Content Writer,"4,983",$80K,,4.2,Based on 9 reviews,Marketing & Communications
Content Strategist,"2,185",$80K,,5,Based on 1 review,Marketing & Communications
Content Specialist,101,$90K,,3.7,Based on 3 reviews,Marketing & Communications
Content Officer,100,$83K,,,,Marketing & Communications
Content Marketing Manager,976,$100K,11.40%,3.7,Based on 3 reviews,Marketing & Communications
Content Manager,319,$105K,,4,Based on 4 reviews,Marketing & Communications
Content Executive,100,$78K,4.40%,4,Based on 1 review,Marketing & Communications
Content Creator,176,$73K,11.40%,4.5,Based on 16 reviews,Marketing & Communications
Content Coordinator,132,$73K,11.40%,5,Based on 1 review,Marketing & Communications
Content Adviser,100,$108K,,,,Marketing & Communications
Communications and Engagement Adviser,705,$93K,,,,Marketing & Communications
Communications Specialist,351,$100K,,4.8,Based on 5 reviews,Marketing & Communications
Communications Officer,"1,313",$85K,,3.8,Based on 37 reviews,Marketing & Communications
Communications Manager,"1,453",$130K,4.40%,4.1,Based on 23 reviews,Marketing & Communications
Communications Executive,299,$83K,,3,Based on 1 review,Marketing & Communications
Communications Assistant,170,$68K,,3.5,Based on 2 reviews,Marketing & Communications
Communications Adviser,287,$95K,11.40%,3.9,Based on 16 reviews,Marketing & Communications
Campaign Specialist,100,$95K,11.40%,,,Marketing & Communications
Campaign Manager,560,$105K,11.40%,3.5,Based on 2 reviews,Marketing & Communications
Campaign Coordinator,100,$73K,,,,Marketing & Communications
Campaign Analyst,100,$113K,,4,Based on 1 review,Marketing & Communications
Brand Specialist,176,$88K,11.40%,,,Marketing & Communications
Brand Marketing Manager,"2,204",$103K,11.40%,,,Marketing & Communications
Brand Manager,"1,694",$105K,11.40%,4.3,Based on 25 reviews,Marketing & Communications
Bid Coordinator,160,$95K,,4.5,Based on 4 reviews,Marketing & Communications
Adwords Specialist,100,,11.40%,,,Marketing & Communications
Advocacy Manager,100,$135K,,,,Marketing & Communications
Activation Specialist,33,$80K,,,,Marketing & Communications
Activation Manager,100,$90K,,3.5,Based on 2 reviews,Marketing & Communications
Yard Manager,100,,,4.3,Based on 3 reviews,"Manufacturing, Transport & Logistics"
Workforce Manager,235,$90K,,5,Based on 1 review,"Manufacturing, Transport & Logistics"
Workflow Manager,,,,,,"Manufacturing, Transport & Logistics"
Warranty Officer,100,$70K,,4.5,Based on 2 reviews,"Manufacturing, Transport & Logistics"
Warehouse Worker,"2,207",$58K,6.20%,3.9,Based on 42 reviews,"Manufacturing, Transport & Logistics"
Warehouse Supervisor,"4,481",$80K,6.80%,3.7,Based on 47 reviews,"Manufacturing, Transport & Logistics"
Warehouse Storeperson,"5,393",$60K,6.20%,3.9,Based on 104 reviews,"Manufacturing, Transport & Logistics"
Warehouse Operator,634,$65K,,3.6,Based on 51 reviews,"Manufacturing, Transport & Logistics"
Warehouse Officer,458,$70K,,4.3,Based on 12 reviews,"Manufacturing, Transport & Logistics"
Warehouse Manager,"6,512",$90K,3.30%,4,Based on 85 reviews,"Manufacturing, Transport & Logistics"
Warehouse Assistant,"3,430",$58K,,3.7,Based on 108 reviews,"Manufacturing, Transport & Logistics"
Vehicle Operator,"4,664",$65K,,,,"Manufacturing, Transport & Logistics"
Van Driver,"1,853",$63K,,3.7,Based on 3 reviews,"Manufacturing, Transport & Logistics"
Upholsterer,143,$65K,13.50%,4.4,Based on 5 reviews,"Manufacturing, Transport & Logistics"
Unit Manager,882,$125K,,4.4,Based on 5 reviews,"Manufacturing, Transport & Logistics"
Truck and Dog Driver,"2,302",$95K,,3.2,Based on 6 reviews,"Manufacturing, Transport & Logistics"
Truck Driver,"18,617",$80K,1.10%,4,Based on 195 reviews,"Manufacturing, Transport & Logistics"
Transport Officer,"6,284",$68K,,3,Based on 3 reviews,"Manufacturing, Transport & Logistics"
Transport Driver,"2,107",$70K,,4.6,Based on 7 reviews,"Manufacturing, Transport & Logistics"
Transport Coordinator,477,$78K,,4.3,Based on 3 reviews,"Manufacturing, Transport & Logistics"
Train Driver,810,$100K,8.30%,3.8,Based on 38 reviews,"Manufacturing, Transport & Logistics"
Tipper Driver,"3,064",$115K,,4,Based on 17 reviews,"Manufacturing, Transport & Logistics"
Tilt Tray Driver,150,$95K,,4.5,Based on 2 reviews,"Manufacturing, Transport & Logistics"
Technical Manager,969,$135K,,4.2,Based on 6 reviews,"Manufacturing, Transport & Logistics"
Tanker Driver,400,$85K,,4.3,Based on 3 reviews,"Manufacturing, Transport & Logistics"
Supply Manager,330,$110K,,4,Based on 2 reviews,"Manufacturing, Transport & Logistics"
Supply Coordinator,118,$75K,,,,"Manufacturing, Transport & Logistics"
Supply Chain Officer,269,$75K,,4,Based on 2 reviews,"Manufacturing, Transport & Logistics"
Supply Chain Manager,"2,428",$140K,3.50%,4.4,Based on 34 reviews,"Manufacturing, Transport & Logistics"
Supply Chain Consultant,213,$135K,,,,"Manufacturing, Transport & Logistics"
Supplier Manager,257,$120K,,,,"Manufacturing, Transport & Logistics"
Stores Officer,100,$70K,,2.3,Based on 3 reviews,"Manufacturing, Transport & Logistics"
Storeperson,"10,937",$60K,6.20%,3.7,Based on 247 reviews,"Manufacturing, Transport & Logistics"
Stock Controller,382,$68K,,3.8,Based on 12 reviews,"Manufacturing, Transport & Logistics"
Sourcing Specialist,182,$105K,3.50%,4,Based on 1 review,"Manufacturing, Transport & Logistics"
Sourcing Manager,288,$145K,3.30%,5,Based on 1 review,"Manufacturing, Transport & Logistics"
Sourcing Consultant,100,,3.50%,,,"Manufacturing, Transport & Logistics"
Solutions Designer,"10,460",$145K,,3,Based on 1 review,"Manufacturing, Transport & Logistics"
Signalling Engineer,100,$150K,,5,Based on 1 review,"Manufacturing, Transport & Logistics"
Signal Technician,100,,,2,Based on 1 review,"Manufacturing, Transport & Logistics"
Ships Officer,100,,3.80%,4,Based on 1 review,"Manufacturing, Transport & Logistics"
Shipping Clerk,100,$70K,,5,Based on 1 review,"Manufacturing, Transport & Logistics"
Shift Team Leader,"1,579",,,5,Based on 1 review,"Manufacturing, Transport & Logistics"
Shift Supervisor,783,$110K,,3.5,Based on 58 reviews,"Manufacturing, Transport & Logistics"
Shift Manager,639,$90K,,3.6,Based on 29 reviews,"Manufacturing, Transport & Logistics"
Section Leader,679,$118K,,4,Based on 2 reviews,"Manufacturing, Transport & Logistics"
Sea Freight Operator,,,,,,"Manufacturing, Transport & Logistics"
School Bus Driver,280,,,4,Based on 3 reviews,"Manufacturing, Transport & Logistics"
Saw Operator,100,$55K,,3,Based on 1 review,"Manufacturing, Transport & Logistics"
Room Supervisor,"4,766",$85K,,5,Based on 1 review,"Manufacturing, Transport & Logistics"
Roadtrain Operator,563,$130K,,3.9,Based on 14 reviews,"Manufacturing, Transport & Logistics"
Rail Manager,100,$175K,,,,"Manufacturing, Transport & Logistics"
Quality Officer,509,$90K,,4.7,Based on 3 reviews,"Manufacturing, Transport & Logistics"
Quality Manager,"5,049",$135K,,3.7,Based on 29 reviews,"Manufacturing, Transport & Logistics"
Quality Inspector,"3,291",$85K,,4,Based on 2 reviews,"Manufacturing, Transport & Logistics"
Quality Engineer,"2,367",$110K,,4.4,Based on 12 reviews,"Manufacturing, Transport & Logistics"
Quality Coordinator,601,$95K,,3.8,Based on 4 reviews,"Manufacturing, Transport & Logistics"
Quality Control Inspector,100,$135K,,4,Based on 9 reviews,"Manufacturing, Transport & Logistics"
Quality Assurance Officer,725,$78K,,3.7,Based on 27 reviews,"Manufacturing, Transport & Logistics"
Quality Assurance Inspector,100,$88K,17.50%,4,Based on 2 reviews,"Manufacturing, Transport & Logistics"
Quality Assurance Engineer,"1,090",$105K,,4.2,Based on 20 reviews,"Manufacturing, Transport & Logistics"
Quality Assurance Coordinator,279,$80K,,4,Based on 4 reviews,"Manufacturing, Transport & Logistics"
Quality Adviser,100,$125K,,4,Based on 2 reviews,"Manufacturing, Transport & Logistics"
Purchasing Officer,"1,377",$80K,3.30%,3.9,Based on 53 reviews,"Manufacturing, Transport & Logistics"
Purchasing Manager,892,$110K,,4.7,Based on 3 reviews,"Manufacturing, Transport & Logistics"
Purchasing Assistant,100,$68K,,3,Based on 2 reviews,"Manufacturing, Transport & Logistics"
Protection Officer,103,$95K,,5,Based on 3 reviews,"Manufacturing, Transport & Logistics"
Production Worker,"3,332",$63K,-4.10%,3.7,Based on 46 reviews,"Manufacturing, Transport & Logistics"
Production Technician,352,$78K,,4,Based on 10 reviews,"Manufacturing, Transport & Logistics"
Production Supervisor,"2,113",$90K,,3.9,Based on 38 reviews,"Manufacturing, Transport & Logistics"
Production Specialist,100,$85K,,4.5,Based on 2 reviews,"Manufacturing, Transport & Logistics"
Production Planner,"3,394",$90K,,4,Based on 10 reviews,"Manufacturing, Transport & Logistics"
Production Operator,"2,748",$65K,-4.10%,3.9,Based on 100 reviews,"Manufacturing, Transport & Logistics"
Production Manager,"4,207",$110K,13.00%,4,Based on 108 reviews,"Manufacturing, Transport & Logistics"
Production Coordinator,237,$78K,,4.2,Based on 21 reviews,"Manufacturing, Transport & Logistics"
Production Assistant,203,$60K,,3.7,Based on 26 reviews,"Manufacturing, Transport & Logistics"
Procurement Specialist,694,$115K,,3.8,Based on 9 reviews,"Manufacturing, Transport & Logistics"
Procurement Officer,887,$90K,3.30%,4.2,Based on 33 reviews,"Manufacturing, Transport & Logistics"
Procurement Manager,"1,353",$145K,9.60%,4.1,Based on 14 reviews,"Manufacturing, Transport & Logistics"
Procurement Consultant,100,$135K,,,,"Manufacturing, Transport & Logistics"
Processor,286,$65K,,4,Based on 3 reviews,"Manufacturing, Transport & Logistics"
Process Worker,"8,066",$60K,7.10%,3.7,Based on 92 reviews,"Manufacturing, Transport & Logistics"
Press Operator,100,$65K,,4.5,Based on 2 reviews,"Manufacturing, Transport & Logistics"
Plant Manager,598,$120K,,3.6,Based on 8 reviews,"Manufacturing, Transport & Logistics"
Planning Team Leader,"10,395",$113K,,3,Based on 1 review,"Manufacturing, Transport & Logistics"
Planning Manager,"2,302",$140K,,4.1,Based on 8 reviews,"Manufacturing, Transport & Logistics"
Planning Coordinator,401,$85K,,4,Based on 1 review,"Manufacturing, Transport & Logistics"
Pilot,391,$105K,31.40%,3.7,Based on 31 reviews,"Manufacturing, Transport & Logistics"
Picker and Packer,"4,452",$58K,6.00%,4,Based on 249 reviews,"Manufacturing, Transport & Logistics"
Picker,"6,532",$55K,,3.7,Based on 15 reviews,"Manufacturing, Transport & Logistics"
Parts Coordinator,483,$78K,,2.5,Based on 2 reviews,"Manufacturing, Transport & Logistics"
Packer,"41,305",$53K,6.00%,3.9,Based on 67 reviews,"Manufacturing, Transport & Logistics"
Owner Driver,358,$80K,,4.3,Based on 17 reviews,"Manufacturing, Transport & Logistics"
Operations Team Leader,"15,387",$95K,,4.3,Based on 12 reviews,"Manufacturing, Transport & Logistics"
Operations Supervisor,"1,835",$90K,,3.8,Based on 32 reviews,"Manufacturing, Transport & Logistics"
Operations Manager,"26,367",$120K,9.60%,4,Based on 213 reviews,"Manufacturing, Transport & Logistics"
Operations Director,641,$180K,,4.5,Based on 13 reviews,"Manufacturing, Transport & Logistics"
Operations Analyst,247,$95K,,3.8,Based on 5 reviews,"Manufacturing, Transport & Logistics"
Offsider,500,$70K,,4.3,Based on 10 reviews,"Manufacturing, Transport & Logistics"
Night Shift Supervisor,526,$78K,,2.7,Based on 3 reviews,"Manufacturing, Transport & Logistics"
Network Controller,100,$125K,,,,"Manufacturing, Transport & Logistics"
Multi Combination Driver,"1,251",$125K,1.10%,3.9,Based on 116 reviews,"Manufacturing, Transport & Logistics"
Mill Manager,,,,,,"Manufacturing, Transport & Logistics"
Medium Rigid Truck Driver,"3,016",$70K,1.10%,3.8,Based on 36 reviews,"Manufacturing, Transport & Logistics"
Materials Manager,141,$120K,,2,Based on 1 review,"Manufacturing, Transport & Logistics"
Material Handler,100,$65K,,4,Based on 1 review,"Manufacturing, Transport & Logistics"
Maritime Engineer,236,$120K,,4.6,Based on 5 reviews,"Manufacturing, Transport & Logistics"
Manufacturer,"4,431",$68K,,3.1,Based on 9 reviews,"Manufacturing, Transport & Logistics"
Machine Operator,"8,181",$73K,-4.10%,3.9,Based on 160 reviews,"Manufacturing, Transport & Logistics"
Logistics Specialist,100,$90K,,4,Based on 3 reviews,"Manufacturing, Transport & Logistics"
Logistics Officer,411,$80K,2.70%,3.8,Based on 16 reviews,"Manufacturing, Transport & Logistics"
Logistics Manager,"3,028",$120K,2.70%,3.9,Based on 50 reviews,"Manufacturing, Transport & Logistics"
Logistics Coordinator,"2,286",$78K,2.70%,4.1,Based on 34 reviews,"Manufacturing, Transport & Logistics"
Logistics Assistant,100,$60K,,4,Based on 9 reviews,"Manufacturing, Transport & Logistics"
Locomotive Driver,469,$150K,,4.4,Based on 19 reviews,"Manufacturing, Transport & Logistics"
Local Driver,417,$80K,,,,"Manufacturing, Transport & Logistics"
Loader,"2,287",$75K,,4,Based on 3 reviews,"Manufacturing, Transport & Logistics"
Linehaul Driver,"2,537",$115K,,4.2,Based on 10 reviews,"Manufacturing, Transport & Logistics"
Line Operator,109,$65K,,4,Based on 3 reviews,"Manufacturing, Transport & Logistics"
Line Manager,924,$135K,,4,Based on 1 review,"Manufacturing, Transport & Logistics"
Leading Hand,"2,636",$85K,1.60%,3.7,Based on 81 reviews,"Manufacturing, Transport & Logistics"
Laser Operator,100,$68K,,3.5,Based on 2 reviews,"Manufacturing, Transport & Logistics"
Laminator,,,,,,"Manufacturing, Transport & Logistics"
Knifehand,100,,,3.8,Based on 5 reviews,"Manufacturing, Transport & Logistics"
Inventory Supervisor,100,$83K,,,,"Manufacturing, Transport & Logistics"
Inventory Specialist,100,$90K,,3.8,Based on 4 reviews,"Manufacturing, Transport & Logistics"
Inventory Manager,833,$110K,,3.4,Based on 5 reviews,"Manufacturing, Transport & Logistics"
Inventory Coordinator,110,$73K,,,,"Manufacturing, Transport & Logistics"
Inventory Controller,921,$83K,,3.8,Based on 16 reviews,"Manufacturing, Transport & Logistics"
Interstate Driver,"2,567",$110K,,3.7,Based on 15 reviews,"Manufacturing, Transport & Logistics"
Improvement Coordinator,100,$90K,,,,"Manufacturing, Transport & Logistics"
Helicopter Pilot,100,$145K,31.40%,5,Based on 2 reviews,"Manufacturing, Transport & Logistics"
Heavy Rigid Driver,"4,335",$73K,1.10%,3.9,Based on 117 reviews,"Manufacturing, Transport & Logistics"
Heavy Combination Multi Combination Driver,495,$105K,,4,Based on 22 reviews,"Manufacturing, Transport & Logistics"
Heavy Combination Driver,"1,987",$100K,1.10%,3.9,Based on 117 reviews,"Manufacturing, Transport & Logistics"
Head of Operations,"3,889",$175K,,4,Based on 9 reviews,"Manufacturing, Transport & Logistics"
Garment Technician,107,$78K,,3.3,Based on 4 reviews,"Manufacturing, Transport & Logistics"
Furniture Removalist,171,$63K,0.70%,3.9,Based on 17 reviews,"Manufacturing, Transport & Logistics"
Fulfilment Manager,100,$65K,,3,Based on 2 reviews,"Manufacturing, Transport & Logistics"
Fuel Tanker Driver,"2,258",$105K,,3.9,Based on 20 reviews,"Manufacturing, Transport & Logistics"
Freight Operator,136,$73K,,2,Based on 1 review,"Manufacturing, Transport & Logistics"
Freight Handler,100,,7.20%,3.8,Based on 32 reviews,"Manufacturing, Transport & Logistics"
Freight Forwarding Operator,130,$75K,,4,Based on 2 reviews,"Manufacturing, Transport & Logistics"
Freight Coordinator,100,$68K,,5,Based on 1 review,"Manufacturing, Transport & Logistics"
Forklift Driver,"17,714",$65K,2.00%,4,Based on 220 reviews,"Manufacturing, Transport & Logistics"
Float Driver,100,$120K,,,,"Manufacturing, Transport & Logistics"
Flight Attendant,100,$53K,23.90%,4.3,Based on 71 reviews,"Manufacturing, Transport & Logistics"
Fleet Manager,"1,029",$110K,3.80%,3.7,Based on 11 reviews,"Manufacturing, Transport & Logistics"
Filler,114,,,2,Based on 1 review,"Manufacturing, Transport & Logistics"
Factory Worker,"8,284",$53K,7.10%,3.7,Based on 26 reviews,"Manufacturing, Transport & Logistics"
Factory Operator,100,$63K,,,,"Manufacturing, Transport & Logistics"
Factory Hand,"3,456",$55K,2.20%,3.5,Based on 45 reviews,"Manufacturing, Transport & Logistics"
Fabrication Manager,123,$115K,,,,"Manufacturing, Transport & Logistics"
Export Operator,100,$75K,,2.3,Based on 3 reviews,"Manufacturing, Transport & Logistics"
Export Coordinator,186,$78K,,3.7,Based on 3 reviews,"Manufacturing, Transport & Logistics"
Export Air Operator,,,,,,"Manufacturing, Transport & Logistics"
Expeditor,383,$80K,,4,Based on 2 reviews,"Manufacturing, Transport & Logistics"
Equipment Manager,319,$120K,,5,Based on 1 review,"Manufacturing, Transport & Logistics"
Driver,"79,262",$70K,1.10%,3.8,Based on 127 reviews,"Manufacturing, Transport & Logistics"
Documentation Officer,100,$73K,,,,"Manufacturing, Transport & Logistics"
Distributor,"1,656",,,2.2,Based on 5 reviews,"Manufacturing, Transport & Logistics"
Distribution Officer,100,$68K,,2.5,Based on 2 reviews,"Manufacturing, Transport & Logistics"
Dispatcher,"1,990",$75K,-3.60%,4.5,Based on 4 reviews,"Manufacturing, Transport & Logistics"
Dispatch Coordinator,123,$75K,,4.1,Based on 9 reviews,"Manufacturing, Transport & Logistics"
Die Setter,100,$75K,,,,"Manufacturing, Transport & Logistics"
Despatch Operator,100,$70K,,4.2,Based on 6 reviews,"Manufacturing, Transport & Logistics"
Depot Supervisor,100,$83K,,4.5,Based on 2 reviews,"Manufacturing, Transport & Logistics"
Department Supervisor,112,$60K,,4,Based on 1 review,"Manufacturing, Transport & Logistics"
Demand Manager,100,$135K,,,,"Manufacturing, Transport & Logistics"
Demand Analyst,100,$98K,,,,"Manufacturing, Transport & Logistics"
Delivery Specialist,295,$90K,,5,Based on 2 reviews,"Manufacturing, Transport & Logistics"
Delivery Person,"1,491",$58K,,3,Based on 1 review,"Manufacturing, Transport & Logistics"
Delivery Driver,"12,742",$60K,15.10%,3.6,Based on 249 reviews,"Manufacturing, Transport & Logistics"
Deckhand,196,$65K,-4.30%,4,Based on 33 reviews,"Manufacturing, Transport & Logistics"
Customs Broker,109,$105K,10.70%,4.7,Based on 3 reviews,"Manufacturing, Transport & Logistics"
Crane Truck Driver,493,$75K,,4,Based on 3 reviews,"Manufacturing, Transport & Logistics"
Coxswain,138,$65K,3.80%,4,Based on 4 reviews,"Manufacturing, Transport & Logistics"
Courier Driver,"4,441",$65K,,4.2,Based on 29 reviews,"Manufacturing, Transport & Logistics"
Courier,"3,742",$60K,,3.2,Based on 11 reviews,"Manufacturing, Transport & Logistics"
Control Officer,125,$95K,,4,Based on 1 review,"Manufacturing, Transport & Logistics"
Container Unloader,783,$58K,,4.4,Based on 8 reviews,"Manufacturing, Transport & Logistics"
Computer Numerical Control Operator,118,$70K,,4,Based on 11 reviews,"Manufacturing, Transport & Logistics"
Compiler,,,,,,"Manufacturing, Transport & Logistics"
Classifier,18,$75K,,5,Based on 1 review,"Manufacturing, Transport & Logistics"
Chemical Plant Operator,219,$90K,,,,"Manufacturing, Transport & Logistics"
Category Specialist,166,$125K,3.30%,,,"Manufacturing, Transport & Logistics"
Car Parking Attendant,100,,,3.5,Based on 4 reviews,"Manufacturing, Transport & Logistics"
Bus Driver,801,$90K,8.30%,3.9,Based on 170 reviews,"Manufacturing, Transport & Logistics"
Branch Manager,"7,978",$105K,12.10%,3.9,Based on 95 reviews,"Manufacturing, Transport & Logistics"
Brake Press Operator,100,$73K,,4,Based on 5 reviews,"Manufacturing, Transport & Logistics"
Batcher,531,$80K,,3.5,Based on 2 reviews,"Manufacturing, Transport & Logistics"
Assembly Worker,"2,967",$58K,,4.3,Based on 8 reviews,"Manufacturing, Transport & Logistics"
Assembly Technician,110,$75K,,3.7,Based on 3 reviews,"Manufacturing, Transport & Logistics"
Area Leader,"1,131",$98K,,4,Based on 2 reviews,"Manufacturing, Transport & Logistics"
Air Traffic Controller,100,,31.40%,4.3,Based on 4 reviews,"Manufacturing, Transport & Logistics"
Air Freight Operator,,,,,,"Manufacturing, Transport & Logistics"
Agitator Driver,172,$85K,,3.7,Based on 19 reviews,"Manufacturing, Transport & Logistics"
Workplace Adviser,100,$95K,,,,Legal
Support Clerk,100,$55K,,,,Legal
Solicitor,"2,562",$95K,21.00%,3.4,Based on 39 reviews,Legal
Prosecutor,225,$115K,20.00%,4.5,Based on 2 reviews,Legal
Property Lawyer,"1,333",$115K,20.00%,5,Based on 1 review,Legal
Paralegal,"2,914",$78K,,3.9,Based on 44 reviews,Legal
Migration Agent,120,$90K,,3,Based on 2 reviews,Legal
Litigator,982,$95K,,,,Legal
Legal Secretary Litigation,125,$83K,,,,Legal
Legal Secretary,"2,070",$78K,-19.60%,3.9,Based on 53 reviews,Legal
Legal Manager,200,$145K,20.00%,3.5,Based on 2 reviews,Legal
Legal Counsel,"3,221",$150K,,4,Based on 14 reviews,Legal
Legal Assistant,"1,963",$80K,-9.50%,3.6,Based on 27 reviews,Legal
Legal Administrator,630,$73K,,2.5,Based on 2 reviews,Legal
Lawyer,"5,048",$100K,20.00%,3.6,Based on 61 reviews,Legal
Law Clerk,"2,032",$75K,10.20%,3.9,Based on 26 reviews,Legal
General Counsel,"3,522",$265K,21.00%,4,Based on 4 reviews,Legal
Family Lawyer,"1,634",$110K,20.00%,5,Based on 1 review,Legal
Employment Lawyer,"1,421",$125K,20.00%,,,Legal
Documentation Manager,,,,,,Legal
Conveyancing Clerk,214,$73K,,3.7,Based on 10 reviews,Legal
Conveyancer,746,$80K,,3.9,Based on 19 reviews,Legal
Barrister,203,,22.50%,3,Based on 1 review,Legal
Attorney,202,,20.00%,,,Legal
Adviser,"9,684",$100K,,4.5,Based on 28 reviews,Legal
Valuations Manager,100,$150K,,,,Insurance & Superannuation
Underwriting Manager,100,$170K,,,,Insurance & Superannuation
Underwriter,744,$95K,8.90%,3,Based on 3 reviews,Insurance & Superannuation
Technical Specialist,750,$110K,,4.5,Based on 11 reviews,Insurance & Superannuation
Service Executive,647,$78K,,5,Based on 2 reviews,Insurance & Superannuation
Risk Specialist,181,$145K,,,,Insurance & Superannuation
Risk Adviser,136,$110K,,3,Based on 1 review,Insurance & Superannuation
Recovery Officer,100,$78K,,,,Insurance & Superannuation
Recoveries Specialist,100,$73K,,,,Insurance & Superannuation
Recoveries Consultant,100,$68K,,,,Insurance & Superannuation
Processing Officer,265,$68K,,3,Based on 1 review,Insurance & Superannuation
Private Investigator,413,,4.90%,4.4,Based on 7 reviews,Insurance & Superannuation
Pricing Manager,156,$145K,4.40%,4,Based on 1 review,Insurance & Superannuation
Policy Specialist,100,$110K,,,,Insurance & Superannuation
Insurance Specialist,191,$105K,,3,Based on 2 reviews,Insurance & Superannuation
Insurance Claims Assessor,128,$88K,8.90%,3.7,Based on 3 reviews,Insurance & Superannuation
Insurance Broker,983,$88K,,4,Based on 3 reviews,Insurance & Superannuation
Insurance Adviser,100,$95K,,,,Insurance & Superannuation
Injury Management Adviser,602,$108K,,4.3,Based on 4 reviews,Insurance & Superannuation
Claims Team Leader,431,$95K,,4,Based on 1 review,Insurance & Superannuation
Claims Specialist,219,$75K,,3.8,Based on 8 reviews,Insurance & Superannuation
Claims Officer,636,$73K,,3.3,Based on 9 reviews,Insurance & Superannuation
Claims Manager,834,$90K,,3.8,Based on 13 reviews,Insurance & Superannuation
Claims Coordinator,100,$70K,,2.7,Based on 3 reviews,Insurance & Superannuation
Claims Consultant,773,$75K,4.60%,4,Based on 24 reviews,Insurance & Superannuation
Claims Adviser,100,$75K,,3.6,Based on 5 reviews,Insurance & Superannuation
Case Consultant,100,$90K,,5,Based on 1 review,Insurance & Superannuation
Broker Assistant,404,$73K,,5,Based on 2 reviews,Insurance & Superannuation
Assessor,"25,180",$98K,,4.3,Based on 23 reviews,Insurance & Superannuation
Assessment Manager,163,$115K,,,,Insurance & Superannuation
Actuary,239,$135K,11.00%,5,Based on 2 reviews,Insurance & Superannuation
Actuarial Analyst,100,$90K,11.00%,,,Insurance & Superannuation
iOS Developer,460,$123K,,5,Based on 4 reviews,Information & Communication Technology
Web Developer,"1,766",$85K,27.00%,4,Based on 52 reviews,Information & Communication Technology
Web Designer,"1,359",,21.70%,3.5,Based on 11 reviews,Information & Communication Technology
Voice Engineer,100,$115K,,,,Information & Communication Technology
Vendor Manager,100,$135K,,5,Based on 1 review,Information & Communication Technology
User Interface Developer,268,$125K,,,,Information & Communication Technology
User Interface Designer,107,$100K,21.70%,4.5,Based on 2 reviews,Information & Communication Technology
User Experience and Interface Designer,141,$110K,,3.9,Based on 9 reviews,Information & Communication Technology
User Experience Designer,280,$105K,21.70%,4.3,Based on 31 reviews,Information & Communication Technology
Translator,"1,625",$90K,18.90%,4,Based on 12 reviews,Information & Communication Technology
Transition Specialist,45,$98K,,,,Information & Communication Technology
Transition Manager,137,$150K,,4,Based on 2 reviews,Information & Communication Technology
Transformation Manager,183,$150K,,3,Based on 1 review,Information & Communication Technology
Training Consultant,199,$75K,,4.8,Based on 4 reviews,Information & Communication Technology
Testing Engineer,"1,783",$115K,,4,Based on 8 reviews,Information & Communication Technology
Testing Analyst,"1,767",$100K,43.70%,4.3,Based on 22 reviews,Information & Communication Technology
Tester,"14,014",$115K,,4.5,Based on 2 reviews,Information & Communication Technology
Test Specialist,100,$110K,,4,Based on 1 review,Information & Communication Technology
Test Manager,"1,557",$150K,,4.3,Based on 14 reviews,Information & Communication Technology
Test Consultant,"1,429",$115K,,4,Based on 3 reviews,Information & Communication Technology
Telecommunications Engineer,545,$105K,17.60%,3.3,Based on 4 reviews,Information & Communication Technology
Technology Specialist,260,$110K,,3,Based on 1 review,Information & Communication Technology
Technology Officer,100,$83K,,5,Based on 1 review,Information & Communication Technology
Technology Manager,366,$145K,,3.5,Based on 2 reviews,Information & Communication Technology
Technology Consultant,100,$95K,,4,Based on 1 review,Information & Communication Technology
Technology Analyst,139,$90K,,4.5,Based on 2 reviews,Information & Communication Technology
Technical Writer,"2,777",$100K,7.10%,3.8,Based on 11 reviews,Information & Communication Technology
Technical Support Specialist,"2,059",$80K,,2,Based on 1 review,Information & Communication Technology
Technical Lead,"2,258",$155K,17.70%,3.8,Based on 12 reviews,Information & Communication Technology
Technical Consultant,316,$130K,,3.8,Based on 21 reviews,Information & Communication Technology
Technical Business Analyst,"2,426",$135K,12.90%,4.1,Based on 17 reviews,Information & Communication Technology
Technical Architect,286,$155K,,4.1,Based on 8 reviews,Information & Communication Technology
Technical Analyst,367,$110K,,4.3,Based on 4 reviews,Information & Communication Technology
TM1 Consultant,,,,,,Information & Communication Technology
Systems Team Leader,,,,,,Information & Communication Technology
Systems Specialist,"4,255",$130K,,3,Based on 3 reviews,Information & Communication Technology
Systems Operator,123,$80K,,1,Based on 1 review,Information & Communication Technology
Systems Officer,189,$90K,,3,Based on 1 review,Information & Communication Technology
Systems Manager,752,$140K,,4.3,Based on 4 reviews,Information & Communication Technology
Systems Engineer,"4,956",$115K,22.20%,3.8,Based on 53 reviews,Information & Communication Technology
Systems Coordinator,102,$95K,,3,Based on 1 review,Information & Communication Technology
Systems Consultant,100,$120K,,5,Based on 1 review,Information & Communication Technology
Systems Architect,102,$155K,27.00%,3,Based on 1 review,Information & Communication Technology
Systems Analyst,874,$105K,12.90%,4.5,Based on 17 reviews,Information & Communication Technology
Systems Adviser,100,$105K,,,,Information & Communication Technology
Systems Administrator,"1,304",$100K,38.90%,4.1,Based on 32 reviews,Information & Communication Technology
Support Technician,"8,460",$75K,17.40%,2.5,Based on 2 reviews,Information & Communication Technology
Support Specialist,"3,470",$90K,,4.3,Based on 3 reviews,Information & Communication Technology
Support Manager,"9,175",$115K,,2.5,Based on 4 reviews,Information & Communication Technology
Support Engineer,"10,163",$85K,,3.6,Based on 5 reviews,Information & Communication Technology
Support Developer,159,$105K,,,,Information & Communication Technology
Support Consultant,"10,712",$78K,,3.5,Based on 2 reviews,Information & Communication Technology
Support Analyst,"10,777",$85K,,4.2,Based on 5 reviews,Information & Communication Technology
Support Administrator,756,$73K,,4,Based on 3 reviews,Information & Communication Technology
Solutions Manager,596,$155K,,5,Based on 1 review,Information & Communication Technology
Solutions Engineer,"2,055",$115K,,4,Based on 2 reviews,Information & Communication Technology
Solutions Developer,206,$110K,,3.5,Based on 2 reviews,Information & Communication Technology
Solutions Consultant,340,$115K,,3.8,Based on 6 reviews,Information & Communication Technology
Solutions Architect,"1,378",$165K,27.00%,4.1,Based on 34 reviews,Information & Communication Technology
Solutions Analyst,169,$105K,,,,Information & Communication Technology
Software Engineer,"2,372",$118K,27.00%,4.1,Based on 92 reviews,Information & Communication Technology
Software Developer,"2,899",$100K,27.00%,4.1,Based on 37 reviews,Information & Communication Technology
Software Architect,220,$165K,27.00%,3.5,Based on 4 reviews,Information & Communication Technology
Sitecore Developer,100,$130K,,,,Information & Communication Technology
Services Team Leader,"33,952",$95K,,4,Based on 1 review,Information & Communication Technology
ServiceNow Developer,176,$135K,,,,Information & Communication Technology
Service Desk Technician,"3,548",$70K,,3.5,Based on 2 reviews,Information & Communication Technology
Service Desk Officer,"3,304",$73K,,4,Based on 2 reviews,Information & Communication Technology
Service Desk Manager,"1,003",$125K,,3.7,Based on 3 reviews,Information & Communication Technology
Service Desk Analyst,"3,956",$73K,17.40%,3.4,Based on 37 reviews,Information & Communication Technology
Service Delivery Manager,"15,857",$130K,,4.1,Based on 8 reviews,Information & Communication Technology
Service Delivery Analyst,352,$90K,,5,Based on 1 review,Information & Communication Technology
Server Engineer,681,$120K,,,,Information & Communication Technology
Security Engineer,739,$135K,,5,Based on 1 review,Information & Communication Technology
Security Consultant,522,$155K,,5,Based on 1 review,Information & Communication Technology
Security Architect,621,$185K,,4,Based on 1 review,Information & Communication Technology
Security Analyst,627,,38.90%,,,Information & Communication Technology
Security Adviser,185,$115K,,3,Based on 1 review,Information & Communication Technology
Security Administrator,100,$125K,,3.5,Based on 2 reviews,Information & Communication Technology
Scrum Master,531,$135K,17.70%,4.4,Based on 16 reviews,Information & Communication Technology
Salesforce Developer,"1,131",$130K,27.00%,4.6,Based on 9 reviews,Information & Communication Technology
Salesforce Administrator,410,$110K,,4.3,Based on 7 reviews,Information & Communication Technology
SQL Developer,"1,054",$110K,27.00%,3.4,Based on 7 reviews,Information & Communication Technology
Robotics Engineer,100,$100K,5.50%,5,Based on 1 review,Information & Communication Technology
Reporting Specialist,192,$100K,,4,Based on 1 review,Information & Communication Technology
Reporting Manager,"10,729",$155K,,,,Information & Communication Technology
Reporting Analyst,"1,822",$105K,,4,Based on 5 reviews,Information & Communication Technology
Report Developer,100,$115K,,,,Information & Communication Technology
Quality Analyst,"1,415",$85K,,4.8,Based on 8 reviews,Information & Communication Technology
Python Developer,946,$165K,,,,Information & Communication Technology
Project Support Officer,"2,138",$90K,,3.7,Based on 9 reviews,Information & Communication Technology
Project Manager,"29,382",$140K,9.30%,4.1,Based on 220 reviews,Information & Communication Technology
Project Management Officer,"1,677",$100K,,3,Based on 2 reviews,Information & Communication Technology
Project Director,"1,389",$250K,,3.7,Based on 7 reviews,Information & Communication Technology
Project Coordinator,"10,166",$90K,9.30%,4.1,Based on 104 reviews,Information & Communication Technology
Programmer Analyst,103,$100K,,,,Information & Communication Technology
Programmer,"1,017",$100K,27.00%,3.6,Based on 22 reviews,Information & Communication Technology
Programme Coordinator,"10,826",$90K,,,,Information & Communication Technology
Program Manager,"18,332",$125K,12.10%,4.2,Based on 28 reviews,Information & Communication Technology
Program Director,"9,300",$200K,,4.4,Based on 5 reviews,Information & Communication Technology
Program Coordinator,"1,114",$90K,7.30%,4.1,Based on 46 reviews,Information & Communication Technology
Program Analyst,124,$120K,,4,Based on 1 review,Information & Communication Technology
Product Owner,979,$150K,22.30%,4.5,Based on 13 reviews,Information & Communication Technology
Product Lead,"3,023",$140K,22.30%,,,Information & Communication Technology
Product Designer,"8,255",$110K,21.70%,4.5,Based on 10 reviews,Information & Communication Technology
Process Analyst,820,$95K,,4.3,Based on 3 reviews,Information & Communication Technology
Problem Manager,196,$110K,,4,Based on 1 review,Information & Communication Technology
Presales Engineer,198,$125K,,2.5,Based on 2 reviews,Information & Communication Technology
Portfolio Manager,"1,480",$155K,,4,Based on 11 reviews,Information & Communication Technology
Portfolio Analyst,116,$115K,,4.5,Based on 2 reviews,Information & Communication Technology
Platform Manager,216,$160K,,4,Based on 1 review,Information & Communication Technology
Platform Engineer,337,$145K,,,,Information & Communication Technology
Penetration Tester,549,$128K,,,,Information & Communication Technology
PHP Developer,817,$110K,27.00%,4.5,Based on 4 reviews,Information & Communication Technology
Operations Specialist,629,$90K,,4.4,Based on 5 reviews,Information & Communication Technology
Operations Lead,"2,885",$115K,,,,Information & Communication Technology
Operations Engineer,"1,262",$130K,,,,Information & Communication Technology
Network and Systems Engineer,"2,281",$110K,,3,Based on 1 review,Information & Communication Technology
Network Technician,339,$80K,,4,Based on 3 reviews,Information & Communication Technology
Network Specialist,"1,463",$110K,,3.5,Based on 2 reviews,Information & Communication Technology
Network Engineer,"3,558",$120K,22.20%,4.1,Based on 47 reviews,Information & Communication Technology
Network Consultant,143,$145K,,,,Information & Communication Technology
Network Architect,627,$160K,,4,Based on 1 review,Information & Communication Technology
Network Administrator,"1,069",$98K,,4.4,Based on 7 reviews,Information & Communication Technology
Monitoring Engineer,190,$110K,,,,Information & Communication Technology
Modelling Analyst,100,$115K,,,,Information & Communication Technology
Model,"12,890",,12.10%,4.6,Based on 5 reviews,Information & Communication Technology
Mobile Developer,129,$120K,,5,Based on 2 reviews,Information & Communication Technology
Mobile Application Developer,158,$135K,,4.5,Based on 2 reviews,Information & Communication Technology
Management Professional,"1,958",$133K,17.50%,,,Information & Communication Technology
Management Engineer,"2,608",$140K,,,,Information & Communication Technology
Management Analyst,233,$115K,,,,Information & Communication Technology
Magento Developer,100,$123K,,,,Information & Communication Technology
JavaScript Developer,355,$110K,27.00%,4.5,Based on 2 reviews,Information & Communication Technology
Java Engineer,100,$145K,,,,Information & Communication Technology
Java Developer,"1,139",$125K,27.00%,4.6,Based on 15 reviews,Information & Communication Technology
Integration Specialist,100,$130K,,4.5,Based on 6 reviews,Information & Communication Technology
Integration Manager,100,$155K,,4,Based on 1 review,Information & Communication Technology
Integration Engineer,260,$125K,,4.5,Based on 2 reviews,Information & Communication Technology
Integration Developer,250,$125K,,4.3,Based on 3 reviews,Information & Communication Technology
Integration Consultant,100,$140K,,,,Information & Communication Technology
Integration Analyst,100,$125K,,,,Information & Communication Technology
Insights Analyst,377,$105K,,5,Based on 1 review,Information & Communication Technology
Infrastructure Specialist,189,$125K,,,,Information & Communication Technology
Infrastructure Project Manager,"4,217",$140K,17.70%,3.3,Based on 3 reviews,Information & Communication Technology
Infrastructure Officer,100,$88K,,,,Information & Communication Technology
Infrastructure Manager,564,$150K,,4.3,Based on 4 reviews,Information & Communication Technology
Infrastructure Lead,"1,027",$145K,,,,Information & Communication Technology
Infrastructure Engineer,"4,188",$123K,,3.2,Based on 5 reviews,Information & Communication Technology
Infrastructure Consultant,100,$135K,,4.5,Based on 2 reviews,Information & Communication Technology
Infrastructure Architect,808,$165K,,2,Based on 1 review,Information & Communication Technology
Infrastructure Analyst,100,$100K,,,,Information & Communication Technology
Information Technology Specialist,"1,260",$85K,,5,Based on 2 reviews,Information & Communication Technology
Information Technology Director,413,$220K,,4.8,Based on 6 reviews,Information & Communication Technology
Information Security Analyst,242,$115K,38.90%,4.5,Based on 2 reviews,Information & Communication Technology
Information Manager,"1,341",$130K,,,,Information & Communication Technology
Information Management Manager,,,,,,Information & Communication Technology
Information Analyst,100,$95K,,,,Information & Communication Technology
Incident and Problem Manager,686,$125K,,,,Information & Communication Technology
Incident Manager,361,$140K,,4,Based on 2 reviews,Information & Communication Technology
Implementation Specialist,140,$100K,12.90%,4.7,Based on 3 reviews,Information & Communication Technology
Implementation Manager,489,$130K,,5,Based on 1 review,Information & Communication Technology
Implementation Engineer,198,$105K,,,,Information & Communication Technology
Implementation Consultant,385,$105K,12.90%,4,Based on 8 reviews,Information & Communication Technology
IT Technician,692,$70K,24.60%,4.1,Based on 26 reviews,Information & Communication Technology
IT Support Technician,"1,280",$75K,17.40%,4.1,Based on 21 reviews,Information & Communication Technology
IT Support Officer,"2,474",$75K,24.60%,4.1,Based on 63 reviews,Information & Communication Technology
IT Support Engineer,"2,726",$80K,,3.7,Based on 10 reviews,Information & Communication Technology
IT Service Desk Analyst,"1,753",$75K,,4,Based on 1 review,Information & Communication Technology
IT Project Manager,"7,811",$150K,17.70%,3.9,Based on 34 reviews,Information & Communication Technology
IT Manager,"3,916",$130K,17.70%,3.9,Based on 41 reviews,Information & Communication Technology
IT Consultant,316,$85K,,3.8,Based on 22 reviews,Information & Communication Technology
IT Business Analyst,"2,138",$110K,12.90%,4.2,Based on 12 reviews,Information & Communication Technology
Helpdesk Technician,100,$63K,,,,Information & Communication Technology
Helpdesk Team Leader,296,$95K,,,,Information & Communication Technology
Helpdesk Officer,"3,210",$70K,,5,Based on 1 review,Information & Communication Technology
Helpdesk Manager,109,$98K,,5,Based on 2 reviews,Information & Communication Technology
Helpdesk Coordinator,,,,,,Information & Communication Technology
Helpdesk Analyst,"3,267",$70K,,4,Based on 1 review,Information & Communication Technology
Hardware Technician,100,$70K,,5,Based on 1 review,Information & Communication Technology
Hardware Engineer,239,$115K,,,,Information & Communication Technology
Governance Risk and Compliance Consultant,104,$140K,,4,Based on 1 review,Information & Communication Technology
Governance Analyst,100,$120K,,,,Information & Communication Technology
Game Developer,"2,089",$93K,13.70%,4,Based on 3 reviews,Information & Communication Technology
Functional Specialist,100,$135K,,,,Information & Communication Technology
Functional Consultant,228,$150K,,4.3,Based on 3 reviews,Information & Communication Technology
Functional Analyst,109,$125K,,,,Information & Communication Technology
Full Stack Developer,652,$120K,27.00%,3.8,Based on 41 reviews,Information & Communication Technology
Front End Developer,"1,587",$110K,27.00%,4.1,Based on 16 reviews,Information & Communication Technology
Firmware Engineer,100,$110K,,5,Based on 2 reviews,Information & Communication Technology
Field Supervisor,162,$105K,,3.6,Based on 5 reviews,Information & Communication Technology
Extract Transform Load Developer,67,$128K,,,,Information & Communication Technology
Enterprise Architect,583,$190K,,4.3,Based on 12 reviews,Information & Communication Technology
Engineering Lead,"2,398",$168K,,4,Based on 1 review,Information & Communication Technology
Drupal Developer,100,$125K,,,,Information & Communication Technology
Domain Architect,260,$200K,,,,Information & Communication Technology
Digital Project Manager,"3,583",$105K,17.70%,4.1,Based on 13 reviews,Information & Communication Technology
Digital Business Analyst,809,$130K,,4.3,Based on 16 reviews,Information & Communication Technology
Development Worker,162,$75K,,,,Information & Communication Technology
Development Team Leader,"24,958",$118K,,4,Based on 1 review,Information & Communication Technology
Development Specialist,481,$100K,5.40%,,,Information & Communication Technology
Developer,"85,250",$115K,27.00%,4.1,Based on 27 reviews,Information & Communication Technology
DevOps Engineer,"1,506",$135K,27.00%,4.3,Based on 15 reviews,Information & Communication Technology
Desktop Support Specialist,273,$78K,,3,Based on 1 review,Information & Communication Technology
Deployment Engineer,100,$105K,,3,Based on 1 review,Information & Communication Technology
Delivery Manager,"4,551",$155K,17.70%,4.2,Based on 15 reviews,Information & Communication Technology
Delivery Lead,"6,466",$155K,,4,Based on 5 reviews,Information & Communication Technology
Delivery Director,205,$220K,,,,Information & Communication Technology
Database Officer,100,$78K,,,,Information & Communication Technology
Database Developer,127,$115K,38.90%,4,Based on 1 review,Information & Communication Technology
Database Administrator,379,$110K,38.90%,4,Based on 24 reviews,Information & Communication Technology
Data Warehouse Specialist,,,,,,Information & Communication Technology
Data Warehouse Developer,100,$140K,,,,Information & Communication Technology
Data Specialist,199,$110K,,4.3,Based on 4 reviews,Information & Communication Technology
Data Officer,192,$93K,38.90%,3.5,Based on 2 reviews,Information & Communication Technology
Data Manager,"1,150",$130K,38.90%,5,Based on 2 reviews,Information & Communication Technology
Data Engineer,"1,618",$135K,,4.4,Based on 18 reviews,Information & Communication Technology
Data Developer,135,$120K,,,,Information & Communication Technology
Data Consultant,100,$115K,,,,Information & Communication Technology
Data Architect,691,$170K,27.00%,3.8,Based on 4 reviews,Information & Communication Technology
Data Analyst,"8,978",$100K,23.20%,4,Based on 82 reviews,Information & Communication Technology
Cyber Security Analyst,641,$110K,38.90%,3.8,Based on 4 reviews,Information & Communication Technology
Content Developer,100,$85K,,,,Information & Communication Technology
Consultant,"17,319",$95K,32.20%,3.7,Based on 90 reviews,Information & Communication Technology
Computer Technician,776,$58K,17.40%,4.7,Based on 7 reviews,Information & Communication Technology
Computer Engineer,583,,27.00%,5,Based on 1 review,Information & Communication Technology
Cloud Specialist,100,$150K,,,,Information & Communication Technology
Cloud Engineer,"1,005",$130K,,3.7,Based on 9 reviews,Information & Communication Technology
Cloud Developer,100,$115K,,,,Information & Communication Technology
Cloud Consultant,100,$150K,,4,Based on 2 reviews,Information & Communication Technology
Cloud Architect,570,$170K,,,,Information & Communication Technology
Chief Technology Officer,416,$225K,17.70%,4.4,Based on 11 reviews,Information & Communication Technology
Chief Information Officer,945,$260K,17.70%,4.4,Based on 9 reviews,Information & Communication Technology
Change and Release Manager,"1,501",$128K,,4,Based on 1 review,Information & Communication Technology
Change and Communications Manager,"7,368",$135K,,,,Information & Communication Technology
Change Manager,"3,496",$145K,32.20%,4.1,Based on 40 reviews,Information & Communication Technology
Change Consultant,170,$113K,,5,Based on 1 review,Information & Communication Technology
Change Analyst,429,$105K,,4.5,Based on 2 reviews,Information & Communication Technology
Capacity Manager,,,,,,Information & Communication Technology
C# Developer,"6,366",,,,,Information & Communication Technology
Business Systems Analyst,"1,821",$110K,12.90%,4.3,Based on 17 reviews,Information & Communication Technology
Business Process Analyst,"1,788",$120K,,4.5,Based on 4 reviews,Information & Communication Technology
Business Intelligence Software Developer,100,$125K,,4.8,Based on 4 reviews,Information & Communication Technology
Business Intelligence Consultant,154,$118K,,4.7,Based on 3 reviews,Information & Communication Technology
Business Intelligence Analyst,696,$113K,23.20%,4.7,Based on 6 reviews,Information & Communication Technology
Business Analyst,"8,729",$115K,23.20%,4.1,Based on 128 reviews,Information & Communication Technology
Backend Developer,272,$120K,27.00%,5,Based on 2 reviews,Information & Communication Technology
Automation Specialist,100,$115K,,4.5,Based on 2 reviews,Information & Communication Technology
Automation Manager,100,$135K,,,,Information & Communication Technology
Automation Consultant,,,,,,Information & Communication Technology
Automation Analyst,100,$110K,,4,Based on 1 review,Information & Communication Technology
Asset Analyst,,,,,,Information & Communication Technology
Architecture Manager,100,$185K,17.70%,,,Information & Communication Technology
Applications Support Analyst,"7,349",$90K,12.90%,4,Based on 3 reviews,Information & Communication Technology
Applications Officer,249,$105K,,,,Information & Communication Technology
Applications Manager,783,$155K,,4,Based on 1 review,Information & Communication Technology
Applications Developer,167,$108K,,3.3,Based on 3 reviews,Information & Communication Technology
Applications Analyst,147,$110K,,3,Based on 2 reviews,Information & Communication Technology
Application Specialist,292,$115K,,5,Based on 2 reviews,Information & Communication Technology
Application Consultant,114,$93K,,,,Information & Communication Technology
Application Architect,162,$178K,,,,Information & Communication Technology
Angular Developer,113,$123K,27.00%,4,Based on 1 review,Information & Communication Technology
Android Developer,237,$135K,,4.7,Based on 3 reviews,Information & Communication Technology
Analytics Consultant,100,$125K,22.30%,,,Information & Communication Technology
Analytics Analyst,,,,,,Information & Communication Technology
Analyst Programmer,698,$100K,23.20%,3.9,Based on 24 reviews,Information & Communication Technology
Analyst Engineer,149,$113K,,4,Based on 1 review,Information & Communication Technology
Analyst Developer,138,$110K,,,,Information & Communication Technology
Agile Business Analyst,789,$125K,12.90%,4.4,Based on 12 reviews,Information & Communication Technology
.Net Developer,"1,082",$120K,27.00%,4,Based on 12 reviews,Information & Communication Technology
Workforce Analyst,100,$88K,,3.3,Based on 3 reviews,Human Resources & Recruitment
Work Health and Safety Officer,"3,825",$95K,15.90%,4,Based on 40 reviews,Human Resources & Recruitment
Work Health and Safety Manager,"9,284",$130K,,3.8,Based on 4 reviews,Human Resources & Recruitment
Training Officer,352,$85K,,3.8,Based on 6 reviews,Human Resources & Recruitment
Training Manager,"2,789",$115K,,4.2,Based on 11 reviews,Human Resources & Recruitment
Training Coordinator,"1,109",$95K,,3.8,Based on 16 reviews,Human Resources & Recruitment
Talent Manager,"11,143",$100K,,,,Human Resources & Recruitment
Talent Consultant,"2,394",$80K,,,,Human Resources & Recruitment
Talent Adviser,"1,423",$100K,,,,Human Resources & Recruitment
Talent Acquisition Specialist,842,$90K,,4.1,Based on 19 reviews,Human Resources & Recruitment
Talent Acquisition Consultant,519,$95K,,4.7,Based on 3 reviews,Human Resources & Recruitment
Safety and Wellbeing Adviser,100,$100K,,,,Human Resources & Recruitment
Safety Officer,"1,736",$95K,5.40%,4.2,Based on 12 reviews,Human Resources & Recruitment
Safety Manager,"1,913",$155K,,4.8,Based on 4 reviews,Human Resources & Recruitment
Safety Consultant,100,$90K,,5,Based on 1 review,Human Resources & Recruitment
Safety Adviser,"1,774",$125K,,3.8,Based on 21 reviews,Human Resources & Recruitment
Risk Coordinator,101,$100K,,4,Based on 1 review,Human Resources & Recruitment
Resourcing Specialist,287,$73K,,3,Based on 1 review,Human Resources & Recruitment
Resource Manager,791,$120K,,4,Based on 2 reviews,Human Resources & Recruitment
Rehabilitation Specialist,131,$110K,,,,Human Resources & Recruitment
Recruitment Officer,"1,347",$75K,,3.5,Based on 8 reviews,Human Resources & Recruitment
Recruitment Manager,"1,027",$105K,,4.3,Based on 7 reviews,Human Resources & Recruitment
Recruitment Coordinator,"4,172",$75K,,4.1,Based on 27 reviews,Human Resources & Recruitment
Recruitment Consultant,"11,406",$78K,13.10%,3.7,Based on 126 reviews,Human Resources & Recruitment
Performance Consultant,100,$115K,,,,Human Resources & Recruitment
People and Culture Manager,"30,933",$140K,11.30%,4.2,Based on 10 reviews,Human Resources & Recruitment
People and Culture Adviser,517,$98K,,4.4,Based on 5 reviews,Human Resources & Recruitment
Organisational Development Specialist,646,$130K,,,,Human Resources & Recruitment
Organisational Development Officer,726,,,4.3,Based on 3 reviews,Human Resources & Recruitment
Organisational Development Consultant,283,$115K,,,,Human Resources & Recruitment
Onboarding Coordinator,100,$83K,,,,Human Resources & Recruitment
Occupational Health and Safety Adviser,995,$105K,,4.2,Based on 19 reviews,Human Resources & Recruitment
Learning and Development Specialist,"4,997",$100K,7.40%,4.3,Based on 4 reviews,Human Resources & Recruitment
Learning Specialist,397,$103K,,1,Based on 1 review,Human Resources & Recruitment
Learning Coordinator,197,$100K,,3,Based on 2 reviews,Human Resources & Recruitment
Learning Consultant,122,$88K,,4,Based on 1 review,Human Resources & Recruitment
Instructional Designer,698,$93K,21.70%,4.1,Based on 27 reviews,Human Resources & Recruitment
IT Recruitment Consultant,"3,707",$88K,24.60%,4.3,Based on 3 reviews,Human Resources & Recruitment
Human Resources Officer,"3,085",$83K,13.10%,3.9,Based on 35 reviews,Human Resources & Recruitment
Human Resources Manager,"3,616",$130K,16.30%,4.1,Based on 109 reviews,Human Resources & Recruitment
Human Resources Director,650,,,4.4,Based on 9 reviews,Human Resources & Recruitment
Human Resources Coordinator,"2,767",$80K,13.10%,4.1,Based on 26 reviews,Human Resources & Recruitment
Human Resources Consultant,333,$98K,,4.4,Based on 14 reviews,Human Resources & Recruitment
Human Resources Business Partner,"2,895",$125K,,3.9,Based on 51 reviews,Human Resources & Recruitment
Human Resources Assistant,"1,134",$70K,,4.2,Based on 6 reviews,Human Resources & Recruitment
Human Resources Adviser,"1,246",$95K,13.10%,4.1,Based on 27 reviews,Human Resources & Recruitment
Human Resources Administrator,653,$70K,6.00%,3.8,Based on 39 reviews,Human Resources & Recruitment
Health and Safety Officer,"3,122",$95K,,5,Based on 1 review,Human Resources & Recruitment
Health and Safety Coordinator,"1,834",$110K,5.40%,5,Based on 1 review,Human Resources & Recruitment
Health Coordinator,,,,,,Human Resources & Recruitment
Health Adviser,196,$125K,,,,Human Resources & Recruitment
Group Director,,,,,,Human Resources & Recruitment
Divisional Manager,470,$130K,,4,Based on 1 review,Human Resources & Recruitment
Delivery Consultant,,,,,,Human Resources & Recruitment
Capability Specialist,138,$115K,,,,Human Resources & Recruitment
Capability Manager,248,$140K,,1,Based on 1 review,Human Resources & Recruitment
Capability Consultant,,,,,,Human Resources & Recruitment
Capability Adviser,100,$100K,,,,Human Resources & Recruitment
Candidate Manager,725,$70K,,,,Human Resources & Recruitment
Benefits Specialist,100,$115K,,5,Based on 1 review,Human Resources & Recruitment
Agency Manager,307,$98K,,,,Human Resources & Recruitment
Workplace Consultant,100,$135K,,,,Hospitality & Tourism
Waitperson,"6,980",$70K,12.00%,3.5,Based on 320 reviews,Hospitality & Tourism
Venue Manager,"2,855",$88K,,3.6,Based on 52 reviews,Hospitality & Tourism
Travel Team Leader,"1,772",$88K,,4,Based on 1 review,Hospitality & Tourism
Travel Specialist,100,$75K,,,,Hospitality & Tourism
Travel Manager,220,$83K,,,,Hospitality & Tourism
Travel Agent,600,$68K,-13.60%,3.6,Based on 74 reviews,Hospitality & Tourism
Tour Operator,,,,,,Hospitality & Tourism
Tour Guide,253,$60K,-6.20%,4.6,Based on 30 reviews,Hospitality & Tourism
Ticketing Consultant,,,,,,Hospitality & Tourism
Steward,160,$80K,,4.2,Based on 10 reviews,Hospitality & Tourism
Station Manager,149,$65K,,3.3,Based on 4 reviews,Hospitality & Tourism
Sous Chef,"2,569",$78K,13.90%,3.8,Based on 154 reviews,Hospitality & Tourism
Sommelier,156,$80K,12.00%,4.5,Based on 14 reviews,Hospitality & Tourism
Service Attendant,237,$80K,,3.8,Based on 8 reviews,Hospitality & Tourism
Sandwich Artist,100,,,2.9,Based on 33 reviews,Hospitality & Tourism
Rooms Division Manager,168,$93K,,4.5,Based on 2 reviews,Hospitality & Tourism
Room Attendant,844,,,3.7,Based on 44 reviews,Hospitality & Tourism
Revenue Manager,216,$105K,,5,Based on 1 review,Hospitality & Tourism
Restaurant Manager,"3,931",$80K,27.30%,4,Based on 86 reviews,Hospitality & Tourism
Reservations Coordinator,100,$65K,,4,Based on 3 reviews,Hospitality & Tourism
Reservations Consultant,100,$65K,,3.8,Based on 5 reviews,Hospitality & Tourism
Reservations Agent,180,$60K,,3.8,Based on 11 reviews,Hospitality & Tourism
Porter,236,$55K,8.40%,4.2,Based on 13 reviews,Hospitality & Tourism
Pizza Chef,395,$75K,13.90%,4.1,Based on 44 reviews,Hospitality & Tourism
Park Manager,286,$78K,,3,Based on 4 reviews,Hospitality & Tourism
Outlet Manager,100,$75K,,,,Hospitality & Tourism
Night Manager,657,$73K,,3.7,Based on 17 reviews,Hospitality & Tourism
Night Auditor,376,$63K,8.40%,4,Based on 27 reviews,Hospitality & Tourism
Motel Manager,157,$95K,,4,Based on 7 reviews,Hospitality & Tourism
Manager,"51,568",$130K,9.20%,3.8,Based on 275 reviews,Hospitality & Tourism
Management Team Leader,"9,416",$113K,,,,Hospitality & Tourism
Lounge Manager,100,$80K,,,,Hospitality & Tourism
Location Manager,350,$78K,,,,Hospitality & Tourism
Line Cook,367,,,3.7,Based on 11 reviews,Hospitality & Tourism
Kitchenhand,"1,978",$60K,7.70%,3.8,Based on 342 reviews,Hospitality & Tourism
Kitchen Manager,679,$80K,,3.6,Based on 9 reviews,Hospitality & Tourism
Kitchen Assistant,"1,208",$55K,7.70%,3.8,Based on 52 reviews,Hospitality & Tourism
Housekeeping Manager,462,$75K,,3.9,Based on 8 reviews,Hospitality & Tourism
Housekeeping Attendant,182,,,3.7,Based on 31 reviews,Hospitality & Tourism
Housekeeper,"4,590",$65K,1.70%,3.6,Based on 149 reviews,Hospitality & Tourism
Hotel Manager,"2,233",$95K,2.20%,4.2,Based on 24 reviews,Hospitality & Tourism
Host,"2,390",$73K,,3.8,Based on 16 reviews,Hospitality & Tourism
Hospitality Manager,"8,577",$85K,,4.2,Based on 5 reviews,Hospitality & Tourism
Hospital Assistant,853,,,3.7,Based on 7 reviews,Hospitality & Tourism
Head Chef,"3,891",$93K,13.90%,4,Based on 247 reviews,Hospitality & Tourism
Guest Services Attendant,389,,,3.7,Based on 10 reviews,Hospitality & Tourism
Guest Services Agent,"1,024",$60K,8.40%,4,Based on 47 reviews,Hospitality & Tourism
Groups Consultant,,,,,,Hospitality & Tourism
Gaming Attendant,634,$63K,17.40%,3.7,Based on 49 reviews,Hospitality & Tourism
Functions Manager,730,$80K,,3.6,Based on 5 reviews,Hospitality & Tourism
Front Office Manager,"1,275",$75K,4.90%,4,Based on 29 reviews,Hospitality & Tourism
Food and Beverage Supervisor,"1,274",$70K,,3.6,Based on 17 reviews,Hospitality & Tourism
Food and Beverage Attendant,"2,291",$58K,10.20%,3.7,Based on 160 reviews,Hospitality & Tourism
Food Services Assistant,"2,506",$53K,,3.7,Based on 47 reviews,Hospitality & Tourism
Floor Staff,235,$60K,,3.8,Based on 11 reviews,Hospitality & Tourism
Floor Manager,143,$73K,,4.5,Based on 2 reviews,Hospitality & Tourism
Experience Officer,"1,957",$70K,,,,Hospitality & Tourism
Executive Chef,"1,746",$115K,13.90%,4.3,Based on 92 reviews,Hospitality & Tourism
Duty Manager,"5,177",$73K,2.20%,3.6,Based on 119 reviews,Hospitality & Tourism
Dishwasher,"1,269",$70K,,3.6,Based on 28 reviews,Hospitality & Tourism
Demi Chef,322,$68K,13.90%,4.3,Based on 16 reviews,Hospitality & Tourism
Culture Manager,814,$125K,,,,Hospitality & Tourism
Cook,"7,370",$73K,0.80%,4,Based on 178 reviews,Hospitality & Tourism
Concierge,"11,049",$65K,,4.4,Based on 30 reviews,Hospitality & Tourism
Community Manager,814,$83K,11.40%,3.9,Based on 16 reviews,Hospitality & Tourism
Commis Chef,"2,062",$68K,13.90%,3.9,Based on 60 reviews,Hospitality & Tourism
Chef de Partie,"2,935",$73K,13.90%,3.7,Based on 127 reviews,Hospitality & Tourism
Chef,"9,657",$73K,13.90%,3.6,Based on 338 reviews,Hospitality & Tourism
Catering Assistant,924,$63K,12.00%,3.7,Based on 75 reviews,Hospitality & Tourism
Caterer,"4,201",$110K,,4,Based on 3 reviews,Hospitality & Tourism
Cafe Manager,"3,671",$73K,,4,Based on 26 reviews,Hospitality & Tourism
Cafe Allrounder,500,$55K,8.00%,3.6,Based on 66 reviews,Hospitality & Tourism
Cabin Crew,100,$63K,,4,Based on 17 reviews,Hospitality & Tourism
Business Leader,"7,650",$150K,,4,Based on 1 review,Hospitality & Tourism
Breakfast Chef,"3,356",$73K,13.90%,3.9,Based on 16 reviews,Hospitality & Tourism
Bartender,"7,949",$68K,7.70%,3.9,Based on 217 reviews,Hospitality & Tourism
Barista,"13,899",$60K,7.70%,3.9,Based on 205 reviews,Hospitality & Tourism
Bar Manager,"2,176",$75K,7.70%,3.9,Based on 39 reviews,Hospitality & Tourism
Bar Attendant,"2,017",$65K,7.70%,4,Based on 83 reviews,Hospitality & Tourism
Assistant Manager,"7,814",$70K,4.90%,3.7,Based on 210 reviews,Hospitality & Tourism
Ambassador,"1,500",$73K,,4.5,Based on 14 reviews,Hospitality & Tourism
Wellbeing Manager,229,$128K,,5,Based on 1 review,Healthcare & Medical
Wellbeing Adviser,100,$105K,,,,Healthcare & Medical
Welfare Worker,"1,214",,25.20%,,,Healthcare & Medical
Validation Engineer,100,$103K,,4,Based on 2 reviews,Healthcare & Medical
Urologist,208,,27.00%,,,Healthcare & Medical
Treatment Coordinator,175,$70K,,4.5,Based on 2 reviews,Healthcare & Medical
Transcriptionist,148,$50K,,3.8,Based on 6 reviews,Healthcare & Medical
Training Supervisor,292,$90K,,,,Healthcare & Medical
Toxicologist,100,,3.40%,4,Based on 1 review,Healthcare & Medical
Therapy Assistant,948,$70K,,4,Based on 4 reviews,Healthcare & Medical
Therapist,"6,202",$98K,,4,Based on 7 reviews,Healthcare & Medical
Theatre Technician,100,$68K,7.00%,4,Based on 5 reviews,Healthcare & Medical
Theatre Nurse,"1,464",$93K,13.90%,4.2,Based on 10 reviews,Healthcare & Medical
Theatre Manager,100,,,3.5,Based on 2 reviews,Healthcare & Medical
Surgeon,490,$90K,9.90%,,,Healthcare & Medical
Sterilisation Technician,106,$63K,,4.3,Based on 8 reviews,Healthcare & Medical
Stakeholder Manager,"1,142",$165K,,,,Healthcare & Medical
Sports Trainer,"2,109",,9.80%,4.5,Based on 13 reviews,Healthcare & Medical
Speech Therapist,"1,690",$95K,34.70%,,,Healthcare & Medical
Speech Pathologist,"2,249",$95K,34.70%,4.2,Based on 43 reviews,Healthcare & Medical
Specialist Consultant,362,$80K,,5,Based on 1 review,Healthcare & Medical
Specialist,"18,050",$105K,12.10%,4.1,Based on 12 reviews,Healthcare & Medical
Sonographer,918,$128K,14.70%,4.3,Based on 8 reviews,Healthcare & Medical
Social Worker,"12,967",$93K,23.20%,4.1,Based on 110 reviews,Healthcare & Medical
Scientist,"7,329",$95K,,4.1,Based on 11 reviews,Healthcare & Medical
School Nurse,"1,048",$88K,,4,Based on 5 reviews,Healthcare & Medical
School Counsellor,"2,672",$98K,,4.6,Based on 7 reviews,Healthcare & Medical
Review Officer,100,$90K,,4.5,Based on 2 reviews,Healthcare & Medical
Residence Manager,100,$135K,,,,Healthcare & Medical
Research Officer,757,$93K,,3.8,Based on 11 reviews,Healthcare & Medical
Research Manager,348,$125K,,4.3,Based on 3 reviews,Healthcare & Medical
Research Coordinator,162,$98K,,4,Based on 6 reviews,Healthcare & Medical
Research Assistant,882,$80K,,4.1,Based on 77 reviews,Healthcare & Medical
Remedial Massage Therapist,381,$73K,,4.4,Based on 46 reviews,Healthcare & Medical
Relationship Counsellor,"2,551",,14.20%,4,Based on 1 review,Healthcare & Medical
Rehabilitation Counsellor,"1,028",$83K,14.20%,4.3,Based on 4 reviews,Healthcare & Medical
Rehabilitation Consultant,"1,038",$88K,,3.4,Based on 8 reviews,Healthcare & Medical
Registered Psychologist,"1,212",$103K,,4,Based on 2 reviews,Healthcare & Medical
Registered Nurse,"13,415",$90K,13.90%,3.8,Based on 402 reviews,Healthcare & Medical
Registered Midwife,"1,207",$88K,14.90%,4.3,Based on 31 reviews,Healthcare & Medical
Radiologist,"1,075",$495K,7.00%,,,Healthcare & Medical
Radiographer,708,$98K,14.70%,3.5,Based on 20 reviews,Healthcare & Medical
Radiation Therapist,127,$95K,13.10%,4.4,Based on 14 reviews,Healthcare & Medical
Quality Consultant,141,$90K,,,,Healthcare & Medical
Psychotherapist,434,$83K,,4.5,Based on 4 reviews,Healthcare & Medical
Psychologist,"6,436",$103K,13.30%,4.3,Based on 71 reviews,Healthcare & Medical
Psychiatrist,394,$350K,5.20%,,,Healthcare & Medical
Prosthetist,100,$85K,,4,Based on 1 review,Healthcare & Medical
Product Specialist,"1,586",$100K,,3.9,Based on 8 reviews,Healthcare & Medical
Probation And Parole Officer,100,,25.20%,4,Based on 2 reviews,Healthcare & Medical
Practice Nurse,"7,734",$83K,13.90%,4.5,Based on 124 reviews,Healthcare & Medical
Practice Manager,"6,149",$90K,9.60%,4.1,Based on 149 reviews,Healthcare & Medical
Podiatrist,511,$98K,31.80%,3.7,Based on 28 reviews,Healthcare & Medical
Physiotherapist,"5,707",$90K,28.70%,4,Based on 116 reviews,Healthcare & Medical
Physician,396,$210K,10.20%,,,Healthcare & Medical
Phlebotomist,403,,20.70%,3.8,Based on 34 reviews,Healthcare & Medical
Pharmacy Technician,"1,137",$65K,20.70%,4,Based on 20 reviews,Healthcare & Medical
Pharmacy Manager,439,$133K,,4,Based on 2 reviews,Healthcare & Medical
Pharmacy Assistant,"1,381",$50K,7.70%,3.8,Based on 197 reviews,Healthcare & Medical
Pharmacist in Charge,371,$105K,,2.6,Based on 7 reviews,Healthcare & Medical
Pharmacist,"2,992",$85K,9.00%,3.1,Based on 87 reviews,Healthcare & Medical
Personal Carer,"4,938",$70K,21.80%,4.2,Based on 49 reviews,Healthcare & Medical
Personal Care Worker,"4,436",$50K,21.80%,4.1,Based on 167 reviews,Healthcare & Medical
Personal Care Assistant,"2,277",$60K,21.80%,4.3,Based on 172 reviews,Healthcare & Medical
Peer Worker,211,$75K,,4.5,Based on 2 reviews,Healthcare & Medical
Patient Coordinator,109,$75K,,,,Healthcare & Medical
Pathways Coordinator,"1,366",$90K,,,,Healthcare & Medical
Pathology Courier,168,,,3.8,Based on 6 reviews,Healthcare & Medical
Pathology Collector,634,$60K,20.70%,3.8,Based on 74 reviews,Healthcare & Medical
Pathology Assistant,382,$68K,,3,Based on 2 reviews,Healthcare & Medical
Paramedic,678,$120K,8.40%,3.9,Based on 52 reviews,Healthcare & Medical
Paediatrician,"1,732",$310K,27.00%,3.5,Based on 2 reviews,Healthcare & Medical
Paediatric Nurse,955,,,5,Based on 1 review,Healthcare & Medical
Osteopath,127,$88K,19.20%,5,Based on 2 reviews,Healthcare & Medical
Orthoptist,100,$88K,15.10%,3.2,Based on 5 reviews,Healthcare & Medical
Orthodontist,436,$320K,,,,Healthcare & Medical
Optometrist,368,$110K,15.10%,4.3,Based on 19 reviews,Healthcare & Medical
Ophthalmologist,196,,,5,Based on 1 review,Healthcare & Medical
Office Supervisor,121,$73K,,5,Based on 1 review,Healthcare & Medical
Occupational Therapy Assistant,"1,487",,,5,Based on 2 reviews,Healthcare & Medical
Occupational Therapist,"6,979",$95K,7.40%,4.4,Based on 51 reviews,Healthcare & Medical
Obstetrician,100,$230K,7.00%,,,Healthcare & Medical
Nutritionist,"1,673",$85K,7.20%,4.6,Based on 22 reviews,Healthcare & Medical
Nursing Manager,,,,,,Healthcare & Medical
Nursing Director,590,$145K,,,,Healthcare & Medical
Nurse Unit Manager,"1,299",$130K,23.10%,4.1,Based on 27 reviews,Healthcare & Medical
Nurse Practitioner,"2,835",$140K,,4.8,Based on 5 reviews,Healthcare & Medical
Nurse Manager,"7,409",$128K,,3.4,Based on 5 reviews,Healthcare & Medical
Nurse Educator,"5,160",$120K,,5,Based on 4 reviews,Healthcare & Medical
Nurse Coordinator,"1,615",$90K,,5,Based on 1 review,Healthcare & Medical
Nurse Consultant,"1,348",$123K,,,,Healthcare & Medical
Nurse Adviser,,,,,,Healthcare & Medical
Nurse,"16,041",$85K,13.90%,4.2,Based on 56 reviews,Healthcare & Medical
Nuclear Medicine Technologist,140,$95K,20.70%,4.4,Based on 5 reviews,Healthcare & Medical
Neurologist,100,,27.00%,,,Healthcare & Medical
Naturopath,134,$73K,27.90%,4.1,Based on 25 reviews,Healthcare & Medical
Music Therapist,100,$88K,27.90%,,,Healthcare & Medical
Midwife,"2,127",$93K,14.90%,4,Based on 42 reviews,Healthcare & Medical
Mental Health Nurse,"5,173",$100K,13.90%,3.8,Based on 17 reviews,Healthcare & Medical
Medical Scientist,"2,129",$95K,5.60%,3.6,Based on 21 reviews,Healthcare & Medical
Medical Records Administrator,100,$70K,7.30%,3.8,Based on 33 reviews,Healthcare & Medical
Medical Receptionist,"8,423",$60K,2.10%,4,Based on 357 reviews,Healthcare & Medical
Medical Practitioner,"1,668",$140K,,,,Healthcare & Medical
Medical Manager,288,,,5,Based on 1 review,Healthcare & Medical
Medical Laboratory Technician,534,$75K,,4.4,Based on 8 reviews,Healthcare & Medical
Medical Imaging Technologist,652,$98K,14.70%,5,Based on 1 review,Healthcare & Medical
Medic,174,$140K,8.40%,4.1,Based on 14 reviews,Healthcare & Medical
Massage Therapist,888,$73K,20.60%,4.4,Based on 34 reviews,Healthcare & Medical
Lifestyle Officer,173,,,5,Based on 1 review,Healthcare & Medical
Lifestyle Coordinator,346,$75K,,4,Based on 10 reviews,Healthcare & Medical
Hygienist,163,$100K,,,,Healthcare & Medical
House Officer,,,,,,Healthcare & Medical
Hospital Pharmacist,"1,015",$95K,,4.5,Based on 4 reviews,Healthcare & Medical
Herbalist,100,,27.90%,4,Based on 1 review,Healthcare & Medical
Health Worker,"1,826",$83K,,5,Based on 2 reviews,Healthcare & Medical
Health Team Leader,"5,255",$110K,13.10%,,,Healthcare & Medical
Health Professional,"5,409",$90K,,,,Healthcare & Medical
Health Practitioner,"2,266",$88K,,,,Healthcare & Medical
Health Officer,720,$85K,,,,Healthcare & Medical
Health Manager,"1,676",$115K,,,,Healthcare & Medical
Health Information Manager,"1,589",$105K,26.50%,3.5,Based on 2 reviews,Healthcare & Medical
Guidance Counsellor,982,$115K,14.20%,5,Based on 3 reviews,Healthcare & Medical
General Practitioner,"5,363",$370K,10.20%,4.2,Based on 10 reviews,Healthcare & Medical
General Practice Sales Representative,173,$105K,,4,Based on 1 review,Healthcare & Medical
Gastroenterologist,125,$260K,27.00%,,,Healthcare & Medical
Exercise Physiologist,"2,583",$85K,3.50%,4.2,Based on 13 reviews,Healthcare & Medical
Environmental Health Officer,"1,010",$93K,15.90%,4.3,Based on 8 reviews,Healthcare & Medical
Enrolled Nurse,"7,227",$70K,1.30%,4,Based on 159 reviews,Healthcare & Medical
Engagement Lead,"1,064",$108K,,4,Based on 1 review,Healthcare & Medical
Enrolled Nurse,"7,227",$70K,1.30%,4,Based on 159 reviews,Healthcare & Medical
Drug and Alcohol Worker,"1,079",$70K,14.20%,2.7,Based on 3 reviews,Healthcare & Medical
Doctor,"3,731",,10.20%,4.2,Based on 6 reviews,Healthcare & Medical
Division One Registered Nurse,464,$85K,13.90%,3.9,Based on 66 reviews,Healthcare & Medical
Diversional Therapist,248,$80K,5.10%,4.3,Based on 3 reviews,Healthcare & Medical
Dispensary Technician,"1,009",$53K,,3.9,Based on 30 reviews,Healthcare & Medical
Dispensary Assistant,648,$48K,20.70%,3.9,Based on 7 reviews,Healthcare & Medical
Director Of Nursing,"2,092",$145K,23.10%,3.3,Based on 4 reviews,Healthcare & Medical
Dietitian,586,$95K,7.20%,3.9,Based on 33 reviews,Healthcare & Medical
Diabetes Educator,216,$103K,,,,Healthcare & Medical
Dermatologist,123,,27.00%,,,Healthcare & Medical
Dentist,"1,674",$225K,27.80%,3.9,Based on 58 reviews,Healthcare & Medical
Dental Technician,127,$80K,5.10%,3.2,Based on 33 reviews,Healthcare & Medical
Dental Receptionist,"1,722",$60K,2.10%,4.1,Based on 35 reviews,Healthcare & Medical
Dental Officer,805,$140K,,4,Based on 1 review,Healthcare & Medical
Dental Hygienist,748,$105K,5.10%,4.1,Based on 28 reviews,Healthcare & Medical
Dental Assistant,"1,978",$65K,6.50%,4,Based on 251 reviews,Healthcare & Medical
Counsellor,"11,541",$93K,14.20%,4.6,Based on 83 reviews,Healthcare & Medical
Cosmetic Nurse,,,,,,Healthcare & Medical
Cosmetic Injector,176,$85K,,,,Healthcare & Medical
Clinician,"2,963",$98K,,4.6,Based on 9 reviews,Healthcare & Medical
Clinical Team Leader,"4,093",$110K,,,,Healthcare & Medical
Clinical Specialist,818,$103K,,3,Based on 2 reviews,Healthcare & Medical
Clinical Psychologist,"2,727",$110K,13.30%,4.2,Based on 21 reviews,Healthcare & Medical
Clinical Nurse Specialist,"1,194",$108K,,3.8,Based on 5 reviews,Healthcare & Medical
Clinical Nurse Consultant,"1,174",$135K,,4.2,Based on 5 reviews,Healthcare & Medical
Clinical Nurse,"8,142",$105K,13.90%,4.1,Based on 40 reviews,Healthcare & Medical
Clinical Manager,"1,939",$120K,,4.4,Based on 9 reviews,Healthcare & Medical
Clinical Lead,"1,720",$115K,,,,Healthcare & Medical
Clinical Consultant,252,$93K,,,,Healthcare & Medical
Clinical Coder,100,$85K,,5,Based on 2 reviews,Healthcare & Medical
Clinical Adviser,100,$100K,,4,Based on 1 review,Healthcare & Medical
Clinic Coordinator,100,$70K,,5,Based on 1 review,Healthcare & Medical
Clerk,"18,061",$68K,12.90%,4.1,Based on 15 reviews,Healthcare & Medical
Chiropractor,256,$98K,19.20%,4.7,Based on 3 reviews,Healthcare & Medical
Chiropractic Assistant,100,,,3.8,Based on 9 reviews,Healthcare & Medical
Carer,"10,713",$85K,21.80%,4.4,Based on 57 reviews,Healthcare & Medical
Care Supervisor,100,$80K,,,,Healthcare & Medical
Care Manager,"4,393",$110K,,4,Based on 16 reviews,Healthcare & Medical
Care Director,233,$133K,,,,Healthcare & Medical
Care Coordinator,"3,656",$80K,,4.1,Based on 9 reviews,Healthcare & Medical
Cardiologist,282,$320K,27.00%,4,Based on 1 review,Healthcare & Medical
Cardiac Technologist,100,,20.70%,4.7,Based on 3 reviews,Healthcare & Medical
Business Specialist,929,$113K,,5,Based on 3 reviews,Healthcare & Medical
Booking Officer,100,$75K,,,,Healthcare & Medical
Biostatistician,100,$125K,11.00%,4.5,Based on 2 reviews,Healthcare & Medical
Biomedical Engineer,935,$80K,8.40%,4.6,Based on 9 reviews,Healthcare & Medical
Behaviour Support Practitioner,691,$93K,,3.6,Based on 9 reviews,Healthcare & Medical
Audiologist,282,$93K,34.70%,4.4,Based on 7 reviews,Healthcare & Medical
Assurance Consultant,,,,,,Healthcare & Medical
Assistant in Nursing,"3,971",$55K,9.60%,4.1,Based on 249 reviews,Healthcare & Medical
Art Therapist,579,,27.90%,4.5,Based on 4 reviews,Healthcare & Medical
Anaesthetist,171,$415K,3.00%,,,Healthcare & Medical
Anaesthetic Technician,100,$80K,20.70%,,,Healthcare & Medical
Allied Health Assistant,"4,078",$65K,15.50%,4.3,Based on 62 reviews,Healthcare & Medical
Aged Care Registered Nurse,"4,945",$93K,13.90%,4,Based on 43 reviews,Healthcare & Medical
Aged Care Nurse,"5,104",$83K,,3.4,Based on 5 reviews,Healthcare & Medical
Acupuncturist,100,,27.90%,3.5,Based on 2 reviews,Healthcare & Medical
Policy Officer,"1,194",$100K,8.70%,3.9,Based on 16 reviews,Government & Defence
Policy Manager,504,$140K,5.70%,3,Based on 1 review,Government & Defence
Policy Analyst,"1,014",$103K,8.70%,4,Based on 1 review,Government & Defence
Policy Adviser,536,$105K,8.70%,4.4,Based on 5 reviews,Government & Defence
Police Officer,"3,030",,7.80%,3.1,Based on 61 reviews,Government & Defence
Pathologist,"2,593",$210K,,2.5,Based on 2 reviews,Government & Defence
Naval Architect,100,$135K,,3,Based on 3 reviews,Government & Defence
Investigator,"4,769",$95K,,4,Based on 7 reviews,Government & Defence
Investigations Officer,100,$95K,,5,Based on 1 review,Government & Defence
Intelligence Officer,100,$93K,,4,Based on 1 review,Government & Defence
Intelligence Manager,100,$125K,,,,Government & Defence
Integrity Officer,100,$88K,,,,Government & Defence
Governance Specialist,100,$120K,,5,Based on 1 review,Government & Defence
Governance Officer,557,$95K,,4,Based on 3 reviews,Government & Defence
Governance Manager,295,$150K,,,,Government & Defence
Firefighter,159,,1.90%,4.7,Based on 45 reviews,Government & Defence
District Manager,100,$133K,,4,Based on 2 reviews,Government & Defence
Correctional Officer,211,$73K,5.30%,3.4,Based on 66 reviews,Government & Defence
Control Coordinator,100,$100K,,,,Government & Defence
Border Force Officer,42,$65K,11.80%,4.3,Based on 3 reviews,Government & Defence
Authorised Officer,100,$80K,,2.8,Based on 5 reviews,Government & Defence
Assurance Analyst,100,$110K,,,,Government & Defence
Zookeeper,100,,14.90%,4.3,Based on 9 reviews,"Farming, Animals & Conservation"
Winemaker,"2,194",$90K,0.40%,4.4,Based on 10 reviews,"Farming, Animals & Conservation"
Veterinary Officer,100,$110K,19.70%,3,Based on 1 review,"Farming, Animals & Conservation"
Veterinary Nurse,432,$68K,15.40%,4.4,Based on 47 reviews,"Farming, Animals & Conservation"
Veterinarian,"1,970",$108K,19.70%,3.3,Based on 7 reviews,"Farming, Animals & Conservation"
Stable Hand,87,$50K,1.00%,3.8,Based on 34 reviews,"Farming, Animals & Conservation"
Ranger,878,$78K,,4.6,Based on 12 reviews,"Farming, Animals & Conservation"
Pen Rider,15,$60K,1.00%,,,"Farming, Animals & Conservation"
Park Ranger,271,,-2.10%,4.7,Based on 3 reviews,"Farming, Animals & Conservation"
Overseer,"16,037",$88K,,,,"Farming, Animals & Conservation"
Museum Curator,100,,2.10%,,,"Farming, Animals & Conservation"
Livestock Manager,171,$95K,,4,Based on 2 reviews,"Farming, Animals & Conservation"
Horticultural Worker,100,$45K,,4.5,Based on 8 reviews,"Farming, Animals & Conservation"
Herd Manager,100,,,4,Based on 1 review,"Farming, Animals & Conservation"
Field Officer,234,$78K,,4.2,Based on 18 reviews,"Farming, Animals & Conservation"
Farmhand,600,$70K,3.40%,3.9,Based on 141 reviews,"Farming, Animals & Conservation"
Farmer,"3,034",$78K,,3.8,Based on 14 reviews,"Farming, Animals & Conservation"
Farm Supervisor,100,$80K,,3.8,Based on 4 reviews,"Farming, Animals & Conservation"
Farm Manager,904,$110K,,4.3,Based on 16 reviews,"Farming, Animals & Conservation"
Farm Assistant,100,$63K,,4.2,Based on 5 reviews,"Farming, Animals & Conservation"
Extension Officer,53,$85K,,5,Based on 2 reviews,"Farming, Animals & Conservation"
Dog Trainer,745,$65K,14.90%,5,Based on 5 reviews,"Farming, Animals & Conservation"
Dog Groomer,199,$63K,14.90%,4.2,Based on 18 reviews,"Farming, Animals & Conservation"
Diver,"1,640",$80K,,4.5,Based on 2 reviews,"Farming, Animals & Conservation"
Complaints Manager,112,$105K,,,,"Farming, Animals & Conservation"
Biosecurity Officer,100,$85K,11.80%,4.4,Based on 8 reviews,"Farming, Animals & Conservation"
Beekeeper,64,$68K,5.80%,4.7,Based on 6 reviews,"Farming, Animals & Conservation"
Animal Attendant,280,$60K,14.90%,4,Based on 43 reviews,"Farming, Animals & Conservation"
Agronomist,422,$90K,1.60%,4.4,Based on 7 reviews,"Farming, Animals & Conservation"
Agricultural Technician,123,$75K,-4.90%,,,"Farming, Animals & Conservation"
Works Engineer,"2,285",$113K,,,,Engineering
Work Supervisor,"1,430",$95K,,,,Engineering
Water Engineer,"1,092",$115K,,4.3,Based on 4 reviews,Engineering
Track Engineer,250,$145K,,,,Engineering
Technical Director,118,$200K,,4.3,Based on 3 reviews,Engineering
Study Manager,100,$200K,,5,Based on 2 reviews,Engineering
Structures Supervisor,100,$170K,,3,Based on 1 review,Engineering
Structural Engineer,"2,967",$105K,13.40%,3.8,Based on 34 reviews,Engineering
Stormwater Engineer,191,$98K,,,,Engineering
Site Engineer,"3,954",$110K,10.20%,3.7,Based on 41 reviews,Engineering
Services Engineer,"3,781",$105K,,3.4,Based on 7 reviews,Engineering
Safety Engineer,464,,,4,Based on 1 review,Engineering
Requirements Engineer,581,$125K,,,,Engineering
Protection Engineer,243,$140K,,4,Based on 1 review,Engineering
Project Engineer,"8,866",$135K,10.50%,3.9,Based on 92 reviews,Engineering
Process Specialist,222,$115K,,3,Based on 2 reviews,Engineering
Process Engineer,"14,717",$115K,,3.9,Based on 26 reviews,Engineering
Mechatronics Engineer,592,$100K,8.40%,4.3,Based on 9 reviews,Engineering
Mechanical Engineer,"11,140",$110K,3.10%,4,Based on 83 reviews,Engineering
Mechanical Design Engineer,"1,745",$108K,,4.3,Based on 14 reviews,Engineering
Materials Engineer,434,$95K,7.70%,4.3,Based on 3 reviews,Engineering
Manufacturing Engineer,"1,782",$110K,,4.1,Based on 8 reviews,Engineering
Maintenance Engineer,"2,638",$120K,,4.3,Based on 4 reviews,Engineering
Logistics Engineer,167,$120K,,3.5,Based on 2 reviews,Engineering
Interface Manager,"1,080",$185K,,,,Engineering
Industrial Engineer,683,$95K,,4.5,Based on 2 reviews,Engineering
Forensic Engineer,100,$108K,,,,Engineering
Fire Engineer,"2,093",$120K,,3.5,Based on 2 reviews,Engineering
Field Service Engineer,"3,522",$100K,,4.2,Based on 10 reviews,Engineering
Field Engineer,"1,868",$103K,,3.4,Based on 7 reviews,Engineering
Facade Engineer,100,$110K,,4.7,Based on 3 reviews,Engineering
Environmental Engineer,"1,756",$100K,,4.7,Based on 3 reviews,Engineering
Engineering Technologist,100,$80K,,,,Engineering
Engineering Technician,219,$95K,,4.7,Based on 3 reviews,Engineering
Engineering Officer,100,$95K,,,,Engineering
Engineering Manager,"4,990",$180K,11.70%,3.9,Based on 41 reviews,Engineering
Engineering Consultant,650,$110K,,4.4,Based on 9 reviews,Engineering
Engineer,"21,997",$110K,10.50%,3.9,Based on 69 reviews,Engineering
Electronics Engineer,"2,376",$105K,2.20%,4.7,Based on 10 reviews,Engineering
Electrical Engineer,"7,886",$125K,9.50%,4.1,Based on 85 reviews,Engineering
Drainage Engineer,261,$110K,,,,Engineering
Draftsperson,"4,363",$85K,11.90%,3.9,Based on 69 reviews,Engineering
Development Engineer,"1,441",$103K,,4,Based on 3 reviews,Engineering
Design Technician,100,$83K,,3,Based on 1 review,Engineering
Design Team Leader,"3,063",$115K,,4,Based on 1 review,Engineering
Design Officer,100,$105K,,2,Based on 1 review,Engineering
Design Engineer,"3,522",$115K,10.10%,4,Based on 31 reviews,Engineering
Design Coordinator,365,$115K,20.50%,4.3,Based on 3 reviews,Engineering
Delivery Team Leader,"10,422",$120K,,,,Engineering
Delivery Engineer,806,$120K,,,,Engineering
Controls Engineer,672,$125K,,2,Based on 3 reviews,Engineering
Control Specialist,100,$110K,,,,Engineering
Construction Engineer,"3,122",$110K,,,,Engineering
Configuration Specialist,100,$115K,,,,Engineering
Compliance Engineer,252,$93K,,,,Engineering
Communications Engineer,403,$135K,,4.5,Based on 2 reviews,Engineering
Civil Engineer,"7,644",$105K,13.40%,3.8,Based on 68 reviews,Engineering
Civil Designer,"2,841",$100K,1.00%,3.9,Based on 16 reviews,Engineering
Chemical Engineer,"1,363",$100K,7.70%,3.2,Based on 5 reviews,Engineering
Botanist,100,$100K,,5,Based on 1 review,Engineering
Automation Engineer,601,$123K,,4.1,Based on 7 reviews,Engineering
Asset Engineer,813,$125K,10.50%,4,Based on 2 reviews,Engineering
Applications Engineer,510,$105K,,4,Based on 6 reviews,Engineering
Aircraft Maintenance Engineer,329,$93K,16.70%,3.7,Based on 23 reviews,Engineering
Aerospace Engineer,385,$130K,8.40%,4,Based on 1 review,Engineering
Wellbeing Officer,100,$85K,,,,Education & Training
Welfare Officer,"1,083",$78K,,4,Based on 3 reviews,Education & Training
Tutor,661,$75K,13.60%,4.3,Based on 101 reviews,Education & Training
Training Specialist,571,$105K,,4.5,Based on 4 reviews,Education & Training
Training Adviser,100,$130K,,2.7,Based on 3 reviews,Education & Training
Trainer and Assessor,"13,228",$85K,7.40%,4.2,Based on 94 reviews,Education & Training
Trainer,"72,353",$95K,11.30%,4.2,Based on 65 reviews,Education & Training
Teacher's Aide,"1,917",$60K,17.40%,4.3,Based on 140 reviews,Education & Training
Teacher,"14,842",$100K,9.40%,3.7,Based on 146 reviews,Education & Training
TAFE Teacher,346,$100K,,5,Based on 2 reviews,Education & Training
Support Executive,"1,436",$75K,,,,Education & Training
Student Support Officer,962,$68K,,3.5,Based on 11 reviews,Education & Training
Special Educational Needs Teacher,475,$100K,13.50%,4.2,Based on 26 reviews,Education & Training
Service Director,915,$220K,,4.7,Based on 3 reviews,Education & Training
Secondary School Teacher,"1,829",$100K,3.70%,3.7,Based on 77 reviews,Education & Training
Science Teacher,"1,928",$100K,3.70%,3.9,Based on 35 reviews,Education & Training
School Principal,"1,584",$185K,,3.3,Based on 4 reviews,Education & Training
School Manager,191,$120K,,3.5,Based on 2 reviews,Education & Training
School Coordinator,350,$80K,,,,Education & Training
Room Leader,"5,099",$78K,,4.1,Based on 17 reviews,Education & Training
Room Assistant,100,$63K,,4.1,Based on 7 reviews,Education & Training
Researcher,"10,011",$100K,11.00%,4,Based on 26 reviews,Education & Training
Research Fellow,248,$110K,11.00%,3.8,Based on 33 reviews,Education & Training
Research Director,101,$155K,23.80%,4,Based on 1 review,Education & Training
Research Associate,173,$95K,,4.3,Based on 7 reviews,Education & Training
Principal,"4,375",$180K,11.50%,4.4,Based on 24 reviews,Education & Training
Primary School Teacher,"2,694",$100K,5.10%,3.8,Based on 79 reviews,Education & Training
Presenter,156,$85K,,5,Based on 2 reviews,Education & Training
Postdoctoral Fellow,130,$98K,,4.5,Based on 2 reviews,Education & Training
Placement Officer,100,$78K,,,,Education & Training
Placement Coordinator,100,$85K,,4,Based on 1 review,Education & Training
Physical Education Teacher,887,$95K,9.40%,3.9,Based on 10 reviews,Education & Training
Outreach Officer,100,$88K,,5,Based on 3 reviews,Education & Training
Music Teacher,697,$100K,3.70%,4.3,Based on 38 reviews,Education & Training
Mathematics Teacher,"1,437",$100K,3.70%,4,Based on 42 reviews,Education & Training
Life Coordinator,100,$70K,,,,Education & Training
Library Technician,146,$75K,2.90%,4.2,Based on 11 reviews,Education & Training
Library Manager,100,,,3,Based on 1 review,Education & Training
Library Assistant,167,$63K,10.00%,4.3,Based on 18 reviews,Education & Training
Librarian,335,$90K,5.90%,3.8,Based on 62 reviews,Education & Training
Lecturer,393,$115K,16.60%,4,Based on 91 reviews,Education & Training
Learning Officer,145,$85K,,,,Education & Training
Learning Assistant,219,$65K,,3.5,Based on 2 reviews,Education & Training
Learning Adviser,100,$95K,,2,Based on 1 review,Education & Training
Lead Educator,"16,218",$68K,,3.8,Based on 16 reviews,Education & Training
Kindergarten Teacher,"7,527",$88K,21.60%,4.2,Based on 52 reviews,Education & Training
Integration Aide,57,$63K,,4,Based on 2 reviews,Education & Training
Information Specialist,144,$90K,,,,Education & Training
Facilitator,"8,209",$85K,,4.5,Based on 15 reviews,Education & Training
Examinations Officer,,,,,,Education & Training
Enrolments Officer,100,$68K,,3.5,Based on 4 reviews,Education & Training
English as an Additional Language Teacher,100,$80K,-0.50%,4.2,Based on 26 reviews,Education & Training
English Teacher,"2,257",$100K,3.70%,4.2,Based on 56 reviews,Education & Training
Educator,"29,106",$65K,9.40%,4,Based on 129 reviews,Education & Training
Educational Leader,"3,888",$85K,,3.9,Based on 15 reviews,Education & Training
Education Officer,491,$100K,,4.3,Based on 3 reviews,Education & Training
Education Manager,529,$130K,,3.5,Based on 2 reviews,Education & Training
Education Coordinator,145,$100K,,,,Education & Training
Education Adviser,100,$100K,,,,Education & Training
Early Learning Centre Assistant Director,201,$105K,,4,Based on 26 reviews,Education & Training
Early Childhood Teacher,"8,395",$88K,21.60%,3.9,Based on 131 reviews,Education & Training
Early Childhood Educator,"7,155",$65K,21.60%,3.9,Based on 192 reviews,Education & Training
Director,"12,792",$165K,4.60%,4.3,Based on 138 reviews,Education & Training
Dean,216,$140K,,,,Education & Training
Classroom Teacher,"1,838",$100K,,3.7,Based on 6 reviews,Education & Training
Childcare Worker,"4,272",$60K,5.90%,4,Based on 34 reviews,Education & Training
Childcare Educator,"9,035",$65K,5.90%,3.8,Based on 104 reviews,Education & Training
Childcare Centre Manager,"1,476",$115K,21.80%,4.3,Based on 9 reviews,Education & Training
Childcare Assistant,"6,307",$60K,5.90%,3.5,Based on 32 reviews,Education & Training
Chaplain,222,$80K,1.40%,4.8,Based on 5 reviews,Education & Training
Centre Manager,"1,934",$100K,21.80%,4,Based on 51 reviews,Education & Training
Centre Director,"1,114",$98K,,4.1,Based on 9 reviews,Education & Training
Centre Coordinator,241,$85K,,4,Based on 2 reviews,Education & Training
Centre Administrator,100,$68K,,3,Based on 1 review,Education & Training
Careers Consultant,360,$75K,,3.5,Based on 11 reviews,Education & Training
Career Development Practitioner,"2,353",$93K,,4.4,Based on 5 reviews,Education & Training
Assistant Educator,"5,328",$60K,11.80%,4,Based on 114 reviews,Education & Training
Assistant Coordinator,316,$65K,,3.3,Based on 3 reviews,Education & Training
Assistant,"26,472",$68K,,4.2,Based on 55 reviews,Education & Training
Art Teacher,"2,251",$98K,9.40%,4.5,Based on 2 reviews,Education & Training
Archivist,662,$88K,2.10%,4.3,Based on 8 reviews,Education & Training
Advocacy Officer,100,$80K,,,,Education & Training
Academic Manager,"1,880",$90K,,3.5,Based on 2 reviews,Education & Training
Academic,"3,451",$110K,,3.8,Based on 6 reviews,Education & Training
Visual Designer,"1,253",$90K,21.70%,,,Design & Architecture
User Experience Lead,"1,068",$150K,,,,Design & Architecture
Urban Planner,969,$90K,18.60%,3.5,Based on 2 reviews,Design & Architecture
Town Planner,"1,667",$90K,,2.3,Based on 3 reviews,Design & Architecture
Textile Designer,134,$80K,,4.3,Based on 4 reviews,Design & Architecture
Revit Technician,100,$88K,,4.5,Based on 2 reviews,Design & Architecture
Project Leader,"6,098",$115K,,3.9,Based on 13 reviews,Design & Architecture
Product Developer,296,$85K,,4,Based on 3 reviews,Design & Architecture
Planning Officer,379,$90K,,4.2,Based on 5 reviews,Design & Architecture
Planning Consultant,141,$95K,,1,Based on 1 review,Design & Architecture
Patternmaker,100,$90K,9.50%,3.6,Based on 9 reviews,Design & Architecture
Landscape Designer,"1,614",$83K,16.80%,3.7,Based on 7 reviews,Design & Architecture
Landscape Architect,336,$90K,16.80%,3.4,Based on 5 reviews,Design & Architecture
Interior Designer,"1,569",$83K,19.10%,4.2,Based on 56 reviews,Design & Architecture
Interior Decorator,389,,19.10%,4.6,Based on 8 reviews,Design & Architecture
Industrial Designer,"2,133",$75K,28.40%,4.2,Based on 15 reviews,Design & Architecture
Illustrator,599,,21.70%,4.2,Based on 11 reviews,Design & Architecture
Heritage Adviser,100,$115K,,,,Design & Architecture
Graphic Designer,"3,502",$73K,21.70%,4,Based on 178 reviews,Design & Architecture
Fashion Designer,"1,198",$80K,28.40%,4.1,Based on 12 reviews,Design & Architecture
Drafting Manager,133,$120K,,,,Design & Architecture
Documenter,,,,,,Design & Architecture
Digital Designer,"3,637",$85K,21.70%,4,Based on 18 reviews,Design & Architecture
Designer,"27,382",$90K,12.20%,4,Based on 22 reviews,Design & Architecture
Design Lead,"3,044",$145K,,3.7,Based on 3 reviews,Design & Architecture
Design Assistant,167,$65K,,4,Based on 8 reviews,Design & Architecture
Building Designer,"13,280",$83K,20.50%,4.3,Based on 20 reviews,Design & Architecture
Architectural Technician,"3,540",$83K,11.90%,3.4,Based on 9 reviews,Design & Architecture
Architectural Designer,"2,615",$90K,,3.9,Based on 9 reviews,Design & Architecture
Architect,"5,557",$105K,16.80%,3.6,Based on 51 reviews,Design & Architecture
Animator,127,$85K,21.70%,4.1,Based on 7 reviews,Design & Architecture
Sustainability Officer,"1,595",$95K,,,,Consulting & Strategy
Strategy Specialist,165,$120K,22.30%,,,Consulting & Strategy
Strategy Officer,142,$98K,,,,Consulting & Strategy
Strategy Manager,"2,895",$155K,,4.4,Based on 7 reviews,Consulting & Strategy
Strategy Consultant,269,$125K,,,,Consulting & Strategy
Strategy Adviser,100,$135K,,,,Consulting & Strategy
Strategic Analyst,105,$115K,,,,Consulting & Strategy
Review Analyst,,,,,,Consulting & Strategy
Response Manager,100,$160K,,4,Based on 1 review,Consulting & Strategy
Planning Specialist,233,$110K,,,,Consulting & Strategy
Performance Analyst,136,$115K,,3.5,Based on 2 reviews,Consulting & Strategy
Optimisation Analyst,100,$100K,,,,Consulting & Strategy
Management Consultant,"1,185",$105K,32.20%,4.3,Based on 35 reviews,Consulting & Strategy
Intelligence Analyst,684,$98K,8.70%,4.5,Based on 2 reviews,Consulting & Strategy
Improvement Specialist,100,$145K,,4,Based on 1 review,Consulting & Strategy
Improvement Officer,100,$95K,,,,Consulting & Strategy
Improvement Manager,479,$130K,,4,Based on 1 review,Consulting & Strategy
Improvement Analyst,100,$95K,,,,Consulting & Strategy
Historian,100,,18.90%,,,Consulting & Strategy
Heritage Consultant,100,$80K,,3.5,Based on 2 reviews,Consulting & Strategy
Governance Consultant,100,$130K,,,,Consulting & Strategy
Governance Adviser,100,$95K,,,,Consulting & Strategy
Financial Consultant,100,,,4,Based on 6 reviews,Consulting & Strategy
Evaluation Officer,100,$100K,,,,Consulting & Strategy
Evaluation Manager,100,$130K,,,,Consulting & Strategy
Economist,"1,010",$100K,-0.70%,3.6,Based on 8 reviews,Consulting & Strategy
Customer Relationship Management Consultant,816,$110K,7.30%,4,Based on 1 review,Consulting & Strategy
Consultant Manager,577,$145K,,4,Based on 1 review,Consulting & Strategy
Change Specialist,236,$120K,,3,Based on 1 review,Consulting & Strategy
Change Adviser,100,$110K,,4.5,Based on 2 reviews,Consulting & Strategy
Assurance Manager,172,$150K,,,,Consulting & Strategy
Assurance Adviser,100,$105K,,,,Consulting & Strategy
Analytics Specialist,100,$120K,23.20%,,,Consulting & Strategy
Analyst Consultant,100,$95K,,,,Consulting & Strategy
Advisory Manager,127,$130K,,,,Consulting & Strategy
Advisory Consultant,100,$110K,,,,Consulting & Strategy
Zero Harm Adviser,256,$125K,,3,Based on 1 review,Construction
Works Manager,"5,915",$120K,,,,Construction
Surveyor,"2,780",$105K,20.50%,3.9,Based on 26 reviews,Construction
Survey Assistant,245,$70K,20.50%,4,Based on 13 reviews,Construction
Surveillance Officer,100,$95K,,4.7,Based on 3 reviews,Construction
Supervisor,"63,559",$105K,,4,Based on 161 reviews,Construction
Superintendent,"1,398",$190K,,4,Based on 35 reviews,Construction
Skid Steer Operator,419,$73K,,4,Based on 2 reviews,Construction
Site Supervisor,"5,398",$120K,10.20%,4.1,Based on 62 reviews,Construction
Site Manager,"6,858",$150K,10.20%,3.9,Based on 120 reviews,Construction
Scheduler,"16,299",$80K,,3.8,Based on 21 reviews,Construction
Safety Coordinator,"1,000",$115K,,4,Based on 1 review,Construction
Roller Operator,"1,235",,,4.1,Based on 17 reviews,Construction
Quantity Surveyor,"2,172",$125K,20.50%,4.2,Based on 41 reviews,Construction
Project Executive,282,,,4,Based on 1 review,Construction
Positrack Operator,,,,,,Construction
Plant Operator,"5,116",$70K,1.70%,3.9,Based on 111 reviews,Construction
Planner,"35,673",$100K,,4.4,Based on 19 reviews,Construction
Place Manager,109,$100K,,5,Based on 2 reviews,Construction
Inspector,482,$80K,11.80%,3.8,Based on 6 reviews,Construction
Health Safety and Environment Adviser,254,$130K,,4.1,Based on 28 reviews,Construction
Foreperson,"4,141",$130K,10.20%,4.2,Based on 20 reviews,Construction
Field Specialist,353,$110K,,,,Construction
Excavator Operator,"5,402",$155K,0.60%,4.1,Based on 103 reviews,Construction
Estimator,"4,278",$105K,11.90%,3.8,Based on 150 reviews,Construction
Estimating Team Leader,194,$110K,,,,Construction
Environmental Manager,"1,144",$155K,,2.3,Based on 3 reviews,Construction
Engineering Surveyor,985,$130K,13.40%,3.8,Based on 11 reviews,Construction
Enforcement Officer,100,$78K,,,,Construction
Electrical Estimator,811,$125K,0.70%,3.7,Based on 12 reviews,Construction
Design Manager,"2,071",$175K,,4,Based on 11 reviews,Construction
Crane Operator,"2,796",$115K,0.40%,4.1,Based on 80 reviews,Construction
Coordination Officer,233,$90K,,4,Based on 2 reviews,Construction
Contracts Manager,"4,218",$145K,,3.7,Based on 25 reviews,Construction
Contracts Administrator,"7,248",$120K,9.30%,4.1,Based on 95 reviews,Construction
Contracting Manager,"1,064",$135K,,4,Based on 1 review,Construction
Construction Team Leader,"1,585",$75K,,,,Construction
Construction Supervisor,"3,695",$110K,9.80%,4,Based on 15 reviews,Construction
Construction Superintendent,266,$190K,10.20%,4,Based on 1 review,Construction
Construction Project Manager,"6,596",$140K,10.20%,4.3,Based on 17 reviews,Construction
Construction Manager,"3,961",$185K,10.20%,4.2,Based on 49 reviews,Construction
Construction Coordinator,247,$83K,,,,Construction
Construction Administrator,"1,602",$75K,,3.7,Based on 3 reviews,Construction
Commercial Manager,"8,540",$175K,9.30%,4,Based on 23 reviews,Construction
Combo Operator,,,,,,Construction
Client Side Project Manager,"1,113",$130K,17.70%,4,Based on 8 reviews,Construction
Civil Project Manager,"5,283",$155K,10.20%,3.7,Based on 3 reviews,Construction
Civil Estimator,849,$140K,1.00%,4.2,Based on 10 reviews,Construction
Building Surveyor,"1,514",$115K,11.90%,3.4,Based on 14 reviews,Construction
Building Supervisor,"4,519",$105K,10.20%,3.9,Based on 7 reviews,Construction
Building Inspector,312,$105K,11.90%,3.8,Based on 4 reviews,Construction
Building Estimator,"1,410",$90K,11.90%,5,Based on 1 review,Construction
Building Coordinator,371,$83K,4.90%,,,Construction
Bobcat Operator,787,$75K,,3,Based on 1 review,Construction
Backhoe Operator,315,,,3,Based on 1 review,Construction
Assistant Project Manager,"2,806",$95K,,3.6,Based on 7 reviews,Construction
Youth Worker,"9,266",$75K,23.20%,4.2,Based on 98 reviews,Community Services & Development
Youth Justice Worker,361,$80K,,2.3,Based on 3 reviews,Community Services & Development
Volunteer Manager,"5,482",$95K,,,,Community Services & Development
Transition Officer,36,$83K,,,,Community Services & Development
Team Leader,"18,930",$100K,16.30%,4,Based on 304 reviews,Community Services & Development
Support Worker,"21,746",$73K,23.20%,4.3,Based on 313 reviews,Community Services & Development
Support Supervisor,789,$100K,,,,Community Services & Development
Support Staff,"8,473",,,5,Based on 3 reviews,Community Services & Development
Support Practitioner,850,$90K,,5,Based on 1 review,Community Services & Development
Support Leader,"3,647",$85K,,,,Community Services & Development
Support Coordinator,"4,379",$83K,25.20%,4,Based on 49 reviews,Community Services & Development
Support Assistant,"2,465",$65K,,4,Based on 2 reviews,Community Services & Development
Support Adviser,211,$95K,,4.5,Based on 2 reviews,Community Services & Development
Service Worker,"1,462",$78K,,2.5,Based on 2 reviews,Community Services & Development
Service Leader,"3,563",$98K,,3.5,Based on 2 reviews,Community Services & Development
School Crossing Supervisor,100,,,4.6,Based on 8 reviews,Community Services & Development
Scheduling Specialist,100,$80K,,,,Community Services & Development
Scheduling Officer,100,$68K,,4,Based on 3 reviews,Community Services & Development
Rostering Officer,318,$68K,,3.5,Based on 11 reviews,Community Services & Development
Retention Manager,100,$110K,,1.5,Based on 2 reviews,Community Services & Development
Residential Support Worker,"3,372",$75K,,4.3,Based on 16 reviews,Community Services & Development
Recreational Activities Officer,142,,,5,Based on 1 review,Community Services & Development
Recreation Officer,100,$75K,19.50%,3,Based on 2 reviews,Community Services & Development
Programs Manager,"4,187",$120K,,4.1,Based on 7 reviews,Community Services & Development
Program Assistant,521,$68K,,4.5,Based on 4 reviews,Community Services & Development
Practitioner,"5,716",$95K,5.30%,4.3,Based on 4 reviews,Community Services & Development
Practice Leader,"2,150",$123K,,4.4,Based on 5 reviews,Community Services & Development
Placement Consultant,100,$73K,,5,Based on 1 review,Community Services & Development
Philanthropy Manager,100,$115K,5.40%,,,Community Services & Development
Performance Adviser,100,$110K,,,,Community Services & Development
Outreach Worker,100,$70K,,5,Based on 2 reviews,Community Services & Development
Orientation and Mobility Specialist,100,$93K,,,,Community Services & Development
Navigator,100,$85K,,,,Community Services & Development
NDIS Support Worker,"7,074",,,3.9,Based on 17 reviews,Community Services & Development
Monitoring Officer,100,$85K,,3.7,Based on 3 reviews,Community Services & Development
Mentor,"21,462",$75K,,4.5,Based on 20 reviews,Community Services & Development
Mental Health Support Worker,"6,498",$73K,23.20%,4.1,Based on 49 reviews,Community Services & Development
Liaison Officer,255,$90K,,4.1,Based on 7 reviews,Community Services & Development
Investigations Manager,189,$145K,,3.5,Based on 2 reviews,Community Services & Development
Intake Worker,100,$90K,17.40%,5,Based on 1 review,Community Services & Development
House Supervisor,"5,226",$90K,,4.5,Based on 4 reviews,Community Services & Development
House Manager,"8,473",$93K,,4.3,Based on 6 reviews,Community Services & Development
Home Care Worker,"4,466",,21.80%,4.1,Based on 30 reviews,Community Services & Development
Health Promotion Officer,394,$83K,21.90%,5,Based on 3 reviews,Community Services & Development
Grants Officer,100,$90K,,4,Based on 2 reviews,Community Services & Development
Fundraising Officer,100,$80K,,2,Based on 1 review,Community Services & Development
Fundraising Manager,203,$110K,5.40%,3.7,Based on 3 reviews,Community Services & Development
Fundraising Executive,,,,,,Community Services & Development
Fundraising Coordinator,100,$80K,,,,Community Services & Development
Fundraiser,999,,,2.3,Based on 3 reviews,Community Services & Development
Fieldworker,298,$63K,,4,Based on 5 reviews,Community Services & Development
Family Worker,524,$80K,,4,Based on 5 reviews,Community Services & Development
Family Support Worker,"9,388",$80K,23.20%,4.1,Based on 22 reviews,Community Services & Development
Engagement Officer,268,$85K,,3,Based on 5 reviews,Community Services & Development
Employment Officer,106,$73K,,3.5,Based on 2 reviews,Community Services & Development
Employment Consultant,"3,553",$68K,14.20%,3.8,Based on 94 reviews,Community Services & Development
ECEI Coordinator,100,,,4,Based on 1 review,Community Services & Development
Disability Support Worker,"13,952",$70K,28.00%,4.3,Based on 664 reviews,Community Services & Development
Development Advisor,148,$110K,,,,Community Services & Development
Contact Officer,737,$75K,,4,Based on 2 reviews,Community Services & Development
Community Worker,"1,878",$80K,21.90%,4.4,Based on 5 reviews,Community Services & Development
Community Support Worker,"13,225",$75K,23.20%,4.4,Based on 172 reviews,Community Services & Development
Community Liaison Officer,234,$75K,,3.8,Based on 4 reviews,Community Services & Development
Community Development Officer,"1,144",$83K,13.50%,4.3,Based on 16 reviews,Community Services & Development
Client Services Coordinator,"1,776",$70K,,4.1,Based on 9 reviews,Community Services & Development
Client Liaison Officer,"1,125",$70K,,3.7,Based on 15 reviews,Community Services & Development
Child Safety Officer,646,$85K,,3.7,Based on 3 reviews,Community Services & Development
Centre Officer,246,$68K,,,,Community Services & Development
Caseworker,"1,829",$88K,,4.2,Based on 23 reviews,Community Services & Development
Case Manager,"9,166",$85K,25.20%,4,Based on 127 reviews,Community Services & Development
Care Team Leader,"5,731",$95K,,,,Community Services & Development
Care Specialist,"1,069",$75K,,,,Community Services & Development
Care Consultant,265,$78K,,,,Community Services & Development
Behaviour Specialist,191,,13.30%,,,Community Services & Development
Asset Officer,139,$88K,,5,Based on 1 review,Community Services & Development
Area Coordinator,278,$90K,,4,Based on 5 reviews,Community Services & Development
Anthropologist,100,$100K,18.90%,4,Based on 1 review,Community Services & Development
Alliance Manager,,,,,,Community Services & Development
Aged Care Worker,"7,876",,28.00%,4,Based on 95 reviews,Community Services & Development
Aged Care Support Worker,"4,623",,28.00%,4.5,Based on 53 reviews,Community Services & Development
Advocate,"5,194",$90K,,4,Based on 5 reviews,Community Services & Development
Activities Coordinator,456,$70K,,4.8,Based on 5 reviews,Community Services & Development
Acquisition Consultant,,,,,,Community Services & Development
Access Officer,100,$85K,,,,Community Services & Development
Vice President,116,$200K,,4.3,Based on 13 reviews,CEO & General Management
Managing Director,"1,686",$240K,4.60%,4.4,Based on 81 reviews,CEO & General Management
General Manager,"13,175",$165K,9.60%,4.1,Based on 191 reviews,CEO & General Management
Executive Director,"1,709",$230K,,5,Based on 5 reviews,CEO & General Management
Chief of Staff,511,$175K,,4.3,Based on 4 reviews,CEO & General Management
Chief Operating Officer,"1,583",$210K,7.90%,4.4,Based on 31 reviews,CEO & General Management
Chief Executive Officer,"4,798",$225K,4.60%,4.1,Based on 109 reviews,CEO & General Management
Business Manager,"11,343",$115K,9.20%,4.1,Based on 80 reviews,CEO & General Management
Workforce Coordinator,100,$80K,,2.6,Based on 5 reviews,Call Centre & Customer Service
Work Adviser,121,$78K,,3,Based on 1 review,Call Centre & Customer Service
Telemarketer,"1,296",$60K,,3.8,Based on 6 reviews,Call Centre & Customer Service
Team Manager,"19,951",$100K,9.20%,4.1,Based on 11 reviews,Call Centre & Customer Service
Support Team Leader,"36,298",$100K,,3,Based on 1 review,Call Centre & Customer Service
Support Representative,,,,,,Call Centre & Customer Service
Settlements Specialist,100,$70K,,3.5,Based on 2 reviews,Call Centre & Customer Service
Services Officer,"2,284",$78K,,3,Based on 22 reviews,Call Centre & Customer Service
Service Delivery Officer,"1,950",$68K,,3.9,Based on 7 reviews,Call Centre & Customer Service
Service Agent,469,$68K,,3,Based on 2 reviews,Call Centre & Customer Service
Retention Specialist,100,$80K,,4,Based on 1 review,Call Centre & Customer Service
Retention Consultant,100,$70K,,3,Based on 1 review,Call Centre & Customer Service
Response Officer,100,$78K,,3,Based on 1 review,Call Centre & Customer Service
Resolutions Officer,100,$75K,,2,Based on 1 review,Call Centre & Customer Service
Recoveries Officer,100,$65K,,,,Call Centre & Customer Service
Optimisation Manager,100,$140K,,1,Based on 1 review,Call Centre & Customer Service
Operations Representative,,,,,,Call Centre & Customer Service
Operations Consultant,100,$68K,,4,Based on 3 reviews,Call Centre & Customer Service
Licensing Officer,100,$80K,,4.5,Based on 2 reviews,Call Centre & Customer Service
Lending Consultant,100,$75K,,3,Based on 3 reviews,Call Centre & Customer Service
Helpdesk Operator,349,,,3,Based on 1 review,Call Centre & Customer Service
Experience Consultant,"1,511",$70K,,,,Call Centre & Customer Service
Enquiries Officer,100,$73K,,,,Call Centre & Customer Service
Customer Support Officer,"18,004",$65K,3.00%,3.7,Based on 44 reviews,Call Centre & Customer Service
Customer Specialist,"1,715",$73K,0.70%,,,Call Centre & Customer Service
Customer Service Team Leader,"34,391",$85K,,3.3,Based on 9 reviews,Call Centre & Customer Service
Customer Service Representative,"44,061",$65K,0.70%,3.7,Based on 408 reviews,Call Centre & Customer Service
Customer Service Manager,"19,221",$83K,,3.8,Based on 61 reviews,Call Centre & Customer Service
Customer Service Call Centre Representative,"1,564",$63K,,3.2,Based on 53 reviews,Call Centre & Customer Service
Customer Service Adviser,315,$63K,,3.9,Based on 10 reviews,Call Centre & Customer Service
Customer Experience Specialist,"7,045",$70K,,3.5,Based on 2 reviews,Call Centre & Customer Service
Customer Experience Manager,"16,975",$75K,,3.8,Based on 4 reviews,Call Centre & Customer Service
Customer Experience Consultant,"8,039",$65K,,3.6,Based on 7 reviews,Call Centre & Customer Service
Customer Consultant,"1,516",$65K,,3,Based on 3 reviews,Call Centre & Customer Service
Customer Care Specialist,"1,667",$68K,,3.8,Based on 4 reviews,Call Centre & Customer Service
Contact Centre Team Leader,"2,605",$85K,,2.8,Based on 4 reviews,Call Centre & Customer Service
Contact Centre Specialist,433,$63K,,1.5,Based on 2 reviews,Call Centre & Customer Service
Contact Centre Manager,"2,027",$130K,3.40%,4.5,Based on 6 reviews,Call Centre & Customer Service
Contact Centre Adviser,,,,,,Call Centre & Customer Service
Contact Center Sales Representative,"2,217",$60K,,3.6,Based on 8 reviews,Call Centre & Customer Service
Complaints Officer,100,$88K,,1,Based on 1 review,Call Centre & Customer Service
Collections Team Leader,"1,240",$83K,,5,Based on 2 reviews,Call Centre & Customer Service
Collections Officer,625,$70K,,3.8,Based on 41 reviews,Call Centre & Customer Service
Collections Manager,289,$110K,,4.5,Based on 2 reviews,Call Centre & Customer Service
Centre Team Leader,"3,193",$80K,,,,Call Centre & Customer Service
Centre Supervisor,114,$103K,7.30%,,,Call Centre & Customer Service
Call Centre Operator,"3,228",$65K,0.70%,3.6,Based on 72 reviews,Call Centre & Customer Service
Bookings Consultant,100,$55K,,1,Based on 1 review,Call Centre & Customer Service
Appointment Setter,708,$68K,0.10%,3.8,Based on 12 reviews,Call Centre & Customer Service
Treasurer,100,$315K,21.30%,4.4,Based on 7 reviews,Banking & Financial Services
Teller,421,$63K,,4,Based on 4 reviews,Banking & Financial Services
Strategist,"21,094",$100K,,,,Banking & Financial Services
Stockbroker,,,,,,Banking & Financial Services
Settlements Officer,181,$68K,,3.7,Based on 6 reviews,Banking & Financial Services
Settlements Manager,100,$100K,,,,Banking & Financial Services
Settlements Associate,,,,,,Banking & Financial Services
Services Analyst,296,$80K,,,,Banking & Financial Services
Service Associate,921,$60K,,,,Banking & Financial Services
Risk and Compliance Manager,"3,435",$140K,,4.4,Based on 5 reviews,Banking & Financial Services
Risk Officer,184,$95K,,4,Based on 5 reviews,Banking & Financial Services
Risk Manager,"2,428",$140K,10.20%,3.4,Based on 7 reviews,Banking & Financial Services
Risk Analyst,367,$115K,10.20%,3.5,Based on 11 reviews,Banking & Financial Services
Remediation Manager,100,,,5,Based on 1 review,Banking & Financial Services
Relationship Executive,368,$150K,4.40%,,,Banking & Financial Services
Relationship Director,135,$185K,,5,Based on 1 review,Banking & Financial Services
Relationship Consultant,316,$78K,,3,Based on 1 review,Banking & Financial Services
Relationship Assistant,,,,,,Banking & Financial Services
Paraplanner,"1,774",$85K,-0.30%,4,Based on 25 reviews,Banking & Financial Services
Mortgage Broker,"1,088",$90K,10.70%,3.9,Based on 48 reviews,Banking & Financial Services
Member Consultant,164,$58K,,5,Based on 1 review,Banking & Financial Services
Loans Officer,123,$68K,,3,Based on 1 review,Banking & Financial Services
Loan Processor,399,$75K,,3.7,Based on 3 reviews,Banking & Financial Services
Loan Administrator,100,$70K,,,,Banking & Financial Services
Liaison Manager,145,$140K,,,,Banking & Financial Services
Lending Specialist,124,$83K,,4,Based on 2 reviews,Banking & Financial Services
Lending Officer,100,$70K,6.40%,3,Based on 2 reviews,Banking & Financial Services
Lending Manager,232,$105K,,4,Based on 3 reviews,Banking & Financial Services
Lending Analyst,100,$80K,,4,Based on 1 review,Banking & Financial Services
Lending Adviser,100,$115K,,2,Based on 1 review,Banking & Financial Services
Investment Manager,249,$150K,,4,Based on 3 reviews,Banking & Financial Services
Implementation Officer,116,$85K,,,,Banking & Financial Services
Fund Manager,305,,10.70%,4.3,Based on 3 reviews,Banking & Financial Services
Fund Accountant,"1,290",$100K,9.20%,3.7,Based on 6 reviews,Banking & Financial Services
Financial Planner,"8,429",$125K,10.70%,3.7,Based on 50 reviews,Banking & Financial Services
Financial Adviser,434,$125K,10.70%,3.8,Based on 31 reviews,Banking & Financial Services
Finance Broker,"1,069",$100K,14.20%,4.3,Based on 4 reviews,Banking & Financial Services
Desk Assistant,100,$75K,,,,Banking & Financial Services
Customer Adviser,301,$68K,0.70%,3.6,Based on 20 reviews,Banking & Financial Services
Credit Specialist,100,$85K,,3,Based on 1 review,Banking & Financial Services
Credit Manager,717,$115K,,3.3,Based on 7 reviews,Banking & Financial Services
Credit Analyst,510,$90K,22.30%,4.2,Based on 11 reviews,Banking & Financial Services
Compliance Specialist,122,$115K,,4.5,Based on 2 reviews,Banking & Financial Services
Compliance Officer,"1,343",$85K,11.80%,3.7,Based on 46 reviews,Banking & Financial Services
Compliance Manager,"1,304",$125K,17.50%,3.6,Based on 37 reviews,Banking & Financial Services
Compliance Analyst,129,$105K,,4.3,Based on 3 reviews,Banking & Financial Services
Client Services Officer,"30,904",$70K,3.40%,3.5,Based on 87 reviews,Banking & Financial Services
Client Services Manager,"11,446",$83K,,3.7,Based on 18 reviews,Banking & Financial Services
Banking Specialist,141,$58K,,4,Based on 2 reviews,Banking & Financial Services
Banking Officer,100,$68K,,5,Based on 2 reviews,Banking & Financial Services
Banking Manager,132,$120K,,3,Based on 1 review,Banking & Financial Services
Banking Adviser,100,$95K,,4.4,Based on 5 reviews,Banking & Financial Services
Banker,"5,645",$110K,-17.60%,3.4,Based on 9 reviews,Banking & Financial Services
Bank Teller,662,$40K,-17.60%,3.6,Based on 27 reviews,Banking & Financial Services
Assurance Specialist,100,$130K,,,,Banking & Financial Services
Assurance Officer,130,$93K,,,,Banking & Financial Services
Anti Money Laundering Analyst,100,,,4.5,Based on 2 reviews,Banking & Financial Services
Analyst,"7,754",$100K,,3.6,Based on 41 reviews,Banking & Financial Services
Advice Manager,686,,,4,Based on 1 review,Banking & Financial Services
Advice Consultant,,,,,,Banking & Financial Services
Writer,"11,559",$85K,7.10%,4.4,Based on 9 reviews,"Advertising, Arts & Media"
Videographer,349,$80K,,3.8,Based on 11 reviews,"Advertising, Arts & Media"
Video Editor,"1,138",$75K,,4.3,Based on 11 reviews,"Advertising, Arts & Media"
Sound Technician,100,,8.00%,3.7,Based on 3 reviews,"Advertising, Arts & Media"
Reporter,197,$75K,7.10%,4,Based on 2 reviews,"Advertising, Arts & Media"
Publisher,653,$98K,,5,Based on 1 review,"Advertising, Arts & Media"
Producer,"1,850",$90K,0.80%,4.5,Based on 21 reviews,"Advertising, Arts & Media"
Planning Director,200,$215K,,,,"Advertising, Arts & Media"
Photographer,"1,005",$65K,1.00%,4.5,Based on 77 reviews,"Advertising, Arts & Media"
Musician,"1,327",,,4.3,Based on 3 reviews,"Advertising, Arts & Media"
Media Executive,100,$70K,,,,"Advertising, Arts & Media"
Media Assistant,144,$40K,,,,"Advertising, Arts & Media"
Journalist,"1,067",$73K,7.10%,4.2,Based on 41 reviews,"Advertising, Arts & Media"
Editor,"8,394",$100K,11.00%,4,Based on 46 reviews,"Advertising, Arts & Media"
Curator,176,$83K,,4.3,Based on 4 reviews,"Advertising, Arts & Media"
Creative Director,216,$130K,0.80%,4.3,Based on 12 reviews,"Advertising, Arts & Media"
Camera Operator,100,$65K,4.30%,4.5,Based on 4 reviews,"Advertising, Arts & Media"
Artist,788,$90K,0.80%,4.2,Based on 33 reviews,"Advertising, Arts & Media"
Art Director,121,$108K,0.80%,4.3,Based on 3 reviews,"Advertising, Arts & Media"
Announcer,24,$65K,,,,"Advertising, Arts & Media"
Advertising Specialist,100,$75K,11.40%,,,"Advertising, Arts & Media"
Advertising Manager,100,$95K,4.40%,4,Based on 4 reviews,"Advertising, Arts & Media"
Actor,61,,0.10%,4.4,Based on 28 reviews,"Advertising, Arts & Media"
Works Coordinator,"1,367",$90K,,,,Administration & Office Support
Weighbridge Operator,100,$75K,,4.6,Based on 5 reviews,Administration & Office Support
Virtual Assistant,109,,,4.5,Based on 13 reviews,Administration & Office Support
Typist,"1,569",,,4,Based on 1 review,Administration & Office Support
Team Coordinator,"3,172",$85K,,4.6,Based on 7 reviews,Administration & Office Support
Team Assistant,"5,717",$78K,,3.5,Based on 10 reviews,Administration & Office Support
Team Administrator,"7,298",$75K,,4,Based on 4 reviews,Administration & Office Support
Support Officer,"2,962",$78K,,3.9,Based on 34 reviews,Administration & Office Support
Studio Coordinator,100,$75K,,,,Administration & Office Support
Solutions Officer,,,,,,Administration & Office Support
Site Administrator,"1,743",$85K,9.30%,4.3,Based on 29 reviews,Administration & Office Support
Site Administration Officer,297,$83K,7.30%,,,Administration & Office Support
Services Clerk,100,$60K,2.20%,4,Based on 1 review,Administration & Office Support
Service Coordinator,"3,748",$78K,,4,Based on 61 reviews,Administration & Office Support
Service Assistant,"1,426",$63K,0.70%,2.9,Based on 16 reviews,Administration & Office Support
Service Administrator,653,$70K,,4,Based on 17 reviews,Administration & Office Support
Secretary,"3,163",$70K,-19.60%,3.8,Based on 29 reviews,Administration & Office Support
Secretariat,371,$98K,,5,Based on 1 review,Administration & Office Support
Screening Officer,91,$75K,,2,Based on 1 review,Administration & Office Support
School Officer,311,$73K,,4.7,Based on 9 reviews,Administration & Office Support
Scheduling Coordinator,414,$70K,,4,Based on 6 reviews,Administration & Office Support
Sales Administration Officer,"1,091",$68K,,4.3,Based on 3 reviews,Administration & Office Support
Resource Officer,218,$80K,,,,Administration & Office Support
Reporting Officer,773,$85K,,,,Administration & Office Support
Reporting Administrator,111,$75K,,,,Administration & Office Support
Relationship Officer,"3,688",$78K,,4.3,Based on 4 reviews,Administration & Office Support
Relations Coordinator,139,$78K,5.40%,,,Administration & Office Support
Records Officer,"2,774",$75K,2.10%,4.3,Based on 8 reviews,Administration & Office Support
Receptionist,"28,590",$60K,2.10%,3.9,Based on 241 reviews,Administration & Office Support
Project Administrator,"4,170",$80K,9.30%,4.2,Based on 60 reviews,Administration & Office Support
Processing Administrator,,,,,,Administration & Office Support
Planning Administrator,100,$73K,,,,Administration & Office Support
Personal Assistant,"5,412",$78K,-0.10%,4.1,Based on 74 reviews,Administration & Office Support
Performance Officer,100,$95K,,,,Administration & Office Support
Operations Officer,767,$80K,,3.8,Based on 22 reviews,Administration & Office Support
Operations Coordinator,"1,892",$80K,,3.4,Based on 41 reviews,Administration & Office Support
Operations Assistant,587,$65K,11.10%,3.9,Based on 18 reviews,Administration & Office Support
Operations Administrator,222,$70K,,3.6,Based on 14 reviews,Administration & Office Support
Operations Administration Officer,621,$73K,,,,Administration & Office Support
Officer,"14,546",$85K,,3.6,Based on 24 reviews,Administration & Office Support
Office Manager,"19,095",$83K,4.90%,4,Based on 119 reviews,Administration & Office Support
Office Coordinator,872,$73K,,4,Based on 8 reviews,Administration & Office Support
Office Clerk,"1,348",$58K,,3,Based on 3 reviews,Administration & Office Support
Office Assistant,"9,832",$60K,12.90%,4,Based on 31 reviews,Administration & Office Support
Office Allrounder,653,$60K,,5,Based on 5 reviews,Administration & Office Support
Office Administrator,"11,172",$65K,4.90%,3.9,Based on 97 reviews,Administration & Office Support
Management Coordinator,419,$105K,,,,Administration & Office Support
Management Assistant,464,$75K,,,,Administration & Office Support
Management Administrator,171,$75K,,,,Administration & Office Support
Information Officer,389,$80K,,2,Based on 3 reviews,Administration & Office Support
Hire Coordinator,126,$78K,,3,Based on 1 review,Administration & Office Support
Governance Coordinator,100,$105K,,4,Based on 1 review,Administration & Office Support
Executive Officer,"1,522",$115K,7.90%,4.3,Based on 33 reviews,Administration & Office Support
Executive Assistant,"5,890",$95K,-0.10%,4,Based on 213 reviews,Administration & Office Support
Documentation Coordinator,100,$78K,,4,Based on 1 review,Administration & Office Support
Document Controller,"1,621",$93K,,4.1,Based on 15 reviews,Administration & Office Support
Data Entry Operator,306,$60K,12.90%,3.9,Based on 33 reviews,Administration & Office Support
Data Entry Clerk,282,$58K,,4,Based on 11 reviews,Administration & Office Support
Data Administrator,107,$75K,38.90%,5,Based on 2 reviews,Administration & Office Support
Customer Service Administrator,"1,575",$65K,,3.5,Based on 12 reviews,Administration & Office Support
Court Registry Officer,100,N/A,,3.5,Based on 2 reviews,Administration & Office Support
Coordinator,"27,314",$95K,,4.2,Based on 55 reviews,Administration & Office Support
Content Administrator,100,$68K,,,,Administration & Office Support
Compliance Coordinator,224,$90K,,,,Administration & Office Support
Client Services Administrator,829,$70K,,4,Based on 2 reviews,Administration & Office Support
Centre Operator,136,$65K,,,,Administration & Office Support
Business Support Officer,"3,772",$78K,,4,Based on 46 reviews,Administration & Office Support
Business Administrator,196,$75K,13.60%,3.7,Based on 14 reviews,Administration & Office Support
Building Administrator,100,$70K,,,,Administration & Office Support
Attendance Officer,,,,,,Administration & Office Support
Assessment Officer,114,$90K,,4.3,Based on 12 reviews,Administration & Office Support
Administration Support Officer,"5,280",$68K,12.90%,3.8,Based on 42 reviews,Administration & Office Support
Administration Specialist,214,$68K,,4.5,Based on 2 reviews,Administration & Office Support
Administration Officer,"16,308",$68K,4.90%,3.9,Based on 829 reviews,Administration & Office Support
Administration Manager,"7,377",$85K,13.60%,4.1,Based on 78 reviews,Administration & Office Support
Administration Coordinator,"5,931",$70K,,4.3,Based on 20 reviews,Administration & Office Support
Administration Consultant,146,$68K,,3,Based on 2 reviews,Administration & Office Support
Administration Clerk,"3,959",$60K,,3.6,Based on 21 reviews,Administration & Office Support
Account Administration Assistant,505,$58K,0.90%,,,Administration & Office Support
Trust Officer,100,,,4,Based on 2 reviews,Accounting
Taxation Manager,242,$135K,,2.5,Based on 2 reviews,Accounting
Taxation Consultant,100,$95K,9.20%,3.9,Based on 18 reviews,Accounting
Taxation Adviser,362,$125K,9.20%,3,Based on 2 reviews,Accounting
Taxation Accountant,"2,942",$85K,9.20%,3.6,Based on 23 reviews,Accounting
Tax Agent,"1,451",$88K,9.20%,5,Based on 2 reviews,Accounting
Systems Accountant,"5,101",$120K,12.90%,4.2,Based on 5 reviews,Accounting
Settlements Administrator,,,,,,Accounting
Services Consultant,"3,103",$73K,,4,Based on 2 reviews,Accounting
Reconciliations Officer,627,$70K,,,,Accounting
Project Accountant,"4,710",$113K,9.20%,3.5,Based on 12 reviews,Accounting
Pricing Analyst,304,$100K,5.40%,,,Accounting
Payroll and Accounts Officer,667,$75K,,4,Based on 1 review,Accounting
Payroll Specialist,821,$95K,,4.3,Based on 3 reviews,Accounting
Payroll Officer,"1,709",$83K,4.90%,3.9,Based on 106 reviews,Accounting
Payroll Manager,"1,252",$135K,,4.1,Based on 16 reviews,Accounting
Payroll Coordinator,100,$85K,,,,Accounting
Payroll Consultant,106,$85K,,4.2,Based on 5 reviews,Accounting
Payroll Clerk,202,$70K,,5,Based on 2 reviews,Accounting
Payroll Adviser,100,$93K,,,,Accounting
Payroll Administrator,857,$75K,,4.3,Based on 6 reviews,Accounting
Payroll Administration Officer,311,$75K,,,,Accounting
Payments Officer,100,$73K,,5,Based on 1 review,Accounting
Management Accountant,"12,669",$105K,9.20%,3.8,Based on 25 reviews,Accounting
Invoicing Officer,100,$68K,,,,Accounting
Internal Auditor,"3,122",$105K,11.10%,4,Based on 30 reviews,Accounting
Insolvency Manager,100,$125K,,,,Accounting
Head of Finance,"4,266",$190K,,4.5,Based on 2 reviews,Accounting
Group Accountant,"6,860",$115K,9.20%,5,Based on 1 review,Accounting
Forensic Accountant,208,$90K,11.10%,,,Accounting
Financial Officer,965,$78K,-0.30%,4,Based on 49 reviews,Accounting
Financial Manager,"1,285",$115K,11.70%,4,Based on 3 reviews,Accounting
Financial Controller,"5,814",$155K,11.70%,4.1,Based on 44 reviews,Accounting
Financial Analyst,"4,045",$100K,32.20%,3.7,Based on 59 reviews,Accounting
Financial Administrator,140,$78K,,4.4,Based on 12 reviews,Accounting
Financial Accountant,"9,670",$103K,9.20%,3.6,Based on 58 reviews,Accounting
Finance Manager,"8,520",$135K,11.70%,3.9,Based on 121 reviews,Accounting
Finance Director,"2,934",$190K,,4.2,Based on 5 reviews,Accounting
Finance Coordinator,100,$80K,,4.5,Based on 2 reviews,Accounting
Finance Business Partner,"4,034",$135K,10.70%,3,Based on 13 reviews,Accounting
Credit Officer,"1,801",$75K,,4.1,Based on 13 reviews,Accounting
Credit Controller,"1,511",$80K,11.70%,4.1,Based on 21 reviews,Accounting
Cost Controller,"3,537",$125K,,3.5,Based on 4 reviews,Accounting
Cost Accountant,"1,725",$110K,9.20%,3.7,Based on 3 reviews,Accounting
Company Secretary,"1,106",$170K,,3.5,Based on 2 reviews,Accounting
Company Accountant,"9,097",$100K,9.20%,4.2,Based on 16 reviews,Accounting
Commercial Analyst,"2,543",$115K,22.30%,3.9,Based on 12 reviews,Accounting
Claims Analyst,,,,,,Accounting
Chief Financial Officer,"3,753",$235K,7.90%,4.2,Based on 36 reviews,Accounting
Business Services Manager,"10,344",$133K,,4,Based on 6 reviews,Accounting
Business Services Accountant,"3,020",$80K,9.20%,4,Based on 2 reviews,Accounting
Business Advisory Manager,654,$133K,13.60%,,,Accounting
Bookkeeper,"6,967",$75K,-5.60%,4.3,Based on 131 reviews,Accounting
Billing Officer,169,$75K,,2,Based on 1 review,Accounting
Billing Clerk,100,$68K,,5,Based on 1 review,Accounting
Auditor,"7,240",$80K,11.10%,3.7,Based on 35 reviews,Accounting
Audit Supervisor,100,$100K,,5,Based on 2 reviews,Accounting
Audit Specialist,100,$120K,,,,Accounting
Audit Manager,698,$128K,,3,Based on 1 review,Accounting
Audit Director,100,$190K,,5,Based on 1 review,Accounting
Assistant Accountant,"6,366",$78K,9.20%,3.9,Based on 111 reviews,Accounting
Accounts Supervisor,100,$85K,,5,Based on 1 review,Accounting
Accounts Receivable Officer,"1,644",$75K,4.30%,4.2,Based on 56 reviews,Accounting
Accounts Payable Officer,"1,483",$75K,4.30%,3.8,Based on 89 reviews,Accounting
Accounts Payable Assistant,502,$60K,4.30%,3,Based on 2 reviews,Accounting
Accounts Officer,"3,834",$70K,4.30%,4.2,Based on 80 reviews,Accounting
Accounts Manager,"19,818",$90K,9.20%,4.3,Based on 25 reviews,Accounting
Accounts Clerk,"2,341",$65K,4.30%,3.9,Based on 14 reviews,Accounting
Accounts Assistant,"3,272",$70K,4.30%,4,Based on 31 reviews,Accounting
Accounts Administrator,"2,048",$70K,4.30%,4.1,Based on 29 reviews,Accounting
Accounting Supervisor,100,$110K,,,,Accounting
Accounting Officer,"1,829",$75K,9.20%,3.5,Based on 2 reviews,Accounting
Accounting Manager,"3,321",$135K,,4,Based on 2 reviews,Accounting
Accountant,"19,166",$80K,9.20%,3.9,Based on 161 reviews,Accounting
